INFO:     Started server process [33334]
INFO:     Waiting for application startup.
2026-08-19 19:44:16,976 vision INFO Procesando fuente tipo=video ruta=samples/video_demo.mp4
INFO:     Application startup complete.
INFO:     Uvicorn running on http://127.0.0.1:8002 (Press CTRL+C to quit)
2026-08-19 19:44:20,767 httpx INFO HTTP Request: POST http://localhost:8000/api/v1/eventos/ingest "HTTP/1.1 201 Created"
2026-08-19 19:44:20,768 vision INFO frame=30 detectados=10 enviado=True
2026-08-19 19:44:21,381 httpx INFO HTTP Request: POST http://localhost:8000/api/v1/eventos/ingest "HTTP/1.1 201 Created"
2026-08-19 19:44:21,382 vision INFO frame=60 detectados=6 enviado=True
2026-08-19 19:44:21,843 httpx INFO HTTP Request: POST http://localhost:8000/api/v1/eventos/ingest "HTTP/1.1 201 Created"
2026-08-19 19:44:21,844 vision INFO frame=90 detectados=8 enviado=True
2026-08-19 19:44:22,351 httpx INFO HTTP Request: POST http://localhost:8000/api/v1/eventos/ingest "HTTP/1.1 201 Created"
2026-08-19 19:44:22,352 vision INFO frame=120 detectados=10 enviado=True
2026-08-19 19:44:22,795 httpx INFO HTTP Request: POST http://localhost:8000/api/v1/eventos/ingest "HTTP/1.1 201 Created"
2026-08-19 19:44:22,796 vision INFO frame=150 detectados=7 enviado=True
2026-08-19 19:44:23,286 httpx INFO HTTP Request: POST http://localhost:8000/api/v1/eventos/ingest "HTTP/1.1 201 Created"
2026-08-19 19:44:23,286 vision INFO frame=180 detectados=9 enviado=True
2026-08-19 19:44:23,800 httpx INFO HTTP Request: POST http://localhost:8000/api/v1/eventos/ingest "HTTP/1.1 201 Created"
2026-08-19 19:44:23,801 vision INFO frame=210 detectados=10 enviado=True
2026-08-19 19:44:24,292 httpx INFO HTTP Request: POST http://localhost:8000/api/v1/eventos/ingest "HTTP/1.1 201 Created"
2026-08-19 19:44:24,293 vision INFO frame=240 detectados=8 enviado=True
2026-08-19 19:44:24,801 httpx INFO HTTP Request: POST http://localhost:8000/api/v1/eventos/ingest "HTTP/1.1 201 Created"
2026-08-19 19:44:24,802 vision INFO frame=270 detectados=9 enviado=True
2026-08-19 19:44:30,367 httpx INFO HTTP Request: POST http://localhost:8000/api/v1/eventos/ingest "HTTP/1.1 201 Created"
2026-08-19 19:44:30,368 vision INFO frame=300 detectados=10 enviado=True
2026-08-19 19:44:35,330 httpx INFO HTTP Request: POST http://localhost:8000/api/v1/eventos/ingest "HTTP/1.1 201 Created"
2026-08-19 19:44:35,331 vision INFO frame=330 detectados=8 enviado=True
2026-08-19 19:44:40,440 httpx INFO HTTP Request: POST http://localhost:8000/api/v1/eventos/ingest "HTTP/1.1 201 Created"
2026-08-19 19:44:40,440 vision INFO frame=360 detectados=9 enviado=True
2026-08-19 19:44:45,345 httpx INFO HTTP Request: POST http://localhost:8000/api/v1/eventos/ingest "HTTP/1.1 201 Created"
2026-08-19 19:44:45,346 vision INFO frame=390 detectados=10 enviado=True
2026-08-19 19:44:50,413 httpx INFO HTTP Request: POST http://localhost:8000/api/v1/eventos/ingest "HTTP/1.1 201 Created"
2026-08-19 19:44:50,414 vision INFO frame=420 detectados=11 enviado=True
2026-08-19 19:44:55,363 httpx INFO HTTP Request: POST http://localhost:8000/api/v1/eventos/ingest "HTTP/1.1 201 Created"
2026-08-19 19:44:55,364 vision INFO frame=450 detectados=11 enviado=True
2026-08-19 19:44:55,820 httpx INFO HTTP Request: POST http://localhost:8000/api/v1/eventos/ingest "HTTP/1.1 201 Created"
2026-08-19 19:44:55,821 vision INFO frame=480 detectados=14 enviado=True
2026-08-19 19:44:56,301 httpx INFO HTTP Request: POST http://localhost:8000/api/v1/eventos/ingest "HTTP/1.1 201 Created"
2026-08-19 19:44:56,302 vision INFO frame=510 detectados=14 enviado=True
2026-08-19 19:45:01,275 httpx INFO HTTP Request: POST http://localhost:8000/api/v1/eventos/ingest "HTTP/1.1 201 Created"
2026-08-19 19:45:01,276 vision INFO frame=540 detectados=13 enviado=True
2026-08-19 19:45:11,741 src.backend_client ERROR Fallo al enviar evento frame 570
Traceback (most recent call last):
  File "/home/raftlee/Documentos/Workspace/prototipo-vigia/vision/.venv/lib/python3.12/site-packages/httpx/_transports/default.py", line 101, in map_httpcore_exceptions
    yield
  File "/home/raftlee/Documentos/Workspace/prototipo-vigia/vision/.venv/lib/python3.12/site-packages/httpx/_transports/default.py", line 394, in handle_async_request
    resp = await self._pool.handle_async_request(req)
           ^^^^^^^^^^^^^^^^^^^^^^^^^^^^^^^^^^^^^^^^^^
  File "/home/raftlee/Documentos/Workspace/prototipo-vigia/vision/.venv/lib/python3.12/site-packages/httpcore/_async/connection_pool.py", line 256, in handle_async_request
    raise exc from None
  File "/home/raftlee/Documentos/Workspace/prototipo-vigia/vision/.venv/lib/python3.12/site-packages/httpcore/_async/connection_pool.py", line 236, in handle_async_request
    response = await connection.handle_async_request(
               ^^^^^^^^^^^^^^^^^^^^^^^^^^^^^^^^^^^^^^
  File "/home/raftlee/Documentos/Workspace/prototipo-vigia/vision/.venv/lib/python3.12/site-packages/httpcore/_async/connection.py", line 103, in handle_async_request
    return await self._connection.handle_async_request(request)
           ^^^^^^^^^^^^^^^^^^^^^^^^^^^^^^^^^^^^^^^^^^^^^^^^^^^^
  File "/home/raftlee/Documentos/Workspace/prototipo-vigia/vision/.venv/lib/python3.12/site-packages/httpcore/_async/http11.py", line 136, in handle_async_request
    raise exc
  File "/home/raftlee/Documentos/Workspace/prototipo-vigia/vision/.venv/lib/python3.12/site-packages/httpcore/_async/http11.py", line 106, in handle_async_request
    ) = await self._receive_response_headers(**kwargs)
        ^^^^^^^^^^^^^^^^^^^^^^^^^^^^^^^^^^^^^^^^^^^^^^
  File "/home/raftlee/Documentos/Workspace/prototipo-vigia/vision/.venv/lib/python3.12/site-packages/httpcore/_async/http11.py", line 177, in _receive_response_headers
    event = await self._receive_event(timeout=timeout)
            ^^^^^^^^^^^^^^^^^^^^^^^^^^^^^^^^^^^^^^^^^^
  File "/home/raftlee/Documentos/Workspace/prototipo-vigia/vision/.venv/lib/python3.12/site-packages/httpcore/_async/http11.py", line 217, in _receive_event
    data = await self._network_stream.read(
           ^^^^^^^^^^^^^^^^^^^^^^^^^^^^^^^^
  File "/home/raftlee/Documentos/Workspace/prototipo-vigia/vision/.venv/lib/python3.12/site-packages/httpcore/_backends/anyio.py", line 32, in read
    with map_exceptions(exc_map):
  File "/usr/lib/python3.12/contextlib.py", line 158, in __exit__
    self.gen.throw(value)
  File "/home/raftlee/Documentos/Workspace/prototipo-vigia/vision/.venv/lib/python3.12/site-packages/httpcore/_exceptions.py", line 14, in map_exceptions
    raise to_exc(exc) from exc
httpcore.ReadTimeout

The above exception was the direct cause of the following exception:

Traceback (most recent call last):
  File "/home/raftlee/Documentos/Workspace/prototipo-vigia/vision/src/backend_client.py", line 19, in enviar
    resp = await client.post(self.url, json=evento)
           ^^^^^^^^^^^^^^^^^^^^^^^^^^^^^^^^^^^^^^^^
  File "/home/raftlee/Documentos/Workspace/prototipo-vigia/vision/.venv/lib/python3.12/site-packages/httpx/_client.py", line 1859, in post
    return await self.request(
           ^^^^^^^^^^^^^^^^^^^
  File "/home/raftlee/Documentos/Workspace/prototipo-vigia/vision/.venv/lib/python3.12/site-packages/httpx/_client.py", line 1540, in request
    return await self.send(request, auth=auth, follow_redirects=follow_redirects)
           ^^^^^^^^^^^^^^^^^^^^^^^^^^^^^^^^^^^^^^^^^^^^^^^^^^^^^^^^^^^^^^^^^^^^^^
  File "/home/raftlee/Documentos/Workspace/prototipo-vigia/vision/.venv/lib/python3.12/site-packages/httpx/_client.py", line 1629, in send
    response = await self._send_handling_auth(
               ^^^^^^^^^^^^^^^^^^^^^^^^^^^^^^^
  File "/home/raftlee/Documentos/Workspace/prototipo-vigia/vision/.venv/lib/python3.12/site-packages/httpx/_client.py", line 1657, in _send_handling_auth
    response = await self._send_handling_redirects(
               ^^^^^^^^^^^^^^^^^^^^^^^^^^^^^^^^^^^^
  File "/home/raftlee/Documentos/Workspace/prototipo-vigia/vision/.venv/lib/python3.12/site-packages/httpx/_client.py", line 1694, in _send_handling_redirects
    response = await self._send_single_request(request)
               ^^^^^^^^^^^^^^^^^^^^^^^^^^^^^^^^^^^^^^^^
  File "/home/raftlee/Documentos/Workspace/prototipo-vigia/vision/.venv/lib/python3.12/site-packages/httpx/_client.py", line 1730, in _send_single_request
    response = await transport.handle_async_request(request)
               ^^^^^^^^^^^^^^^^^^^^^^^^^^^^^^^^^^^^^^^^^^^^^
  File "/home/raftlee/Documentos/Workspace/prototipo-vigia/vision/.venv/lib/python3.12/site-packages/httpx/_transports/default.py", line 393, in handle_async_request
    with map_httpcore_exceptions():
  File "/usr/lib/python3.12/contextlib.py", line 158, in __exit__
    self.gen.throw(value)
  File "/home/raftlee/Documentos/Workspace/prototipo-vigia/vision/.venv/lib/python3.12/site-packages/httpx/_transports/default.py", line 118, in map_httpcore_exceptions
    raise mapped_exc(message) from exc
httpx.ReadTimeout
2026-08-19 19:45:23,771 src.backend_client ERROR Fallo al enviar evento frame 570
Traceback (most recent call last):
  File "/home/raftlee/Documentos/Workspace/prototipo-vigia/vision/.venv/lib/python3.12/site-packages/httpx/_transports/default.py", line 101, in map_httpcore_exceptions
    yield
  File "/home/raftlee/Documentos/Workspace/prototipo-vigia/vision/.venv/lib/python3.12/site-packages/httpx/_transports/default.py", line 394, in handle_async_request
    resp = await self._pool.handle_async_request(req)
           ^^^^^^^^^^^^^^^^^^^^^^^^^^^^^^^^^^^^^^^^^^
  File "/home/raftlee/Documentos/Workspace/prototipo-vigia/vision/.venv/lib/python3.12/site-packages/httpcore/_async/connection_pool.py", line 256, in handle_async_request
    raise exc from None
  File "/home/raftlee/Documentos/Workspace/prototipo-vigia/vision/.venv/lib/python3.12/site-packages/httpcore/_async/connection_pool.py", line 236, in handle_async_request
    response = await connection.handle_async_request(
               ^^^^^^^^^^^^^^^^^^^^^^^^^^^^^^^^^^^^^^
  File "/home/raftlee/Documentos/Workspace/prototipo-vigia/vision/.venv/lib/python3.12/site-packages/httpcore/_async/connection.py", line 103, in handle_async_request
    return await self._connection.handle_async_request(request)
           ^^^^^^^^^^^^^^^^^^^^^^^^^^^^^^^^^^^^^^^^^^^^^^^^^^^^
  File "/home/raftlee/Documentos/Workspace/prototipo-vigia/vision/.venv/lib/python3.12/site-packages/httpcore/_async/http11.py", line 136, in handle_async_request
    raise exc
  File "/home/raftlee/Documentos/Workspace/prototipo-vigia/vision/.venv/lib/python3.12/site-packages/httpcore/_async/http11.py", line 106, in handle_async_request
    ) = await self._receive_response_headers(**kwargs)
        ^^^^^^^^^^^^^^^^^^^^^^^^^^^^^^^^^^^^^^^^^^^^^^
  File "/home/raftlee/Documentos/Workspace/prototipo-vigia/vision/.venv/lib/python3.12/site-packages/httpcore/_async/http11.py", line 177, in _receive_response_headers
    event = await self._receive_event(timeout=timeout)
            ^^^^^^^^^^^^^^^^^^^^^^^^^^^^^^^^^^^^^^^^^^
  File "/home/raftlee/Documentos/Workspace/prototipo-vigia/vision/.venv/lib/python3.12/site-packages/httpcore/_async/http11.py", line 217, in _receive_event
    data = await self._network_stream.read(
           ^^^^^^^^^^^^^^^^^^^^^^^^^^^^^^^^
  File "/home/raftlee/Documentos/Workspace/prototipo-vigia/vision/.venv/lib/python3.12/site-packages/httpcore/_backends/anyio.py", line 32, in read
    with map_exceptions(exc_map):
  File "/usr/lib/python3.12/contextlib.py", line 158, in __exit__
    self.gen.throw(value)
  File "/home/raftlee/Documentos/Workspace/prototipo-vigia/vision/.venv/lib/python3.12/site-packages/httpcore/_exceptions.py", line 14, in map_exceptions
    raise to_exc(exc) from exc
httpcore.ReadTimeout

The above exception was the direct cause of the following exception:

Traceback (most recent call last):
  File "/home/raftlee/Documentos/Workspace/prototipo-vigia/vision/src/backend_client.py", line 19, in enviar
    resp = await client.post(self.url, json=evento)
           ^^^^^^^^^^^^^^^^^^^^^^^^^^^^^^^^^^^^^^^^
  File "/home/raftlee/Documentos/Workspace/prototipo-vigia/vision/.venv/lib/python3.12/site-packages/httpx/_client.py", line 1859, in post
    return await self.request(
           ^^^^^^^^^^^^^^^^^^^
  File "/home/raftlee/Documentos/Workspace/prototipo-vigia/vision/.venv/lib/python3.12/site-packages/httpx/_client.py", line 1540, in request
    return await self.send(request, auth=auth, follow_redirects=follow_redirects)
           ^^^^^^^^^^^^^^^^^^^^^^^^^^^^^^^^^^^^^^^^^^^^^^^^^^^^^^^^^^^^^^^^^^^^^^
  File "/home/raftlee/Documentos/Workspace/prototipo-vigia/vision/.venv/lib/python3.12/site-packages/httpx/_client.py", line 1629, in send
    response = await self._send_handling_auth(
               ^^^^^^^^^^^^^^^^^^^^^^^^^^^^^^^
  File "/home/raftlee/Documentos/Workspace/prototipo-vigia/vision/.venv/lib/python3.12/site-packages/httpx/_client.py", line 1657, in _send_handling_auth
    response = await self._send_handling_redirects(
               ^^^^^^^^^^^^^^^^^^^^^^^^^^^^^^^^^^^^
  File "/home/raftlee/Documentos/Workspace/prototipo-vigia/vision/.venv/lib/python3.12/site-packages/httpx/_client.py", line 1694, in _send_handling_redirects
    response = await self._send_single_request(request)
               ^^^^^^^^^^^^^^^^^^^^^^^^^^^^^^^^^^^^^^^^
  File "/home/raftlee/Documentos/Workspace/prototipo-vigia/vision/.venv/lib/python3.12/site-packages/httpx/_client.py", line 1730, in _send_single_request
    response = await transport.handle_async_request(request)
               ^^^^^^^^^^^^^^^^^^^^^^^^^^^^^^^^^^^^^^^^^^^^^
  File "/home/raftlee/Documentos/Workspace/prototipo-vigia/vision/.venv/lib/python3.12/site-packages/httpx/_transports/default.py", line 393, in handle_async_request
    with map_httpcore_exceptions():
  File "/usr/lib/python3.12/contextlib.py", line 158, in __exit__
    self.gen.throw(value)
  File "/home/raftlee/Documentos/Workspace/prototipo-vigia/vision/.venv/lib/python3.12/site-packages/httpx/_transports/default.py", line 118, in map_httpcore_exceptions
    raise mapped_exc(message) from exc
httpx.ReadTimeout
2026-08-19 19:45:37,813 src.backend_client ERROR Fallo al enviar evento frame 570
Traceback (most recent call last):
  File "/home/raftlee/Documentos/Workspace/prototipo-vigia/vision/.venv/lib/python3.12/site-packages/httpx/_transports/default.py", line 101, in map_httpcore_exceptions
    yield
  File "/home/raftlee/Documentos/Workspace/prototipo-vigia/vision/.venv/lib/python3.12/site-packages/httpx/_transports/default.py", line 394, in handle_async_request
    resp = await self._pool.handle_async_request(req)
           ^^^^^^^^^^^^^^^^^^^^^^^^^^^^^^^^^^^^^^^^^^
  File "/home/raftlee/Documentos/Workspace/prototipo-vigia/vision/.venv/lib/python3.12/site-packages/httpcore/_async/connection_pool.py", line 256, in handle_async_request
    raise exc from None
  File "/home/raftlee/Documentos/Workspace/prototipo-vigia/vision/.venv/lib/python3.12/site-packages/httpcore/_async/connection_pool.py", line 236, in handle_async_request
    response = await connection.handle_async_request(
               ^^^^^^^^^^^^^^^^^^^^^^^^^^^^^^^^^^^^^^
  File "/home/raftlee/Documentos/Workspace/prototipo-vigia/vision/.venv/lib/python3.12/site-packages/httpcore/_async/connection.py", line 103, in handle_async_request
    return await self._connection.handle_async_request(request)
           ^^^^^^^^^^^^^^^^^^^^^^^^^^^^^^^^^^^^^^^^^^^^^^^^^^^^
  File "/home/raftlee/Documentos/Workspace/prototipo-vigia/vision/.venv/lib/python3.12/site-packages/httpcore/_async/http11.py", line 136, in handle_async_request
    raise exc
  File "/home/raftlee/Documentos/Workspace/prototipo-vigia/vision/.venv/lib/python3.12/site-packages/httpcore/_async/http11.py", line 106, in handle_async_request
    ) = await self._receive_response_headers(**kwargs)
        ^^^^^^^^^^^^^^^^^^^^^^^^^^^^^^^^^^^^^^^^^^^^^^
  File "/home/raftlee/Documentos/Workspace/prototipo-vigia/vision/.venv/lib/python3.12/site-packages/httpcore/_async/http11.py", line 177, in _receive_response_headers
    event = await self._receive_event(timeout=timeout)
            ^^^^^^^^^^^^^^^^^^^^^^^^^^^^^^^^^^^^^^^^^^
  File "/home/raftlee/Documentos/Workspace/prototipo-vigia/vision/.venv/lib/python3.12/site-packages/httpcore/_async/http11.py", line 217, in _receive_event
    data = await self._network_stream.read(
           ^^^^^^^^^^^^^^^^^^^^^^^^^^^^^^^^
  File "/home/raftlee/Documentos/Workspace/prototipo-vigia/vision/.venv/lib/python3.12/site-packages/httpcore/_backends/anyio.py", line 32, in read
    with map_exceptions(exc_map):
  File "/usr/lib/python3.12/contextlib.py", line 158, in __exit__
    self.gen.throw(value)
  File "/home/raftlee/Documentos/Workspace/prototipo-vigia/vision/.venv/lib/python3.12/site-packages/httpcore/_exceptions.py", line 14, in map_exceptions
    raise to_exc(exc) from exc
httpcore.ReadTimeout

The above exception was the direct cause of the following exception:

Traceback (most recent call last):
  File "/home/raftlee/Documentos/Workspace/prototipo-vigia/vision/src/backend_client.py", line 19, in enviar
    resp = await client.post(self.url, json=evento)
           ^^^^^^^^^^^^^^^^^^^^^^^^^^^^^^^^^^^^^^^^
  File "/home/raftlee/Documentos/Workspace/prototipo-vigia/vision/.venv/lib/python3.12/site-packages/httpx/_client.py", line 1859, in post
    return await self.request(
           ^^^^^^^^^^^^^^^^^^^
  File "/home/raftlee/Documentos/Workspace/prototipo-vigia/vision/.venv/lib/python3.12/site-packages/httpx/_client.py", line 1540, in request
    return await self.send(request, auth=auth, follow_redirects=follow_redirects)
           ^^^^^^^^^^^^^^^^^^^^^^^^^^^^^^^^^^^^^^^^^^^^^^^^^^^^^^^^^^^^^^^^^^^^^^
  File "/home/raftlee/Documentos/Workspace/prototipo-vigia/vision/.venv/lib/python3.12/site-packages/httpx/_client.py", line 1629, in send
    response = await self._send_handling_auth(
               ^^^^^^^^^^^^^^^^^^^^^^^^^^^^^^^
  File "/home/raftlee/Documentos/Workspace/prototipo-vigia/vision/.venv/lib/python3.12/site-packages/httpx/_client.py", line 1657, in _send_handling_auth
    response = await self._send_handling_redirects(
               ^^^^^^^^^^^^^^^^^^^^^^^^^^^^^^^^^^^^
  File "/home/raftlee/Documentos/Workspace/prototipo-vigia/vision/.venv/lib/python3.12/site-packages/httpx/_client.py", line 1694, in _send_handling_redirects
    response = await self._send_single_request(request)
               ^^^^^^^^^^^^^^^^^^^^^^^^^^^^^^^^^^^^^^^^
  File "/home/raftlee/Documentos/Workspace/prototipo-vigia/vision/.venv/lib/python3.12/site-packages/httpx/_client.py", line 1730, in _send_single_request
    response = await transport.handle_async_request(request)
               ^^^^^^^^^^^^^^^^^^^^^^^^^^^^^^^^^^^^^^^^^^^^^
  File "/home/raftlee/Documentos/Workspace/prototipo-vigia/vision/.venv/lib/python3.12/site-packages/httpx/_transports/default.py", line 393, in handle_async_request
    with map_httpcore_exceptions():
  File "/usr/lib/python3.12/contextlib.py", line 158, in __exit__
    self.gen.throw(value)
  File "/home/raftlee/Documentos/Workspace/prototipo-vigia/vision/.venv/lib/python3.12/site-packages/httpx/_transports/default.py", line 118, in map_httpcore_exceptions
    raise mapped_exc(message) from exc
httpx.ReadTimeout
2026-08-19 19:45:45,815 src.backend_client ERROR Se agotaron los reintentos para el frame 570
2026-08-19 19:45:45,815 vision INFO frame=570 detectados=11 enviado=False
2026-08-19 19:45:56,494 src.backend_client ERROR Fallo al enviar evento frame 600
Traceback (most recent call last):
  File "/home/raftlee/Documentos/Workspace/prototipo-vigia/vision/.venv/lib/python3.12/site-packages/httpx/_transports/default.py", line 101, in map_httpcore_exceptions
    yield
  File "/home/raftlee/Documentos/Workspace/prototipo-vigia/vision/.venv/lib/python3.12/site-packages/httpx/_transports/default.py", line 394, in handle_async_request
    resp = await self._pool.handle_async_request(req)
           ^^^^^^^^^^^^^^^^^^^^^^^^^^^^^^^^^^^^^^^^^^
  File "/home/raftlee/Documentos/Workspace/prototipo-vigia/vision/.venv/lib/python3.12/site-packages/httpcore/_async/connection_pool.py", line 256, in handle_async_request
    raise exc from None
  File "/home/raftlee/Documentos/Workspace/prototipo-vigia/vision/.venv/lib/python3.12/site-packages/httpcore/_async/connection_pool.py", line 236, in handle_async_request
    response = await connection.handle_async_request(
               ^^^^^^^^^^^^^^^^^^^^^^^^^^^^^^^^^^^^^^
  File "/home/raftlee/Documentos/Workspace/prototipo-vigia/vision/.venv/lib/python3.12/site-packages/httpcore/_async/connection.py", line 103, in handle_async_request
    return await self._connection.handle_async_request(request)
           ^^^^^^^^^^^^^^^^^^^^^^^^^^^^^^^^^^^^^^^^^^^^^^^^^^^^
  File "/home/raftlee/Documentos/Workspace/prototipo-vigia/vision/.venv/lib/python3.12/site-packages/httpcore/_async/http11.py", line 136, in handle_async_request
    raise exc
  File "/home/raftlee/Documentos/Workspace/prototipo-vigia/vision/.venv/lib/python3.12/site-packages/httpcore/_async/http11.py", line 106, in handle_async_request
    ) = await self._receive_response_headers(**kwargs)
        ^^^^^^^^^^^^^^^^^^^^^^^^^^^^^^^^^^^^^^^^^^^^^^
  File "/home/raftlee/Documentos/Workspace/prototipo-vigia/vision/.venv/lib/python3.12/site-packages/httpcore/_async/http11.py", line 177, in _receive_response_headers
    event = await self._receive_event(timeout=timeout)
            ^^^^^^^^^^^^^^^^^^^^^^^^^^^^^^^^^^^^^^^^^^
  File "/home/raftlee/Documentos/Workspace/prototipo-vigia/vision/.venv/lib/python3.12/site-packages/httpcore/_async/http11.py", line 217, in _receive_event
    data = await self._network_stream.read(
           ^^^^^^^^^^^^^^^^^^^^^^^^^^^^^^^^
  File "/home/raftlee/Documentos/Workspace/prototipo-vigia/vision/.venv/lib/python3.12/site-packages/httpcore/_backends/anyio.py", line 32, in read
    with map_exceptions(exc_map):
  File "/usr/lib/python3.12/contextlib.py", line 158, in __exit__
    self.gen.throw(value)
  File "/home/raftlee/Documentos/Workspace/prototipo-vigia/vision/.venv/lib/python3.12/site-packages/httpcore/_exceptions.py", line 14, in map_exceptions
    raise to_exc(exc) from exc
httpcore.ReadTimeout

The above exception was the direct cause of the following exception:

Traceback (most recent call last):
  File "/home/raftlee/Documentos/Workspace/prototipo-vigia/vision/src/backend_client.py", line 19, in enviar
    resp = await client.post(self.url, json=evento)
           ^^^^^^^^^^^^^^^^^^^^^^^^^^^^^^^^^^^^^^^^
  File "/home/raftlee/Documentos/Workspace/prototipo-vigia/vision/.venv/lib/python3.12/site-packages/httpx/_client.py", line 1859, in post
    return await self.request(
           ^^^^^^^^^^^^^^^^^^^
  File "/home/raftlee/Documentos/Workspace/prototipo-vigia/vision/.venv/lib/python3.12/site-packages/httpx/_client.py", line 1540, in request
    return await self.send(request, auth=auth, follow_redirects=follow_redirects)
           ^^^^^^^^^^^^^^^^^^^^^^^^^^^^^^^^^^^^^^^^^^^^^^^^^^^^^^^^^^^^^^^^^^^^^^
  File "/home/raftlee/Documentos/Workspace/prototipo-vigia/vision/.venv/lib/python3.12/site-packages/httpx/_client.py", line 1629, in send
    response = await self._send_handling_auth(
               ^^^^^^^^^^^^^^^^^^^^^^^^^^^^^^^
  File "/home/raftlee/Documentos/Workspace/prototipo-vigia/vision/.venv/lib/python3.12/site-packages/httpx/_client.py", line 1657, in _send_handling_auth
    response = await self._send_handling_redirects(
               ^^^^^^^^^^^^^^^^^^^^^^^^^^^^^^^^^^^^
  File "/home/raftlee/Documentos/Workspace/prototipo-vigia/vision/.venv/lib/python3.12/site-packages/httpx/_client.py", line 1694, in _send_handling_redirects
    response = await self._send_single_request(request)
               ^^^^^^^^^^^^^^^^^^^^^^^^^^^^^^^^^^^^^^^^
  File "/home/raftlee/Documentos/Workspace/prototipo-vigia/vision/.venv/lib/python3.12/site-packages/httpx/_client.py", line 1730, in _send_single_request
    response = await transport.handle_async_request(request)
               ^^^^^^^^^^^^^^^^^^^^^^^^^^^^^^^^^^^^^^^^^^^^^
  File "/home/raftlee/Documentos/Workspace/prototipo-vigia/vision/.venv/lib/python3.12/site-packages/httpx/_transports/default.py", line 393, in handle_async_request
    with map_httpcore_exceptions():
  File "/usr/lib/python3.12/contextlib.py", line 158, in __exit__
    self.gen.throw(value)
  File "/home/raftlee/Documentos/Workspace/prototipo-vigia/vision/.venv/lib/python3.12/site-packages/httpx/_transports/default.py", line 118, in map_httpcore_exceptions
    raise mapped_exc(message) from exc
httpx.ReadTimeout
2026-08-19 19:46:02,944 httpx INFO HTTP Request: POST http://localhost:8000/api/v1/eventos/ingest "HTTP/1.1 201 Created"
2026-08-19 19:46:02,946 vision INFO frame=600 detectados=15 enviado=True
2026-08-19 19:46:08,199 httpx INFO HTTP Request: POST http://localhost:8000/api/v1/eventos/ingest "HTTP/1.1 201 Created"
2026-08-19 19:46:08,200 vision INFO frame=630 detectados=12 enviado=True
2026-08-19 19:46:13,403 httpx INFO HTTP Request: POST http://localhost:8000/api/v1/eventos/ingest "HTTP/1.1 201 Created"
2026-08-19 19:46:13,405 vision INFO frame=660 detectados=10 enviado=True
2026-08-19 19:46:18,669 httpx INFO HTTP Request: POST http://localhost:8000/api/v1/eventos/ingest "HTTP/1.1 201 Created"
2026-08-19 19:46:18,671 vision INFO frame=690 detectados=9 enviado=True
2026-08-19 19:46:24,013 httpx INFO HTTP Request: POST http://localhost:8000/api/v1/eventos/ingest "HTTP/1.1 201 Created"
2026-08-19 19:46:24,014 vision INFO frame=720 detectados=10 enviado=True
2026-08-19 19:46:29,398 httpx INFO HTTP Request: POST http://localhost:8000/api/v1/eventos/ingest "HTTP/1.1 201 Created"
2026-08-19 19:46:29,399 vision INFO frame=750 detectados=11 enviado=True
2026-08-19 19:46:34,689 httpx INFO HTTP Request: POST http://localhost:8000/api/v1/eventos/ingest "HTTP/1.1 201 Created"
2026-08-19 19:46:34,690 vision INFO frame=780 detectados=10 enviado=True
2026-08-19 19:46:40,553 httpx INFO HTTP Request: POST http://localhost:8000/api/v1/eventos/ingest "HTTP/1.1 201 Created"
2026-08-19 19:46:40,554 vision INFO frame=810 detectados=16 enviado=True
2026-08-19 19:46:45,797 httpx INFO HTTP Request: POST http://localhost:8000/api/v1/eventos/ingest "HTTP/1.1 201 Created"
2026-08-19 19:46:45,798 vision INFO frame=840 detectados=12 enviado=True
2026-08-19 19:46:51,091 httpx INFO HTTP Request: POST http://localhost:8000/api/v1/eventos/ingest "HTTP/1.1 201 Created"
2026-08-19 19:46:51,092 vision INFO frame=870 detectados=5 enviado=True
2026-08-19 19:46:56,192 httpx INFO HTTP Request: POST http://localhost:8000/api/v1/eventos/ingest "HTTP/1.1 201 Created"
2026-08-19 19:46:56,193 vision INFO frame=900 detectados=10 enviado=True
2026-08-19 19:47:01,665 httpx INFO HTTP Request: POST http://localhost:8000/api/v1/eventos/ingest "HTTP/1.1 201 Created"
2026-08-19 19:47:01,666 vision INFO frame=930 detectados=14 enviado=True
2026-08-19 19:47:06,855 httpx INFO HTTP Request: POST http://localhost:8000/api/v1/eventos/ingest "HTTP/1.1 201 Created"
2026-08-19 19:47:06,856 vision INFO frame=960 detectados=11 enviado=True
2026-08-19 19:47:12,113 httpx INFO HTTP Request: POST http://localhost:8000/api/v1/eventos/ingest "HTTP/1.1 201 Created"
2026-08-19 19:47:12,115 vision INFO frame=990 detectados=7 enviado=True
2026-08-19 19:47:17,543 httpx INFO HTTP Request: POST http://localhost:8000/api/v1/eventos/ingest "HTTP/1.1 201 Created"
2026-08-19 19:47:17,544 vision INFO frame=1020 detectados=7 enviado=True
2026-08-19 19:47:22,700 httpx INFO HTTP Request: POST http://localhost:8000/api/v1/eventos/ingest "HTTP/1.1 201 Created"
2026-08-19 19:47:22,701 vision INFO frame=1050 detectados=9 enviado=True
2026-08-19 19:47:27,817 httpx INFO HTTP Request: POST http://localhost:8000/api/v1/eventos/ingest "HTTP/1.1 201 Created"
2026-08-19 19:47:27,818 vision INFO frame=1080 detectados=12 enviado=True
2026-08-19 19:47:32,997 httpx INFO HTTP Request: POST http://localhost:8000/api/v1/eventos/ingest "HTTP/1.1 201 Created"
2026-08-19 19:47:32,998 vision INFO frame=1110 detectados=8 enviado=True
2026-08-19 19:47:38,199 httpx INFO HTTP Request: POST http://localhost:8000/api/v1/eventos/ingest "HTTP/1.1 201 Created"
2026-08-19 19:47:38,200 vision INFO frame=1140 detectados=6 enviado=True
2026-08-19 19:47:43,386 httpx INFO HTTP Request: POST http://localhost:8000/api/v1/eventos/ingest "HTTP/1.1 201 Created"
2026-08-19 19:47:43,387 vision INFO frame=1170 detectados=4 enviado=True
2026-08-19 19:47:43,439 vision INFO Bucle finalizado, reiniciando la fuente…
2026-08-19 19:47:50,087 httpx INFO HTTP Request: POST http://localhost:8000/api/v1/eventos/ingest "HTTP/1.1 201 Created"
2026-08-19 19:47:50,089 vision INFO frame=30 detectados=10 enviado=True
2026-08-19 19:47:55,365 httpx INFO HTTP Request: POST http://localhost:8000/api/v1/eventos/ingest "HTTP/1.1 201 Created"
2026-08-19 19:47:55,366 vision INFO frame=60 detectados=6 enviado=True
2026-08-19 19:48:00,684 httpx INFO HTTP Request: POST http://localhost:8000/api/v1/eventos/ingest "HTTP/1.1 201 Created"
2026-08-19 19:48:00,685 vision INFO frame=90 detectados=8 enviado=True
2026-08-19 19:48:05,904 httpx INFO HTTP Request: POST http://localhost:8000/api/v1/eventos/ingest "HTTP/1.1 201 Created"
2026-08-19 19:48:05,905 vision INFO frame=120 detectados=10 enviado=True
2026-08-19 19:48:11,100 httpx INFO HTTP Request: POST http://localhost:8000/api/v1/eventos/ingest "HTTP/1.1 201 Created"
2026-08-19 19:48:11,101 vision INFO frame=150 detectados=7 enviado=True
2026-08-19 19:48:16,300 httpx INFO HTTP Request: POST http://localhost:8000/api/v1/eventos/ingest "HTTP/1.1 201 Created"
2026-08-19 19:48:16,301 vision INFO frame=180 detectados=9 enviado=True
2026-08-19 19:48:21,551 httpx INFO HTTP Request: POST http://localhost:8000/api/v1/eventos/ingest "HTTP/1.1 201 Created"
2026-08-19 19:48:21,552 vision INFO frame=210 detectados=10 enviado=True
2026-08-19 19:48:26,837 httpx INFO HTTP Request: POST http://localhost:8000/api/v1/eventos/ingest "HTTP/1.1 201 Created"
2026-08-19 19:48:26,838 vision INFO frame=240 detectados=8 enviado=True
2026-08-19 19:48:32,039 httpx INFO HTTP Request: POST http://localhost:8000/api/v1/eventos/ingest "HTTP/1.1 201 Created"
2026-08-19 19:48:32,041 vision INFO frame=270 detectados=9 enviado=True
2026-08-19 19:48:38,176 httpx INFO HTTP Request: POST http://localhost:8000/api/v1/eventos/ingest "HTTP/1.1 201 Created"
2026-08-19 19:48:38,177 vision INFO frame=300 detectados=10 enviado=True
2026-08-19 19:48:43,569 httpx INFO HTTP Request: POST http://localhost:8000/api/v1/eventos/ingest "HTTP/1.1 201 Created"
2026-08-19 19:48:43,570 vision INFO frame=330 detectados=8 enviado=True
2026-08-19 19:48:49,828 httpx INFO HTTP Request: POST http://localhost:8000/api/v1/eventos/ingest "HTTP/1.1 201 Created"
2026-08-19 19:48:49,829 vision INFO frame=360 detectados=9 enviado=True
2026-08-19 19:48:55,628 httpx INFO HTTP Request: POST http://localhost:8000/api/v1/eventos/ingest "HTTP/1.1 201 Created"
2026-08-19 19:48:55,630 vision INFO frame=390 detectados=10 enviado=True
2026-08-19 19:49:01,284 httpx INFO HTTP Request: POST http://localhost:8000/api/v1/eventos/ingest "HTTP/1.1 201 Created"
2026-08-19 19:49:01,285 vision INFO frame=420 detectados=11 enviado=True
2026-08-19 19:49:06,982 httpx INFO HTTP Request: POST http://localhost:8000/api/v1/eventos/ingest "HTTP/1.1 201 Created"
2026-08-19 19:49:06,983 vision INFO frame=450 detectados=11 enviado=True
2026-08-19 19:49:07,631 httpx INFO HTTP Request: POST http://localhost:8000/api/v1/eventos/ingest "HTTP/1.1 201 Created"
2026-08-19 19:49:07,633 vision INFO frame=480 detectados=14 enviado=True
2026-08-19 19:49:08,118 httpx INFO HTTP Request: POST http://localhost:8000/api/v1/eventos/ingest "HTTP/1.1 201 Created"
2026-08-19 19:49:08,118 vision INFO frame=510 detectados=14 enviado=True
2026-08-19 19:49:13,559 httpx INFO HTTP Request: POST http://localhost:8000/api/v1/eventos/ingest "HTTP/1.1 201 Created"
2026-08-19 19:49:13,561 vision INFO frame=540 detectados=13 enviado=True
2026-08-19 19:49:19,919 httpx INFO HTTP Request: POST http://localhost:8000/api/v1/eventos/ingest "HTTP/1.1 201 Created"
2026-08-19 19:49:19,920 vision INFO frame=570 detectados=11 enviado=True
2026-08-19 19:49:25,741 httpx INFO HTTP Request: POST http://localhost:8000/api/v1/eventos/ingest "HTTP/1.1 201 Created"
2026-08-19 19:49:25,742 vision INFO frame=600 detectados=15 enviado=True
2026-08-19 19:49:31,168 httpx INFO HTTP Request: POST http://localhost:8000/api/v1/eventos/ingest "HTTP/1.1 201 Created"
2026-08-19 19:49:31,170 vision INFO frame=630 detectados=12 enviado=True
2026-08-19 19:49:37,090 httpx INFO HTTP Request: POST http://localhost:8000/api/v1/eventos/ingest "HTTP/1.1 201 Created"
2026-08-19 19:49:37,091 vision INFO frame=660 detectados=10 enviado=True
2026-08-19 19:49:42,292 httpx INFO HTTP Request: POST http://localhost:8000/api/v1/eventos/ingest "HTTP/1.1 201 Created"
2026-08-19 19:49:42,294 vision INFO frame=690 detectados=9 enviado=True
2026-08-19 19:49:47,492 httpx INFO HTTP Request: POST http://localhost:8000/api/v1/eventos/ingest "HTTP/1.1 201 Created"
2026-08-19 19:49:47,493 vision INFO frame=720 detectados=10 enviado=True
2026-08-19 19:49:52,692 httpx INFO HTTP Request: POST http://localhost:8000/api/v1/eventos/ingest "HTTP/1.1 201 Created"
2026-08-19 19:49:52,694 vision INFO frame=750 detectados=11 enviado=True
2026-08-19 19:49:57,869 httpx INFO HTTP Request: POST http://localhost:8000/api/v1/eventos/ingest "HTTP/1.1 201 Created"
2026-08-19 19:49:57,871 vision INFO frame=780 detectados=10 enviado=True
2026-08-19 19:50:03,088 httpx INFO HTTP Request: POST http://localhost:8000/api/v1/eventos/ingest "HTTP/1.1 201 Created"
2026-08-19 19:50:03,089 vision INFO frame=810 detectados=16 enviado=True
2026-08-19 19:50:08,799 httpx INFO HTTP Request: POST http://localhost:8000/api/v1/eventos/ingest "HTTP/1.1 201 Created"
2026-08-19 19:50:08,800 vision INFO frame=840 detectados=12 enviado=True
2026-08-19 19:50:14,376 httpx INFO HTTP Request: POST http://localhost:8000/api/v1/eventos/ingest "HTTP/1.1 201 Created"
2026-08-19 19:50:14,377 vision INFO frame=870 detectados=5 enviado=True
2026-08-19 19:50:19,646 httpx INFO HTTP Request: POST http://localhost:8000/api/v1/eventos/ingest "HTTP/1.1 201 Created"
2026-08-19 19:50:19,647 vision INFO frame=900 detectados=10 enviado=True
2026-08-19 19:50:25,073 httpx INFO HTTP Request: POST http://localhost:8000/api/v1/eventos/ingest "HTTP/1.1 201 Created"
2026-08-19 19:50:25,074 vision INFO frame=930 detectados=14 enviado=True
2026-08-19 19:50:30,594 httpx INFO HTTP Request: POST http://localhost:8000/api/v1/eventos/ingest "HTTP/1.1 201 Created"
2026-08-19 19:50:30,596 vision INFO frame=960 detectados=11 enviado=True
2026-08-19 19:50:37,123 httpx INFO HTTP Request: POST http://localhost:8000/api/v1/eventos/ingest "HTTP/1.1 201 Created"
2026-08-19 19:50:37,124 vision INFO frame=990 detectados=7 enviado=True
2026-08-19 19:50:43,318 httpx INFO HTTP Request: POST http://localhost:8000/api/v1/eventos/ingest "HTTP/1.1 201 Created"
2026-08-19 19:50:43,319 vision INFO frame=1020 detectados=7 enviado=True
2026-08-19 19:50:49,815 httpx INFO HTTP Request: POST http://localhost:8000/api/v1/eventos/ingest "HTTP/1.1 201 Created"
2026-08-19 19:50:49,816 vision INFO frame=1050 detectados=9 enviado=True
2026-08-19 19:50:55,071 httpx INFO HTTP Request: POST http://localhost:8000/api/v1/eventos/ingest "HTTP/1.1 201 Created"
2026-08-19 19:50:55,072 vision INFO frame=1080 detectados=12 enviado=True
2026-08-19 19:51:00,755 httpx INFO HTTP Request: POST http://localhost:8000/api/v1/eventos/ingest "HTTP/1.1 201 Created"
2026-08-19 19:51:00,757 vision INFO frame=1110 detectados=8 enviado=True
2026-08-19 19:51:06,705 httpx INFO HTTP Request: POST http://localhost:8000/api/v1/eventos/ingest "HTTP/1.1 201 Created"
2026-08-19 19:51:06,706 vision INFO frame=1140 detectados=6 enviado=True
2026-08-19 19:51:12,240 httpx INFO HTTP Request: POST http://localhost:8000/api/v1/eventos/ingest "HTTP/1.1 201 Created"
2026-08-19 19:51:12,241 vision INFO frame=1170 detectados=4 enviado=True
2026-08-19 19:51:12,287 vision INFO Bucle finalizado, reiniciando la fuente…
2026-08-19 19:51:18,569 httpx INFO HTTP Request: POST http://localhost:8000/api/v1/eventos/ingest "HTTP/1.1 201 Created"
2026-08-19 19:51:18,570 vision INFO frame=30 detectados=10 enviado=True
2026-08-19 19:51:23,809 httpx INFO HTTP Request: POST http://localhost:8000/api/v1/eventos/ingest "HTTP/1.1 201 Created"
2026-08-19 19:51:23,810 vision INFO frame=60 detectados=6 enviado=True
2026-08-19 19:51:29,056 httpx INFO HTTP Request: POST http://localhost:8000/api/v1/eventos/ingest "HTTP/1.1 201 Created"
2026-08-19 19:51:29,057 vision INFO frame=90 detectados=8 enviado=True
2026-08-19 19:51:34,261 httpx INFO HTTP Request: POST http://localhost:8000/api/v1/eventos/ingest "HTTP/1.1 201 Created"
2026-08-19 19:51:34,262 vision INFO frame=120 detectados=10 enviado=True
2026-08-19 19:51:39,520 httpx INFO HTTP Request: POST http://localhost:8000/api/v1/eventos/ingest "HTTP/1.1 201 Created"
2026-08-19 19:51:39,522 vision INFO frame=150 detectados=7 enviado=True
2026-08-19 19:51:44,993 httpx INFO HTTP Request: POST http://localhost:8000/api/v1/eventos/ingest "HTTP/1.1 201 Created"
2026-08-19 19:51:44,994 vision INFO frame=180 detectados=9 enviado=True
2026-08-19 19:51:50,202 httpx INFO HTTP Request: POST http://localhost:8000/api/v1/eventos/ingest "HTTP/1.1 201 Created"
2026-08-19 19:51:50,203 vision INFO frame=210 detectados=10 enviado=True
2026-08-19 19:51:55,396 httpx INFO HTTP Request: POST http://localhost:8000/api/v1/eventos/ingest "HTTP/1.1 201 Created"
2026-08-19 19:51:55,397 vision INFO frame=240 detectados=8 enviado=True
2026-08-19 19:52:00,875 httpx INFO HTTP Request: POST http://localhost:8000/api/v1/eventos/ingest "HTTP/1.1 201 Created"
2026-08-19 19:52:00,876 vision INFO frame=270 detectados=9 enviado=True
2026-08-19 19:52:06,303 httpx INFO HTTP Request: POST http://localhost:8000/api/v1/eventos/ingest "HTTP/1.1 201 Created"
2026-08-19 19:52:06,305 vision INFO frame=300 detectados=10 enviado=True
2026-08-19 19:52:12,055 httpx INFO HTTP Request: POST http://localhost:8000/api/v1/eventos/ingest "HTTP/1.1 201 Created"
2026-08-19 19:52:12,056 vision INFO frame=330 detectados=8 enviado=True
2026-08-19 19:52:17,354 httpx INFO HTTP Request: POST http://localhost:8000/api/v1/eventos/ingest "HTTP/1.1 201 Created"
2026-08-19 19:52:17,356 vision INFO frame=360 detectados=9 enviado=True
2026-08-19 19:52:23,031 httpx INFO HTTP Request: POST http://localhost:8000/api/v1/eventos/ingest "HTTP/1.1 201 Created"
2026-08-19 19:52:23,032 vision INFO frame=390 detectados=10 enviado=True
2026-08-19 19:52:28,527 httpx INFO HTTP Request: POST http://localhost:8000/api/v1/eventos/ingest "HTTP/1.1 201 Created"
2026-08-19 19:52:28,528 vision INFO frame=420 detectados=11 enviado=True
2026-08-19 19:52:33,751 httpx INFO HTTP Request: POST http://localhost:8000/api/v1/eventos/ingest "HTTP/1.1 201 Created"
2026-08-19 19:52:33,752 vision INFO frame=450 detectados=11 enviado=True
2026-08-19 19:52:34,410 httpx INFO HTTP Request: POST http://localhost:8000/api/v1/eventos/ingest "HTTP/1.1 201 Created"
2026-08-19 19:52:34,411 vision INFO frame=480 detectados=14 enviado=True
2026-08-19 19:52:34,896 httpx INFO HTTP Request: POST http://localhost:8000/api/v1/eventos/ingest "HTTP/1.1 201 Created"
2026-08-19 19:52:34,897 vision INFO frame=510 detectados=14 enviado=True
2026-08-19 19:52:40,097 httpx INFO HTTP Request: POST http://localhost:8000/api/v1/eventos/ingest "HTTP/1.1 201 Created"
2026-08-19 19:52:40,099 vision INFO frame=540 detectados=13 enviado=True
2026-08-19 19:52:45,402 httpx INFO HTTP Request: POST http://localhost:8000/api/v1/eventos/ingest "HTTP/1.1 201 Created"
2026-08-19 19:52:45,403 vision INFO frame=570 detectados=11 enviado=True
2026-08-19 19:52:51,162 httpx INFO HTTP Request: POST http://localhost:8000/api/v1/eventos/ingest "HTTP/1.1 201 Created"
2026-08-19 19:52:51,163 vision INFO frame=600 detectados=15 enviado=True
2026-08-19 19:52:56,820 httpx INFO HTTP Request: POST http://localhost:8000/api/v1/eventos/ingest "HTTP/1.1 201 Created"
2026-08-19 19:52:56,821 vision INFO frame=630 detectados=12 enviado=True
2026-08-19 19:53:01,901 httpx INFO HTTP Request: POST http://localhost:8000/api/v1/eventos/ingest "HTTP/1.1 201 Created"
2026-08-19 19:53:01,902 vision INFO frame=660 detectados=10 enviado=True
2026-08-19 19:53:07,351 httpx INFO HTTP Request: POST http://localhost:8000/api/v1/eventos/ingest "HTTP/1.1 201 Created"
2026-08-19 19:53:07,352 vision INFO frame=690 detectados=9 enviado=True
2026-08-19 19:53:12,251 httpx INFO HTTP Request: POST http://localhost:8000/api/v1/eventos/ingest "HTTP/1.1 201 Created"
2026-08-19 19:53:12,252 vision INFO frame=720 detectados=10 enviado=True
2026-08-19 19:53:17,373 httpx INFO HTTP Request: POST http://localhost:8000/api/v1/eventos/ingest "HTTP/1.1 201 Created"
2026-08-19 19:53:17,374 vision INFO frame=750 detectados=11 enviado=True
2026-08-19 19:53:22,742 httpx INFO HTTP Request: POST http://localhost:8000/api/v1/eventos/ingest "HTTP/1.1 201 Created"
2026-08-19 19:53:22,743 vision INFO frame=780 detectados=10 enviado=True
2026-08-19 19:53:28,329 httpx INFO HTTP Request: POST http://localhost:8000/api/v1/eventos/ingest "HTTP/1.1 201 Created"
2026-08-19 19:53:28,330 vision INFO frame=810 detectados=16 enviado=True
2026-08-19 19:53:33,912 httpx INFO HTTP Request: POST http://localhost:8000/api/v1/eventos/ingest "HTTP/1.1 201 Created"
2026-08-19 19:53:33,913 vision INFO frame=840 detectados=12 enviado=True
2026-08-19 19:53:39,899 httpx INFO HTTP Request: POST http://localhost:8000/api/v1/eventos/ingest "HTTP/1.1 201 Created"
2026-08-19 19:53:39,900 vision INFO frame=870 detectados=5 enviado=True
2026-08-19 19:53:45,353 httpx INFO HTTP Request: POST http://localhost:8000/api/v1/eventos/ingest "HTTP/1.1 201 Created"
2026-08-19 19:53:45,354 vision INFO frame=900 detectados=10 enviado=True
2026-08-19 19:53:50,455 httpx INFO HTTP Request: POST http://localhost:8000/api/v1/eventos/ingest "HTTP/1.1 201 Created"
2026-08-19 19:53:50,456 vision INFO frame=930 detectados=14 enviado=True
2026-08-19 19:53:57,114 httpx INFO HTTP Request: POST http://localhost:8000/api/v1/eventos/ingest "HTTP/1.1 201 Created"
2026-08-19 19:53:57,115 vision INFO frame=960 detectados=11 enviado=True
2026-08-19 19:54:02,634 httpx INFO HTTP Request: POST http://localhost:8000/api/v1/eventos/ingest "HTTP/1.1 201 Created"
2026-08-19 19:54:02,636 vision INFO frame=990 detectados=7 enviado=True
2026-08-19 19:54:08,372 httpx INFO HTTP Request: POST http://localhost:8000/api/v1/eventos/ingest "HTTP/1.1 201 Created"
2026-08-19 19:54:08,373 vision INFO frame=1020 detectados=7 enviado=True
2026-08-19 19:54:13,829 httpx INFO HTTP Request: POST http://localhost:8000/api/v1/eventos/ingest "HTTP/1.1 201 Created"
2026-08-19 19:54:13,830 vision INFO frame=1050 detectados=9 enviado=True
2026-08-19 19:54:19,165 httpx INFO HTTP Request: POST http://localhost:8000/api/v1/eventos/ingest "HTTP/1.1 201 Created"
2026-08-19 19:54:19,166 vision INFO frame=1080 detectados=12 enviado=True
2026-08-19 19:54:25,082 httpx INFO HTTP Request: POST http://localhost:8000/api/v1/eventos/ingest "HTTP/1.1 201 Created"
2026-08-19 19:54:25,084 vision INFO frame=1110 detectados=8 enviado=True
2026-08-19 19:54:30,821 httpx INFO HTTP Request: POST http://localhost:8000/api/v1/eventos/ingest "HTTP/1.1 201 Created"
2026-08-19 19:54:30,822 vision INFO frame=1140 detectados=6 enviado=True
2026-08-19 19:54:36,070 httpx INFO HTTP Request: POST http://localhost:8000/api/v1/eventos/ingest "HTTP/1.1 201 Created"
2026-08-19 19:54:36,071 vision INFO frame=1170 detectados=4 enviado=True
2026-08-19 19:54:36,128 vision INFO Bucle finalizado, reiniciando la fuente…
2026-08-19 19:54:42,778 httpx INFO HTTP Request: POST http://localhost:8000/api/v1/eventos/ingest "HTTP/1.1 201 Created"
2026-08-19 19:54:42,778 vision INFO frame=30 detectados=10 enviado=True
2026-08-19 19:54:50,465 httpx INFO HTTP Request: POST http://localhost:8000/api/v1/eventos/ingest "HTTP/1.1 201 Created"
2026-08-19 19:54:50,466 vision INFO frame=60 detectados=6 enviado=True
2026-08-19 19:54:56,492 httpx INFO HTTP Request: POST http://localhost:8000/api/v1/eventos/ingest "HTTP/1.1 201 Created"
2026-08-19 19:54:56,493 vision INFO frame=90 detectados=8 enviado=True
2026-08-19 19:55:01,571 httpx INFO HTTP Request: POST http://localhost:8000/api/v1/eventos/ingest "HTTP/1.1 201 Created"
2026-08-19 19:55:01,572 vision INFO frame=120 detectados=10 enviado=True
2026-08-19 19:55:06,770 httpx INFO HTTP Request: POST http://localhost:8000/api/v1/eventos/ingest "HTTP/1.1 201 Created"
2026-08-19 19:55:06,771 vision INFO frame=150 detectados=7 enviado=True
2026-08-19 19:55:12,273 httpx INFO HTTP Request: POST http://localhost:8000/api/v1/eventos/ingest "HTTP/1.1 201 Created"
2026-08-19 19:55:12,275 vision INFO frame=180 detectados=9 enviado=True
2026-08-19 19:55:18,005 httpx INFO HTTP Request: POST http://localhost:8000/api/v1/eventos/ingest "HTTP/1.1 201 Created"
2026-08-19 19:55:18,006 vision INFO frame=210 detectados=10 enviado=True
2026-08-19 19:55:23,313 httpx INFO HTTP Request: POST http://localhost:8000/api/v1/eventos/ingest "HTTP/1.1 201 Created"
2026-08-19 19:55:23,314 vision INFO frame=240 detectados=8 enviado=True
2026-08-19 19:55:28,647 httpx INFO HTTP Request: POST http://localhost:8000/api/v1/eventos/ingest "HTTP/1.1 201 Created"
2026-08-19 19:55:28,648 vision INFO frame=270 detectados=9 enviado=True
2026-08-19 19:55:34,390 httpx INFO HTTP Request: POST http://localhost:8000/api/v1/eventos/ingest "HTTP/1.1 201 Created"
2026-08-19 19:55:34,391 vision INFO frame=300 detectados=10 enviado=True
2026-08-19 19:55:39,810 httpx INFO HTTP Request: POST http://localhost:8000/api/v1/eventos/ingest "HTTP/1.1 201 Created"
2026-08-19 19:55:39,811 vision INFO frame=330 detectados=8 enviado=True
2026-08-19 19:55:45,246 httpx INFO HTTP Request: POST http://localhost:8000/api/v1/eventos/ingest "HTTP/1.1 201 Created"
2026-08-19 19:55:45,248 vision INFO frame=360 detectados=9 enviado=True
2026-08-19 19:55:50,461 httpx INFO HTTP Request: POST http://localhost:8000/api/v1/eventos/ingest "HTTP/1.1 201 Created"
2026-08-19 19:55:50,462 vision INFO frame=390 detectados=10 enviado=True
2026-08-19 19:55:55,889 httpx INFO HTTP Request: POST http://localhost:8000/api/v1/eventos/ingest "HTTP/1.1 201 Created"
2026-08-19 19:55:55,890 vision INFO frame=420 detectados=11 enviado=True
2026-08-19 19:56:01,111 httpx INFO HTTP Request: POST http://localhost:8000/api/v1/eventos/ingest "HTTP/1.1 201 Created"
2026-08-19 19:56:01,112 vision INFO frame=450 detectados=11 enviado=True
2026-08-19 19:56:01,757 httpx INFO HTTP Request: POST http://localhost:8000/api/v1/eventos/ingest "HTTP/1.1 201 Created"
2026-08-19 19:56:01,759 vision INFO frame=480 detectados=14 enviado=True
2026-08-19 19:56:02,263 httpx INFO HTTP Request: POST http://localhost:8000/api/v1/eventos/ingest "HTTP/1.1 201 Created"
2026-08-19 19:56:02,264 vision INFO frame=510 detectados=14 enviado=True
2026-08-19 19:56:12,677 src.backend_client ERROR Fallo al enviar evento frame 540
Traceback (most recent call last):
  File "/home/raftlee/Documentos/Workspace/prototipo-vigia/vision/.venv/lib/python3.12/site-packages/httpx/_transports/default.py", line 101, in map_httpcore_exceptions
    yield
  File "/home/raftlee/Documentos/Workspace/prototipo-vigia/vision/.venv/lib/python3.12/site-packages/httpx/_transports/default.py", line 394, in handle_async_request
    resp = await self._pool.handle_async_request(req)
           ^^^^^^^^^^^^^^^^^^^^^^^^^^^^^^^^^^^^^^^^^^
  File "/home/raftlee/Documentos/Workspace/prototipo-vigia/vision/.venv/lib/python3.12/site-packages/httpcore/_async/connection_pool.py", line 256, in handle_async_request
    raise exc from None
  File "/home/raftlee/Documentos/Workspace/prototipo-vigia/vision/.venv/lib/python3.12/site-packages/httpcore/_async/connection_pool.py", line 236, in handle_async_request
    response = await connection.handle_async_request(
               ^^^^^^^^^^^^^^^^^^^^^^^^^^^^^^^^^^^^^^
  File "/home/raftlee/Documentos/Workspace/prototipo-vigia/vision/.venv/lib/python3.12/site-packages/httpcore/_async/connection.py", line 103, in handle_async_request
    return await self._connection.handle_async_request(request)
           ^^^^^^^^^^^^^^^^^^^^^^^^^^^^^^^^^^^^^^^^^^^^^^^^^^^^
  File "/home/raftlee/Documentos/Workspace/prototipo-vigia/vision/.venv/lib/python3.12/site-packages/httpcore/_async/http11.py", line 136, in handle_async_request
    raise exc
  File "/home/raftlee/Documentos/Workspace/prototipo-vigia/vision/.venv/lib/python3.12/site-packages/httpcore/_async/http11.py", line 106, in handle_async_request
    ) = await self._receive_response_headers(**kwargs)
        ^^^^^^^^^^^^^^^^^^^^^^^^^^^^^^^^^^^^^^^^^^^^^^
  File "/home/raftlee/Documentos/Workspace/prototipo-vigia/vision/.venv/lib/python3.12/site-packages/httpcore/_async/http11.py", line 177, in _receive_response_headers
    event = await self._receive_event(timeout=timeout)
            ^^^^^^^^^^^^^^^^^^^^^^^^^^^^^^^^^^^^^^^^^^
  File "/home/raftlee/Documentos/Workspace/prototipo-vigia/vision/.venv/lib/python3.12/site-packages/httpcore/_async/http11.py", line 217, in _receive_event
    data = await self._network_stream.read(
           ^^^^^^^^^^^^^^^^^^^^^^^^^^^^^^^^
  File "/home/raftlee/Documentos/Workspace/prototipo-vigia/vision/.venv/lib/python3.12/site-packages/httpcore/_backends/anyio.py", line 32, in read
    with map_exceptions(exc_map):
  File "/usr/lib/python3.12/contextlib.py", line 158, in __exit__
    self.gen.throw(value)
  File "/home/raftlee/Documentos/Workspace/prototipo-vigia/vision/.venv/lib/python3.12/site-packages/httpcore/_exceptions.py", line 14, in map_exceptions
    raise to_exc(exc) from exc
httpcore.ReadTimeout

The above exception was the direct cause of the following exception:

Traceback (most recent call last):
  File "/home/raftlee/Documentos/Workspace/prototipo-vigia/vision/src/backend_client.py", line 19, in enviar
    resp = await client.post(self.url, json=evento)
           ^^^^^^^^^^^^^^^^^^^^^^^^^^^^^^^^^^^^^^^^
  File "/home/raftlee/Documentos/Workspace/prototipo-vigia/vision/.venv/lib/python3.12/site-packages/httpx/_client.py", line 1859, in post
    return await self.request(
           ^^^^^^^^^^^^^^^^^^^
  File "/home/raftlee/Documentos/Workspace/prototipo-vigia/vision/.venv/lib/python3.12/site-packages/httpx/_client.py", line 1540, in request
    return await self.send(request, auth=auth, follow_redirects=follow_redirects)
           ^^^^^^^^^^^^^^^^^^^^^^^^^^^^^^^^^^^^^^^^^^^^^^^^^^^^^^^^^^^^^^^^^^^^^^
  File "/home/raftlee/Documentos/Workspace/prototipo-vigia/vision/.venv/lib/python3.12/site-packages/httpx/_client.py", line 1629, in send
    response = await self._send_handling_auth(
               ^^^^^^^^^^^^^^^^^^^^^^^^^^^^^^^
  File "/home/raftlee/Documentos/Workspace/prototipo-vigia/vision/.venv/lib/python3.12/site-packages/httpx/_client.py", line 1657, in _send_handling_auth
    response = await self._send_handling_redirects(
               ^^^^^^^^^^^^^^^^^^^^^^^^^^^^^^^^^^^^
  File "/home/raftlee/Documentos/Workspace/prototipo-vigia/vision/.venv/lib/python3.12/site-packages/httpx/_client.py", line 1694, in _send_handling_redirects
    response = await self._send_single_request(request)
               ^^^^^^^^^^^^^^^^^^^^^^^^^^^^^^^^^^^^^^^^
  File "/home/raftlee/Documentos/Workspace/prototipo-vigia/vision/.venv/lib/python3.12/site-packages/httpx/_client.py", line 1730, in _send_single_request
    response = await transport.handle_async_request(request)
               ^^^^^^^^^^^^^^^^^^^^^^^^^^^^^^^^^^^^^^^^^^^^^
  File "/home/raftlee/Documentos/Workspace/prototipo-vigia/vision/.venv/lib/python3.12/site-packages/httpx/_transports/default.py", line 393, in handle_async_request
    with map_httpcore_exceptions():
  File "/usr/lib/python3.12/contextlib.py", line 158, in __exit__
    self.gen.throw(value)
  File "/home/raftlee/Documentos/Workspace/prototipo-vigia/vision/.venv/lib/python3.12/site-packages/httpx/_transports/default.py", line 118, in map_httpcore_exceptions
    raise mapped_exc(message) from exc
httpx.ReadTimeout
2026-08-19 19:56:24,719 src.backend_client ERROR Fallo al enviar evento frame 540
Traceback (most recent call last):
  File "/home/raftlee/Documentos/Workspace/prototipo-vigia/vision/.venv/lib/python3.12/site-packages/httpx/_transports/default.py", line 101, in map_httpcore_exceptions
    yield
  File "/home/raftlee/Documentos/Workspace/prototipo-vigia/vision/.venv/lib/python3.12/site-packages/httpx/_transports/default.py", line 394, in handle_async_request
    resp = await self._pool.handle_async_request(req)
           ^^^^^^^^^^^^^^^^^^^^^^^^^^^^^^^^^^^^^^^^^^
  File "/home/raftlee/Documentos/Workspace/prototipo-vigia/vision/.venv/lib/python3.12/site-packages/httpcore/_async/connection_pool.py", line 256, in handle_async_request
    raise exc from None
  File "/home/raftlee/Documentos/Workspace/prototipo-vigia/vision/.venv/lib/python3.12/site-packages/httpcore/_async/connection_pool.py", line 236, in handle_async_request
    response = await connection.handle_async_request(
               ^^^^^^^^^^^^^^^^^^^^^^^^^^^^^^^^^^^^^^
  File "/home/raftlee/Documentos/Workspace/prototipo-vigia/vision/.venv/lib/python3.12/site-packages/httpcore/_async/connection.py", line 103, in handle_async_request
    return await self._connection.handle_async_request(request)
           ^^^^^^^^^^^^^^^^^^^^^^^^^^^^^^^^^^^^^^^^^^^^^^^^^^^^
  File "/home/raftlee/Documentos/Workspace/prototipo-vigia/vision/.venv/lib/python3.12/site-packages/httpcore/_async/http11.py", line 136, in handle_async_request
    raise exc
  File "/home/raftlee/Documentos/Workspace/prototipo-vigia/vision/.venv/lib/python3.12/site-packages/httpcore/_async/http11.py", line 106, in handle_async_request
    ) = await self._receive_response_headers(**kwargs)
        ^^^^^^^^^^^^^^^^^^^^^^^^^^^^^^^^^^^^^^^^^^^^^^
  File "/home/raftlee/Documentos/Workspace/prototipo-vigia/vision/.venv/lib/python3.12/site-packages/httpcore/_async/http11.py", line 177, in _receive_response_headers
    event = await self._receive_event(timeout=timeout)
            ^^^^^^^^^^^^^^^^^^^^^^^^^^^^^^^^^^^^^^^^^^
  File "/home/raftlee/Documentos/Workspace/prototipo-vigia/vision/.venv/lib/python3.12/site-packages/httpcore/_async/http11.py", line 217, in _receive_event
    data = await self._network_stream.read(
           ^^^^^^^^^^^^^^^^^^^^^^^^^^^^^^^^
  File "/home/raftlee/Documentos/Workspace/prototipo-vigia/vision/.venv/lib/python3.12/site-packages/httpcore/_backends/anyio.py", line 32, in read
    with map_exceptions(exc_map):
  File "/usr/lib/python3.12/contextlib.py", line 158, in __exit__
    self.gen.throw(value)
  File "/home/raftlee/Documentos/Workspace/prototipo-vigia/vision/.venv/lib/python3.12/site-packages/httpcore/_exceptions.py", line 14, in map_exceptions
    raise to_exc(exc) from exc
httpcore.ReadTimeout

The above exception was the direct cause of the following exception:

Traceback (most recent call last):
  File "/home/raftlee/Documentos/Workspace/prototipo-vigia/vision/src/backend_client.py", line 19, in enviar
    resp = await client.post(self.url, json=evento)
           ^^^^^^^^^^^^^^^^^^^^^^^^^^^^^^^^^^^^^^^^
  File "/home/raftlee/Documentos/Workspace/prototipo-vigia/vision/.venv/lib/python3.12/site-packages/httpx/_client.py", line 1859, in post
    return await self.request(
           ^^^^^^^^^^^^^^^^^^^
  File "/home/raftlee/Documentos/Workspace/prototipo-vigia/vision/.venv/lib/python3.12/site-packages/httpx/_client.py", line 1540, in request
    return await self.send(request, auth=auth, follow_redirects=follow_redirects)
           ^^^^^^^^^^^^^^^^^^^^^^^^^^^^^^^^^^^^^^^^^^^^^^^^^^^^^^^^^^^^^^^^^^^^^^
  File "/home/raftlee/Documentos/Workspace/prototipo-vigia/vision/.venv/lib/python3.12/site-packages/httpx/_client.py", line 1629, in send
    response = await self._send_handling_auth(
               ^^^^^^^^^^^^^^^^^^^^^^^^^^^^^^^
  File "/home/raftlee/Documentos/Workspace/prototipo-vigia/vision/.venv/lib/python3.12/site-packages/httpx/_client.py", line 1657, in _send_handling_auth
    response = await self._send_handling_redirects(
               ^^^^^^^^^^^^^^^^^^^^^^^^^^^^^^^^^^^^
  File "/home/raftlee/Documentos/Workspace/prototipo-vigia/vision/.venv/lib/python3.12/site-packages/httpx/_client.py", line 1694, in _send_handling_redirects
    response = await self._send_single_request(request)
               ^^^^^^^^^^^^^^^^^^^^^^^^^^^^^^^^^^^^^^^^
  File "/home/raftlee/Documentos/Workspace/prototipo-vigia/vision/.venv/lib/python3.12/site-packages/httpx/_client.py", line 1730, in _send_single_request
    response = await transport.handle_async_request(request)
               ^^^^^^^^^^^^^^^^^^^^^^^^^^^^^^^^^^^^^^^^^^^^^
  File "/home/raftlee/Documentos/Workspace/prototipo-vigia/vision/.venv/lib/python3.12/site-packages/httpx/_transports/default.py", line 393, in handle_async_request
    with map_httpcore_exceptions():
  File "/usr/lib/python3.12/contextlib.py", line 158, in __exit__
    self.gen.throw(value)
  File "/home/raftlee/Documentos/Workspace/prototipo-vigia/vision/.venv/lib/python3.12/site-packages/httpx/_transports/default.py", line 118, in map_httpcore_exceptions
    raise mapped_exc(message) from exc
httpx.ReadTimeout
2026-08-19 19:56:38,760 src.backend_client ERROR Fallo al enviar evento frame 540
Traceback (most recent call last):
  File "/home/raftlee/Documentos/Workspace/prototipo-vigia/vision/.venv/lib/python3.12/site-packages/httpx/_transports/default.py", line 101, in map_httpcore_exceptions
    yield
  File "/home/raftlee/Documentos/Workspace/prototipo-vigia/vision/.venv/lib/python3.12/site-packages/httpx/_transports/default.py", line 394, in handle_async_request
    resp = await self._pool.handle_async_request(req)
           ^^^^^^^^^^^^^^^^^^^^^^^^^^^^^^^^^^^^^^^^^^
  File "/home/raftlee/Documentos/Workspace/prototipo-vigia/vision/.venv/lib/python3.12/site-packages/httpcore/_async/connection_pool.py", line 256, in handle_async_request
    raise exc from None
  File "/home/raftlee/Documentos/Workspace/prototipo-vigia/vision/.venv/lib/python3.12/site-packages/httpcore/_async/connection_pool.py", line 236, in handle_async_request
    response = await connection.handle_async_request(
               ^^^^^^^^^^^^^^^^^^^^^^^^^^^^^^^^^^^^^^
  File "/home/raftlee/Documentos/Workspace/prototipo-vigia/vision/.venv/lib/python3.12/site-packages/httpcore/_async/connection.py", line 103, in handle_async_request
    return await self._connection.handle_async_request(request)
           ^^^^^^^^^^^^^^^^^^^^^^^^^^^^^^^^^^^^^^^^^^^^^^^^^^^^
  File "/home/raftlee/Documentos/Workspace/prototipo-vigia/vision/.venv/lib/python3.12/site-packages/httpcore/_async/http11.py", line 136, in handle_async_request
    raise exc
  File "/home/raftlee/Documentos/Workspace/prototipo-vigia/vision/.venv/lib/python3.12/site-packages/httpcore/_async/http11.py", line 106, in handle_async_request
    ) = await self._receive_response_headers(**kwargs)
        ^^^^^^^^^^^^^^^^^^^^^^^^^^^^^^^^^^^^^^^^^^^^^^
  File "/home/raftlee/Documentos/Workspace/prototipo-vigia/vision/.venv/lib/python3.12/site-packages/httpcore/_async/http11.py", line 177, in _receive_response_headers
    event = await self._receive_event(timeout=timeout)
            ^^^^^^^^^^^^^^^^^^^^^^^^^^^^^^^^^^^^^^^^^^
  File "/home/raftlee/Documentos/Workspace/prototipo-vigia/vision/.venv/lib/python3.12/site-packages/httpcore/_async/http11.py", line 217, in _receive_event
    data = await self._network_stream.read(
           ^^^^^^^^^^^^^^^^^^^^^^^^^^^^^^^^
  File "/home/raftlee/Documentos/Workspace/prototipo-vigia/vision/.venv/lib/python3.12/site-packages/httpcore/_backends/anyio.py", line 32, in read
    with map_exceptions(exc_map):
  File "/usr/lib/python3.12/contextlib.py", line 158, in __exit__
    self.gen.throw(value)
  File "/home/raftlee/Documentos/Workspace/prototipo-vigia/vision/.venv/lib/python3.12/site-packages/httpcore/_exceptions.py", line 14, in map_exceptions
    raise to_exc(exc) from exc
httpcore.ReadTimeout

The above exception was the direct cause of the following exception:

Traceback (most recent call last):
  File "/home/raftlee/Documentos/Workspace/prototipo-vigia/vision/src/backend_client.py", line 19, in enviar
    resp = await client.post(self.url, json=evento)
           ^^^^^^^^^^^^^^^^^^^^^^^^^^^^^^^^^^^^^^^^
  File "/home/raftlee/Documentos/Workspace/prototipo-vigia/vision/.venv/lib/python3.12/site-packages/httpx/_client.py", line 1859, in post
    return await self.request(
           ^^^^^^^^^^^^^^^^^^^
  File "/home/raftlee/Documentos/Workspace/prototipo-vigia/vision/.venv/lib/python3.12/site-packages/httpx/_client.py", line 1540, in request
    return await self.send(request, auth=auth, follow_redirects=follow_redirects)
           ^^^^^^^^^^^^^^^^^^^^^^^^^^^^^^^^^^^^^^^^^^^^^^^^^^^^^^^^^^^^^^^^^^^^^^
  File "/home/raftlee/Documentos/Workspace/prototipo-vigia/vision/.venv/lib/python3.12/site-packages/httpx/_client.py", line 1629, in send
    response = await self._send_handling_auth(
               ^^^^^^^^^^^^^^^^^^^^^^^^^^^^^^^
  File "/home/raftlee/Documentos/Workspace/prototipo-vigia/vision/.venv/lib/python3.12/site-packages/httpx/_client.py", line 1657, in _send_handling_auth
    response = await self._send_handling_redirects(
               ^^^^^^^^^^^^^^^^^^^^^^^^^^^^^^^^^^^^
  File "/home/raftlee/Documentos/Workspace/prototipo-vigia/vision/.venv/lib/python3.12/site-packages/httpx/_client.py", line 1694, in _send_handling_redirects
    response = await self._send_single_request(request)
               ^^^^^^^^^^^^^^^^^^^^^^^^^^^^^^^^^^^^^^^^
  File "/home/raftlee/Documentos/Workspace/prototipo-vigia/vision/.venv/lib/python3.12/site-packages/httpx/_client.py", line 1730, in _send_single_request
    response = await transport.handle_async_request(request)
               ^^^^^^^^^^^^^^^^^^^^^^^^^^^^^^^^^^^^^^^^^^^^^
  File "/home/raftlee/Documentos/Workspace/prototipo-vigia/vision/.venv/lib/python3.12/site-packages/httpx/_transports/default.py", line 393, in handle_async_request
    with map_httpcore_exceptions():
  File "/usr/lib/python3.12/contextlib.py", line 158, in __exit__
    self.gen.throw(value)
  File "/home/raftlee/Documentos/Workspace/prototipo-vigia/vision/.venv/lib/python3.12/site-packages/httpx/_transports/default.py", line 118, in map_httpcore_exceptions
    raise mapped_exc(message) from exc
httpx.ReadTimeout
2026-08-19 19:56:46,763 src.backend_client ERROR Se agotaron los reintentos para el frame 540
2026-08-19 19:56:46,764 vision INFO frame=540 detectados=13 enviado=False
2026-08-19 19:56:57,409 src.backend_client ERROR Fallo al enviar evento frame 570
Traceback (most recent call last):
  File "/home/raftlee/Documentos/Workspace/prototipo-vigia/vision/.venv/lib/python3.12/site-packages/httpx/_transports/default.py", line 101, in map_httpcore_exceptions
    yield
  File "/home/raftlee/Documentos/Workspace/prototipo-vigia/vision/.venv/lib/python3.12/site-packages/httpx/_transports/default.py", line 394, in handle_async_request
    resp = await self._pool.handle_async_request(req)
           ^^^^^^^^^^^^^^^^^^^^^^^^^^^^^^^^^^^^^^^^^^
  File "/home/raftlee/Documentos/Workspace/prototipo-vigia/vision/.venv/lib/python3.12/site-packages/httpcore/_async/connection_pool.py", line 256, in handle_async_request
    raise exc from None
  File "/home/raftlee/Documentos/Workspace/prototipo-vigia/vision/.venv/lib/python3.12/site-packages/httpcore/_async/connection_pool.py", line 236, in handle_async_request
    response = await connection.handle_async_request(
               ^^^^^^^^^^^^^^^^^^^^^^^^^^^^^^^^^^^^^^
  File "/home/raftlee/Documentos/Workspace/prototipo-vigia/vision/.venv/lib/python3.12/site-packages/httpcore/_async/connection.py", line 103, in handle_async_request
    return await self._connection.handle_async_request(request)
           ^^^^^^^^^^^^^^^^^^^^^^^^^^^^^^^^^^^^^^^^^^^^^^^^^^^^
  File "/home/raftlee/Documentos/Workspace/prototipo-vigia/vision/.venv/lib/python3.12/site-packages/httpcore/_async/http11.py", line 136, in handle_async_request
    raise exc
  File "/home/raftlee/Documentos/Workspace/prototipo-vigia/vision/.venv/lib/python3.12/site-packages/httpcore/_async/http11.py", line 106, in handle_async_request
    ) = await self._receive_response_headers(**kwargs)
        ^^^^^^^^^^^^^^^^^^^^^^^^^^^^^^^^^^^^^^^^^^^^^^
  File "/home/raftlee/Documentos/Workspace/prototipo-vigia/vision/.venv/lib/python3.12/site-packages/httpcore/_async/http11.py", line 177, in _receive_response_headers
    event = await self._receive_event(timeout=timeout)
            ^^^^^^^^^^^^^^^^^^^^^^^^^^^^^^^^^^^^^^^^^^
  File "/home/raftlee/Documentos/Workspace/prototipo-vigia/vision/.venv/lib/python3.12/site-packages/httpcore/_async/http11.py", line 217, in _receive_event
    data = await self._network_stream.read(
           ^^^^^^^^^^^^^^^^^^^^^^^^^^^^^^^^
  File "/home/raftlee/Documentos/Workspace/prototipo-vigia/vision/.venv/lib/python3.12/site-packages/httpcore/_backends/anyio.py", line 32, in read
    with map_exceptions(exc_map):
  File "/usr/lib/python3.12/contextlib.py", line 158, in __exit__
    self.gen.throw(value)
  File "/home/raftlee/Documentos/Workspace/prototipo-vigia/vision/.venv/lib/python3.12/site-packages/httpcore/_exceptions.py", line 14, in map_exceptions
    raise to_exc(exc) from exc
httpcore.ReadTimeout

The above exception was the direct cause of the following exception:

Traceback (most recent call last):
  File "/home/raftlee/Documentos/Workspace/prototipo-vigia/vision/src/backend_client.py", line 19, in enviar
    resp = await client.post(self.url, json=evento)
           ^^^^^^^^^^^^^^^^^^^^^^^^^^^^^^^^^^^^^^^^
  File "/home/raftlee/Documentos/Workspace/prototipo-vigia/vision/.venv/lib/python3.12/site-packages/httpx/_client.py", line 1859, in post
    return await self.request(
           ^^^^^^^^^^^^^^^^^^^
  File "/home/raftlee/Documentos/Workspace/prototipo-vigia/vision/.venv/lib/python3.12/site-packages/httpx/_client.py", line 1540, in request
    return await self.send(request, auth=auth, follow_redirects=follow_redirects)
           ^^^^^^^^^^^^^^^^^^^^^^^^^^^^^^^^^^^^^^^^^^^^^^^^^^^^^^^^^^^^^^^^^^^^^^
  File "/home/raftlee/Documentos/Workspace/prototipo-vigia/vision/.venv/lib/python3.12/site-packages/httpx/_client.py", line 1629, in send
    response = await self._send_handling_auth(
               ^^^^^^^^^^^^^^^^^^^^^^^^^^^^^^^
  File "/home/raftlee/Documentos/Workspace/prototipo-vigia/vision/.venv/lib/python3.12/site-packages/httpx/_client.py", line 1657, in _send_handling_auth
    response = await self._send_handling_redirects(
               ^^^^^^^^^^^^^^^^^^^^^^^^^^^^^^^^^^^^
  File "/home/raftlee/Documentos/Workspace/prototipo-vigia/vision/.venv/lib/python3.12/site-packages/httpx/_client.py", line 1694, in _send_handling_redirects
    response = await self._send_single_request(request)
               ^^^^^^^^^^^^^^^^^^^^^^^^^^^^^^^^^^^^^^^^
  File "/home/raftlee/Documentos/Workspace/prototipo-vigia/vision/.venv/lib/python3.12/site-packages/httpx/_client.py", line 1730, in _send_single_request
    response = await transport.handle_async_request(request)
               ^^^^^^^^^^^^^^^^^^^^^^^^^^^^^^^^^^^^^^^^^^^^^
  File "/home/raftlee/Documentos/Workspace/prototipo-vigia/vision/.venv/lib/python3.12/site-packages/httpx/_transports/default.py", line 393, in handle_async_request
    with map_httpcore_exceptions():
  File "/usr/lib/python3.12/contextlib.py", line 158, in __exit__
    self.gen.throw(value)
  File "/home/raftlee/Documentos/Workspace/prototipo-vigia/vision/.venv/lib/python3.12/site-packages/httpx/_transports/default.py", line 118, in map_httpcore_exceptions
    raise mapped_exc(message) from exc
httpx.ReadTimeout
2026-08-19 19:57:04,204 httpx INFO HTTP Request: POST http://localhost:8000/api/v1/eventos/ingest "HTTP/1.1 201 Created"
2026-08-19 19:57:04,205 vision INFO frame=570 detectados=11 enviado=True
2026-08-19 19:57:09,412 httpx INFO HTTP Request: POST http://localhost:8000/api/v1/eventos/ingest "HTTP/1.1 201 Created"
2026-08-19 19:57:09,413 vision INFO frame=600 detectados=15 enviado=True
2026-08-19 19:57:14,855 httpx INFO HTTP Request: POST http://localhost:8000/api/v1/eventos/ingest "HTTP/1.1 201 Created"
2026-08-19 19:57:14,856 vision INFO frame=630 detectados=12 enviado=True
2026-08-19 19:57:20,068 httpx INFO HTTP Request: POST http://localhost:8000/api/v1/eventos/ingest "HTTP/1.1 201 Created"
2026-08-19 19:57:20,069 vision INFO frame=660 detectados=10 enviado=True
2026-08-19 19:57:25,400 httpx INFO HTTP Request: POST http://localhost:8000/api/v1/eventos/ingest "HTTP/1.1 201 Created"
2026-08-19 19:57:25,401 vision INFO frame=690 detectados=9 enviado=True
2026-08-19 19:57:30,539 httpx INFO HTTP Request: POST http://localhost:8000/api/v1/eventos/ingest "HTTP/1.1 201 Created"
2026-08-19 19:57:30,540 vision INFO frame=720 detectados=10 enviado=True
2026-08-19 19:57:35,814 httpx INFO HTTP Request: POST http://localhost:8000/api/v1/eventos/ingest "HTTP/1.1 201 Created"
2026-08-19 19:57:35,815 vision INFO frame=750 detectados=11 enviado=True
2026-08-19 19:57:42,099 httpx INFO HTTP Request: POST http://localhost:8000/api/v1/eventos/ingest "HTTP/1.1 201 Created"
2026-08-19 19:57:42,100 vision INFO frame=780 detectados=10 enviado=True
2026-08-19 19:57:47,417 httpx INFO HTTP Request: POST http://localhost:8000/api/v1/eventos/ingest "HTTP/1.1 201 Created"
2026-08-19 19:57:47,418 vision INFO frame=810 detectados=16 enviado=True
2026-08-19 19:57:52,751 httpx INFO HTTP Request: POST http://localhost:8000/api/v1/eventos/ingest "HTTP/1.1 201 Created"
2026-08-19 19:57:52,752 vision INFO frame=840 detectados=12 enviado=True
2026-08-19 19:57:57,754 httpx INFO HTTP Request: POST http://localhost:8000/api/v1/eventos/ingest "HTTP/1.1 201 Created"
2026-08-19 19:57:57,756 vision INFO frame=870 detectados=5 enviado=True
2026-08-19 19:58:02,984 httpx INFO HTTP Request: POST http://localhost:8000/api/v1/eventos/ingest "HTTP/1.1 201 Created"
2026-08-19 19:58:02,985 vision INFO frame=900 detectados=10 enviado=True
2026-08-19 19:58:07,987 httpx INFO HTTP Request: POST http://localhost:8000/api/v1/eventos/ingest "HTTP/1.1 201 Created"
2026-08-19 19:58:07,988 vision INFO frame=930 detectados=14 enviado=True
2026-08-19 19:58:13,219 httpx INFO HTTP Request: POST http://localhost:8000/api/v1/eventos/ingest "HTTP/1.1 201 Created"
2026-08-19 19:58:13,220 vision INFO frame=960 detectados=11 enviado=True
2026-08-19 19:58:18,347 httpx INFO HTTP Request: POST http://localhost:8000/api/v1/eventos/ingest "HTTP/1.1 201 Created"
2026-08-19 19:58:18,348 vision INFO frame=990 detectados=7 enviado=True
2026-08-19 19:58:23,680 httpx INFO HTTP Request: POST http://localhost:8000/api/v1/eventos/ingest "HTTP/1.1 201 Created"
2026-08-19 19:58:23,681 vision INFO frame=1020 detectados=7 enviado=True
2026-08-19 19:58:28,969 httpx INFO HTTP Request: POST http://localhost:8000/api/v1/eventos/ingest "HTTP/1.1 201 Created"
2026-08-19 19:58:28,971 vision INFO frame=1050 detectados=9 enviado=True
2026-08-19 19:58:34,202 httpx INFO HTTP Request: POST http://localhost:8000/api/v1/eventos/ingest "HTTP/1.1 201 Created"
2026-08-19 19:58:34,203 vision INFO frame=1080 detectados=12 enviado=True
2026-08-19 19:58:39,327 httpx INFO HTTP Request: POST http://localhost:8000/api/v1/eventos/ingest "HTTP/1.1 201 Created"
2026-08-19 19:58:39,328 vision INFO frame=1110 detectados=8 enviado=True
2026-08-19 19:58:44,871 httpx INFO HTTP Request: POST http://localhost:8000/api/v1/eventos/ingest "HTTP/1.1 201 Created"
2026-08-19 19:58:44,872 vision INFO frame=1140 detectados=6 enviado=True
2026-08-19 19:58:50,078 httpx INFO HTTP Request: POST http://localhost:8000/api/v1/eventos/ingest "HTTP/1.1 201 Created"
2026-08-19 19:58:50,079 vision INFO frame=1170 detectados=4 enviado=True
2026-08-19 19:58:50,129 vision INFO Bucle finalizado, reiniciando la fuente…
2026-08-19 19:58:56,476 httpx INFO HTTP Request: POST http://localhost:8000/api/v1/eventos/ingest "HTTP/1.1 201 Created"
2026-08-19 19:58:56,477 vision INFO frame=30 detectados=10 enviado=True
2026-08-19 19:59:01,870 httpx INFO HTTP Request: POST http://localhost:8000/api/v1/eventos/ingest "HTTP/1.1 201 Created"
2026-08-19 19:59:01,871 vision INFO frame=60 detectados=6 enviado=True
2026-08-19 19:59:07,108 httpx INFO HTTP Request: POST http://localhost:8000/api/v1/eventos/ingest "HTTP/1.1 201 Created"
2026-08-19 19:59:07,109 vision INFO frame=90 detectados=8 enviado=True
2026-08-19 19:59:12,308 httpx INFO HTTP Request: POST http://localhost:8000/api/v1/eventos/ingest "HTTP/1.1 201 Created"
2026-08-19 19:59:12,309 vision INFO frame=120 detectados=10 enviado=True
2026-08-19 19:59:17,492 httpx INFO HTTP Request: POST http://localhost:8000/api/v1/eventos/ingest "HTTP/1.1 201 Created"
2026-08-19 19:59:17,493 vision INFO frame=150 detectados=7 enviado=True
2026-08-19 19:59:22,742 httpx INFO HTTP Request: POST http://localhost:8000/api/v1/eventos/ingest "HTTP/1.1 201 Created"
2026-08-19 19:59:22,743 vision INFO frame=180 detectados=9 enviado=True
2026-08-19 19:59:28,049 httpx INFO HTTP Request: POST http://localhost:8000/api/v1/eventos/ingest "HTTP/1.1 201 Created"
2026-08-19 19:59:28,050 vision INFO frame=210 detectados=10 enviado=True
2026-08-19 19:59:33,194 httpx INFO HTTP Request: POST http://localhost:8000/api/v1/eventos/ingest "HTTP/1.1 201 Created"
2026-08-19 19:59:33,195 vision INFO frame=240 detectados=8 enviado=True
2026-08-19 19:59:38,383 httpx INFO HTTP Request: POST http://localhost:8000/api/v1/eventos/ingest "HTTP/1.1 201 Created"
2026-08-19 19:59:38,384 vision INFO frame=270 detectados=9 enviado=True
2026-08-19 19:59:43,551 httpx INFO HTTP Request: POST http://localhost:8000/api/v1/eventos/ingest "HTTP/1.1 201 Created"
2026-08-19 19:59:43,552 vision INFO frame=300 detectados=10 enviado=True
2026-08-19 19:59:48,696 httpx INFO HTTP Request: POST http://localhost:8000/api/v1/eventos/ingest "HTTP/1.1 201 Created"
2026-08-19 19:59:48,698 vision INFO frame=330 detectados=8 enviado=True
2026-08-19 19:59:53,657 httpx INFO HTTP Request: POST http://localhost:8000/api/v1/eventos/ingest "HTTP/1.1 201 Created"
2026-08-19 19:59:53,658 vision INFO frame=360 detectados=9 enviado=True
2026-08-19 19:59:58,807 httpx INFO HTTP Request: POST http://localhost:8000/api/v1/eventos/ingest "HTTP/1.1 201 Created"
2026-08-19 19:59:58,808 vision INFO frame=390 detectados=10 enviado=True
2026-08-19 20:00:03,807 httpx INFO HTTP Request: POST http://localhost:8000/api/v1/eventos/ingest "HTTP/1.1 201 Created"
2026-08-19 20:00:03,808 vision INFO frame=420 detectados=11 enviado=True
2026-08-19 20:00:08,921 httpx INFO HTTP Request: POST http://localhost:8000/api/v1/eventos/ingest "HTTP/1.1 201 Created"
2026-08-19 20:00:08,922 vision INFO frame=450 detectados=11 enviado=True
2026-08-19 20:00:09,786 httpx INFO HTTP Request: POST http://localhost:8000/api/v1/eventos/ingest "HTTP/1.1 201 Created"
2026-08-19 20:00:09,787 vision INFO frame=480 detectados=14 enviado=True
2026-08-19 20:00:10,368 httpx INFO HTTP Request: POST http://localhost:8000/api/v1/eventos/ingest "HTTP/1.1 201 Created"
2026-08-19 20:00:10,369 vision INFO frame=510 detectados=14 enviado=True
2026-08-19 20:00:15,366 httpx INFO HTTP Request: POST http://localhost:8000/api/v1/eventos/ingest "HTTP/1.1 201 Created"
2026-08-19 20:00:15,367 vision INFO frame=540 detectados=13 enviado=True
2026-08-19 20:00:20,454 httpx INFO HTTP Request: POST http://localhost:8000/api/v1/eventos/ingest "HTTP/1.1 201 Created"
2026-08-19 20:00:20,455 vision INFO frame=570 detectados=11 enviado=True
2026-08-19 20:00:25,421 httpx INFO HTTP Request: POST http://localhost:8000/api/v1/eventos/ingest "HTTP/1.1 201 Created"
2026-08-19 20:00:25,424 vision INFO frame=600 detectados=15 enviado=True
2026-08-19 20:00:30,874 httpx INFO HTTP Request: POST http://localhost:8000/api/v1/eventos/ingest "HTTP/1.1 201 Created"
2026-08-19 20:00:30,875 vision INFO frame=630 detectados=12 enviado=True
2026-08-19 20:00:35,940 httpx INFO HTTP Request: POST http://localhost:8000/api/v1/eventos/ingest "HTTP/1.1 201 Created"
2026-08-19 20:00:35,941 vision INFO frame=660 detectados=10 enviado=True
2026-08-19 20:00:41,409 httpx INFO HTTP Request: POST http://localhost:8000/api/v1/eventos/ingest "HTTP/1.1 201 Created"
2026-08-19 20:00:41,410 vision INFO frame=690 detectados=9 enviado=True
2026-08-19 20:00:46,722 httpx INFO HTTP Request: POST http://localhost:8000/api/v1/eventos/ingest "HTTP/1.1 201 Created"
2026-08-19 20:00:46,723 vision INFO frame=720 detectados=10 enviado=True
2026-08-19 20:00:52,084 httpx INFO HTTP Request: POST http://localhost:8000/api/v1/eventos/ingest "HTTP/1.1 201 Created"
2026-08-19 20:00:52,085 vision INFO frame=750 detectados=11 enviado=True
2026-08-19 20:00:57,417 httpx INFO HTTP Request: POST http://localhost:8000/api/v1/eventos/ingest "HTTP/1.1 201 Created"
2026-08-19 20:00:57,418 vision INFO frame=780 detectados=10 enviado=True
2026-08-19 20:01:02,834 httpx INFO HTTP Request: POST http://localhost:8000/api/v1/eventos/ingest "HTTP/1.1 201 Created"
2026-08-19 20:01:02,836 vision INFO frame=810 detectados=16 enviado=True
2026-08-19 20:01:08,468 httpx INFO HTTP Request: POST http://localhost:8000/api/v1/eventos/ingest "HTTP/1.1 201 Created"
2026-08-19 20:01:08,469 vision INFO frame=840 detectados=12 enviado=True
2026-08-19 20:01:13,709 httpx INFO HTTP Request: POST http://localhost:8000/api/v1/eventos/ingest "HTTP/1.1 201 Created"
2026-08-19 20:01:13,710 vision INFO frame=870 detectados=5 enviado=True
2026-08-19 20:01:18,888 httpx INFO HTTP Request: POST http://localhost:8000/api/v1/eventos/ingest "HTTP/1.1 201 Created"
2026-08-19 20:01:18,890 vision INFO frame=900 detectados=10 enviado=True
2026-08-19 20:01:24,407 httpx INFO HTTP Request: POST http://localhost:8000/api/v1/eventos/ingest "HTTP/1.1 201 Created"
2026-08-19 20:01:24,408 vision INFO frame=930 detectados=14 enviado=True
2026-08-19 20:01:29,939 httpx INFO HTTP Request: POST http://localhost:8000/api/v1/eventos/ingest "HTTP/1.1 201 Created"
2026-08-19 20:01:29,941 vision INFO frame=960 detectados=11 enviado=True
2026-08-19 20:01:35,149 httpx INFO HTTP Request: POST http://localhost:8000/api/v1/eventos/ingest "HTTP/1.1 201 Created"
2026-08-19 20:01:35,150 vision INFO frame=990 detectados=7 enviado=True
2026-08-19 20:01:40,783 httpx INFO HTTP Request: POST http://localhost:8000/api/v1/eventos/ingest "HTTP/1.1 201 Created"
2026-08-19 20:01:40,784 vision INFO frame=1020 detectados=7 enviado=True
2026-08-19 20:01:46,116 httpx INFO HTTP Request: POST http://localhost:8000/api/v1/eventos/ingest "HTTP/1.1 201 Created"
2026-08-19 20:01:46,118 vision INFO frame=1050 detectados=9 enviado=True
2026-08-19 20:01:51,253 httpx INFO HTTP Request: POST http://localhost:8000/api/v1/eventos/ingest "HTTP/1.1 201 Created"
2026-08-19 20:01:51,255 vision INFO frame=1080 detectados=12 enviado=True
2026-08-19 20:01:56,748 httpx INFO HTTP Request: POST http://localhost:8000/api/v1/eventos/ingest "HTTP/1.1 201 Created"
2026-08-19 20:01:56,749 vision INFO frame=1110 detectados=8 enviado=True
2026-08-19 20:02:02,918 httpx INFO HTTP Request: POST http://localhost:8000/api/v1/eventos/ingest "HTTP/1.1 201 Created"
2026-08-19 20:02:02,919 vision INFO frame=1140 detectados=6 enviado=True
2026-08-19 20:02:09,567 httpx INFO HTTP Request: POST http://localhost:8000/api/v1/eventos/ingest "HTTP/1.1 201 Created"
2026-08-19 20:02:09,568 vision INFO frame=1170 detectados=4 enviado=True
2026-08-19 20:02:09,630 vision INFO Bucle finalizado, reiniciando la fuente…
2026-08-19 20:02:15,782 httpx INFO HTTP Request: POST http://localhost:8000/api/v1/eventos/ingest "HTTP/1.1 201 Created"
2026-08-19 20:02:15,783 vision INFO frame=30 detectados=10 enviado=True
2026-08-19 20:02:20,989 httpx INFO HTTP Request: POST http://localhost:8000/api/v1/eventos/ingest "HTTP/1.1 201 Created"
2026-08-19 20:02:20,991 vision INFO frame=60 detectados=6 enviado=True
2026-08-19 20:02:26,870 httpx INFO HTTP Request: POST http://localhost:8000/api/v1/eventos/ingest "HTTP/1.1 201 Created"
2026-08-19 20:02:26,871 vision INFO frame=90 detectados=8 enviado=True
2026-08-19 20:02:32,583 httpx INFO HTTP Request: POST http://localhost:8000/api/v1/eventos/ingest "HTTP/1.1 201 Created"
2026-08-19 20:02:32,585 vision INFO frame=120 detectados=10 enviado=True
2026-08-19 20:02:39,371 httpx INFO HTTP Request: POST http://localhost:8000/api/v1/eventos/ingest "HTTP/1.1 201 Created"
2026-08-19 20:02:39,372 vision INFO frame=150 detectados=7 enviado=True
2026-08-19 20:02:45,156 httpx INFO HTTP Request: POST http://localhost:8000/api/v1/eventos/ingest "HTTP/1.1 201 Created"
2026-08-19 20:02:45,157 vision INFO frame=180 detectados=9 enviado=True
2026-08-19 20:02:51,435 httpx INFO HTTP Request: POST http://localhost:8000/api/v1/eventos/ingest "HTTP/1.1 201 Created"
2026-08-19 20:02:51,436 vision INFO frame=210 detectados=10 enviado=True
2026-08-19 20:02:57,586 httpx INFO HTTP Request: POST http://localhost:8000/api/v1/eventos/ingest "HTTP/1.1 201 Created"
2026-08-19 20:02:57,587 vision INFO frame=240 detectados=8 enviado=True
2026-08-19 20:03:02,670 httpx INFO HTTP Request: POST http://localhost:8000/api/v1/eventos/ingest "HTTP/1.1 201 Created"
2026-08-19 20:03:02,672 vision INFO frame=270 detectados=9 enviado=True
2026-08-19 20:03:08,459 httpx INFO HTTP Request: POST http://localhost:8000/api/v1/eventos/ingest "HTTP/1.1 201 Created"
2026-08-19 20:03:08,460 vision INFO frame=300 detectados=10 enviado=True
2026-08-19 20:03:13,749 httpx INFO HTTP Request: POST http://localhost:8000/api/v1/eventos/ingest "HTTP/1.1 201 Created"
2026-08-19 20:03:13,751 vision INFO frame=330 detectados=8 enviado=True
2026-08-19 20:03:20,097 httpx INFO HTTP Request: POST http://localhost:8000/api/v1/eventos/ingest "HTTP/1.1 201 Created"
2026-08-19 20:03:20,099 vision INFO frame=360 detectados=9 enviado=True
2026-08-19 20:03:26,095 httpx INFO HTTP Request: POST http://localhost:8000/api/v1/eventos/ingest "HTTP/1.1 201 Created"
2026-08-19 20:03:26,097 vision INFO frame=390 detectados=10 enviado=True
2026-08-19 20:03:31,787 httpx INFO HTTP Request: POST http://localhost:8000/api/v1/eventos/ingest "HTTP/1.1 201 Created"
2026-08-19 20:03:31,788 vision INFO frame=420 detectados=11 enviado=True
2026-08-19 20:03:37,064 httpx INFO HTTP Request: POST http://localhost:8000/api/v1/eventos/ingest "HTTP/1.1 201 Created"
2026-08-19 20:03:37,066 vision INFO frame=450 detectados=11 enviado=True
2026-08-19 20:03:37,743 httpx INFO HTTP Request: POST http://localhost:8000/api/v1/eventos/ingest "HTTP/1.1 201 Created"
2026-08-19 20:03:37,744 vision INFO frame=480 detectados=14 enviado=True
2026-08-19 20:03:38,357 httpx INFO HTTP Request: POST http://localhost:8000/api/v1/eventos/ingest "HTTP/1.1 201 Created"
2026-08-19 20:03:38,358 vision INFO frame=510 detectados=14 enviado=True
2026-08-19 20:03:43,707 httpx INFO HTTP Request: POST http://localhost:8000/api/v1/eventos/ingest "HTTP/1.1 201 Created"
2026-08-19 20:03:43,708 vision INFO frame=540 detectados=13 enviado=True
2026-08-19 20:03:49,242 httpx INFO HTTP Request: POST http://localhost:8000/api/v1/eventos/ingest "HTTP/1.1 201 Created"
2026-08-19 20:03:49,244 vision INFO frame=570 detectados=11 enviado=True
2026-08-19 20:03:54,599 httpx INFO HTTP Request: POST http://localhost:8000/api/v1/eventos/ingest "HTTP/1.1 201 Created"
2026-08-19 20:03:54,600 vision INFO frame=600 detectados=15 enviado=True
2026-08-19 20:04:00,342 httpx INFO HTTP Request: POST http://localhost:8000/api/v1/eventos/ingest "HTTP/1.1 201 Created"
2026-08-19 20:04:00,344 vision INFO frame=630 detectados=12 enviado=True
2026-08-19 20:04:05,980 httpx INFO HTTP Request: POST http://localhost:8000/api/v1/eventos/ingest "HTTP/1.1 201 Created"
2026-08-19 20:04:05,981 vision INFO frame=660 detectados=10 enviado=True
2026-08-19 20:04:11,241 httpx INFO HTTP Request: POST http://localhost:8000/api/v1/eventos/ingest "HTTP/1.1 201 Created"
2026-08-19 20:04:11,242 vision INFO frame=690 detectados=9 enviado=True
2026-08-19 20:04:16,572 httpx INFO HTTP Request: POST http://localhost:8000/api/v1/eventos/ingest "HTTP/1.1 201 Created"
2026-08-19 20:04:16,573 vision INFO frame=720 detectados=10 enviado=True
2026-08-19 20:04:21,778 httpx INFO HTTP Request: POST http://localhost:8000/api/v1/eventos/ingest "HTTP/1.1 201 Created"
2026-08-19 20:04:21,779 vision INFO frame=750 detectados=11 enviado=True
2026-08-19 20:04:27,566 httpx INFO HTTP Request: POST http://localhost:8000/api/v1/eventos/ingest "HTTP/1.1 201 Created"
2026-08-19 20:04:27,567 vision INFO frame=780 detectados=10 enviado=True
2026-08-19 20:04:32,976 httpx INFO HTTP Request: POST http://localhost:8000/api/v1/eventos/ingest "HTTP/1.1 201 Created"
2026-08-19 20:04:32,977 vision INFO frame=810 detectados=16 enviado=True
2026-08-19 20:04:38,843 httpx INFO HTTP Request: POST http://localhost:8000/api/v1/eventos/ingest "HTTP/1.1 201 Created"
2026-08-19 20:04:38,844 vision INFO frame=840 detectados=12 enviado=True
2026-08-19 20:04:45,928 httpx INFO HTTP Request: POST http://localhost:8000/api/v1/eventos/ingest "HTTP/1.1 201 Created"
2026-08-19 20:04:45,930 vision INFO frame=870 detectados=5 enviado=True
2026-08-19 20:04:52,348 httpx INFO HTTP Request: POST http://localhost:8000/api/v1/eventos/ingest "HTTP/1.1 201 Created"
2026-08-19 20:04:52,349 vision INFO frame=900 detectados=10 enviado=True
2026-08-19 20:04:57,888 httpx INFO HTTP Request: POST http://localhost:8000/api/v1/eventos/ingest "HTTP/1.1 201 Created"
2026-08-19 20:04:57,889 vision INFO frame=930 detectados=14 enviado=True
2026-08-19 20:05:04,021 httpx INFO HTTP Request: POST http://localhost:8000/api/v1/eventos/ingest "HTTP/1.1 201 Created"
2026-08-19 20:05:04,023 vision INFO frame=960 detectados=11 enviado=True
2026-08-19 20:05:10,036 httpx INFO HTTP Request: POST http://localhost:8000/api/v1/eventos/ingest "HTTP/1.1 201 Created"
2026-08-19 20:05:10,038 vision INFO frame=990 detectados=7 enviado=True
2026-08-19 20:05:15,273 httpx INFO HTTP Request: POST http://localhost:8000/api/v1/eventos/ingest "HTTP/1.1 201 Created"
2026-08-19 20:05:15,274 vision INFO frame=1020 detectados=7 enviado=True
2026-08-19 20:05:20,503 httpx INFO HTTP Request: POST http://localhost:8000/api/v1/eventos/ingest "HTTP/1.1 201 Created"
2026-08-19 20:05:20,504 vision INFO frame=1050 detectados=9 enviado=True
2026-08-19 20:05:25,591 httpx INFO HTTP Request: POST http://localhost:8000/api/v1/eventos/ingest "HTTP/1.1 201 Created"
2026-08-19 20:05:25,592 vision INFO frame=1080 detectados=12 enviado=True
2026-08-19 20:05:31,898 httpx INFO HTTP Request: POST http://localhost:8000/api/v1/eventos/ingest "HTTP/1.1 201 Created"
2026-08-19 20:05:31,900 vision INFO frame=1110 detectados=8 enviado=True
2026-08-19 20:05:37,146 httpx INFO HTTP Request: POST http://localhost:8000/api/v1/eventos/ingest "HTTP/1.1 201 Created"
2026-08-19 20:05:37,147 vision INFO frame=1140 detectados=6 enviado=True
2026-08-19 20:05:42,733 httpx INFO HTTP Request: POST http://localhost:8000/api/v1/eventos/ingest "HTTP/1.1 201 Created"
2026-08-19 20:05:42,734 vision INFO frame=1170 detectados=4 enviado=True
2026-08-19 20:05:42,792 vision INFO Bucle finalizado, reiniciando la fuente…
2026-08-19 20:05:49,382 httpx INFO HTTP Request: POST http://localhost:8000/api/v1/eventos/ingest "HTTP/1.1 201 Created"
2026-08-19 20:05:49,383 vision INFO frame=30 detectados=10 enviado=True
2026-08-19 20:05:54,492 httpx INFO HTTP Request: POST http://localhost:8000/api/v1/eventos/ingest "HTTP/1.1 201 Created"
2026-08-19 20:05:54,493 vision INFO frame=60 detectados=6 enviado=True
2026-08-19 20:05:59,665 httpx INFO HTTP Request: POST http://localhost:8000/api/v1/eventos/ingest "HTTP/1.1 201 Created"
2026-08-19 20:05:59,666 vision INFO frame=90 detectados=8 enviado=True
2026-08-19 20:06:04,800 httpx INFO HTTP Request: POST http://localhost:8000/api/v1/eventos/ingest "HTTP/1.1 201 Created"
2026-08-19 20:06:04,801 vision INFO frame=120 detectados=10 enviado=True
2026-08-19 20:06:09,897 httpx INFO HTTP Request: POST http://localhost:8000/api/v1/eventos/ingest "HTTP/1.1 201 Created"
2026-08-19 20:06:09,898 vision INFO frame=150 detectados=7 enviado=True
2026-08-19 20:06:15,409 httpx INFO HTTP Request: POST http://localhost:8000/api/v1/eventos/ingest "HTTP/1.1 201 Created"
2026-08-19 20:06:15,410 vision INFO frame=180 detectados=9 enviado=True
2026-08-19 20:06:20,387 httpx INFO HTTP Request: POST http://localhost:8000/api/v1/eventos/ingest "HTTP/1.1 201 Created"
2026-08-19 20:06:20,388 vision INFO frame=210 detectados=10 enviado=True
2026-08-19 20:06:25,374 httpx INFO HTTP Request: POST http://localhost:8000/api/v1/eventos/ingest "HTTP/1.1 201 Created"
2026-08-19 20:06:25,375 vision INFO frame=240 detectados=8 enviado=True
2026-08-19 20:06:30,345 httpx INFO HTTP Request: POST http://localhost:8000/api/v1/eventos/ingest "HTTP/1.1 201 Created"
2026-08-19 20:06:30,346 vision INFO frame=270 detectados=9 enviado=True
2026-08-19 20:06:35,319 httpx INFO HTTP Request: POST http://localhost:8000/api/v1/eventos/ingest "HTTP/1.1 201 Created"
2026-08-19 20:06:35,320 vision INFO frame=300 detectados=10 enviado=True
2026-08-19 20:06:40,443 httpx INFO HTTP Request: POST http://localhost:8000/api/v1/eventos/ingest "HTTP/1.1 201 Created"
2026-08-19 20:06:40,445 vision INFO frame=330 detectados=8 enviado=True
2026-08-19 20:06:45,586 httpx INFO HTTP Request: POST http://localhost:8000/api/v1/eventos/ingest "HTTP/1.1 201 Created"
2026-08-19 20:06:45,587 vision INFO frame=360 detectados=9 enviado=True
2026-08-19 20:06:51,685 httpx INFO HTTP Request: POST http://localhost:8000/api/v1/eventos/ingest "HTTP/1.1 201 Created"
2026-08-19 20:06:51,687 vision INFO frame=390 detectados=10 enviado=True
2026-08-19 20:06:57,475 httpx INFO HTTP Request: POST http://localhost:8000/api/v1/eventos/ingest "HTTP/1.1 201 Created"
2026-08-19 20:06:57,477 vision INFO frame=420 detectados=11 enviado=True
2026-08-19 20:07:08,119 src.backend_client ERROR Fallo al enviar evento frame 450
Traceback (most recent call last):
  File "/home/raftlee/Documentos/Workspace/prototipo-vigia/vision/.venv/lib/python3.12/site-packages/httpx/_transports/default.py", line 101, in map_httpcore_exceptions
    yield
  File "/home/raftlee/Documentos/Workspace/prototipo-vigia/vision/.venv/lib/python3.12/site-packages/httpx/_transports/default.py", line 394, in handle_async_request
    resp = await self._pool.handle_async_request(req)
           ^^^^^^^^^^^^^^^^^^^^^^^^^^^^^^^^^^^^^^^^^^
  File "/home/raftlee/Documentos/Workspace/prototipo-vigia/vision/.venv/lib/python3.12/site-packages/httpcore/_async/connection_pool.py", line 256, in handle_async_request
    raise exc from None
  File "/home/raftlee/Documentos/Workspace/prototipo-vigia/vision/.venv/lib/python3.12/site-packages/httpcore/_async/connection_pool.py", line 236, in handle_async_request
    response = await connection.handle_async_request(
               ^^^^^^^^^^^^^^^^^^^^^^^^^^^^^^^^^^^^^^
  File "/home/raftlee/Documentos/Workspace/prototipo-vigia/vision/.venv/lib/python3.12/site-packages/httpcore/_async/connection.py", line 103, in handle_async_request
    return await self._connection.handle_async_request(request)
           ^^^^^^^^^^^^^^^^^^^^^^^^^^^^^^^^^^^^^^^^^^^^^^^^^^^^
  File "/home/raftlee/Documentos/Workspace/prototipo-vigia/vision/.venv/lib/python3.12/site-packages/httpcore/_async/http11.py", line 136, in handle_async_request
    raise exc
  File "/home/raftlee/Documentos/Workspace/prototipo-vigia/vision/.venv/lib/python3.12/site-packages/httpcore/_async/http11.py", line 106, in handle_async_request
    ) = await self._receive_response_headers(**kwargs)
        ^^^^^^^^^^^^^^^^^^^^^^^^^^^^^^^^^^^^^^^^^^^^^^
  File "/home/raftlee/Documentos/Workspace/prototipo-vigia/vision/.venv/lib/python3.12/site-packages/httpcore/_async/http11.py", line 177, in _receive_response_headers
    event = await self._receive_event(timeout=timeout)
            ^^^^^^^^^^^^^^^^^^^^^^^^^^^^^^^^^^^^^^^^^^
  File "/home/raftlee/Documentos/Workspace/prototipo-vigia/vision/.venv/lib/python3.12/site-packages/httpcore/_async/http11.py", line 217, in _receive_event
    data = await self._network_stream.read(
           ^^^^^^^^^^^^^^^^^^^^^^^^^^^^^^^^
  File "/home/raftlee/Documentos/Workspace/prototipo-vigia/vision/.venv/lib/python3.12/site-packages/httpcore/_backends/anyio.py", line 32, in read
    with map_exceptions(exc_map):
  File "/usr/lib/python3.12/contextlib.py", line 158, in __exit__
    self.gen.throw(value)
  File "/home/raftlee/Documentos/Workspace/prototipo-vigia/vision/.venv/lib/python3.12/site-packages/httpcore/_exceptions.py", line 14, in map_exceptions
    raise to_exc(exc) from exc
httpcore.ReadTimeout

The above exception was the direct cause of the following exception:

Traceback (most recent call last):
  File "/home/raftlee/Documentos/Workspace/prototipo-vigia/vision/src/backend_client.py", line 19, in enviar
    resp = await client.post(self.url, json=evento)
           ^^^^^^^^^^^^^^^^^^^^^^^^^^^^^^^^^^^^^^^^
  File "/home/raftlee/Documentos/Workspace/prototipo-vigia/vision/.venv/lib/python3.12/site-packages/httpx/_client.py", line 1859, in post
    return await self.request(
           ^^^^^^^^^^^^^^^^^^^
  File "/home/raftlee/Documentos/Workspace/prototipo-vigia/vision/.venv/lib/python3.12/site-packages/httpx/_client.py", line 1540, in request
    return await self.send(request, auth=auth, follow_redirects=follow_redirects)
           ^^^^^^^^^^^^^^^^^^^^^^^^^^^^^^^^^^^^^^^^^^^^^^^^^^^^^^^^^^^^^^^^^^^^^^
  File "/home/raftlee/Documentos/Workspace/prototipo-vigia/vision/.venv/lib/python3.12/site-packages/httpx/_client.py", line 1629, in send
    response = await self._send_handling_auth(
               ^^^^^^^^^^^^^^^^^^^^^^^^^^^^^^^
  File "/home/raftlee/Documentos/Workspace/prototipo-vigia/vision/.venv/lib/python3.12/site-packages/httpx/_client.py", line 1657, in _send_handling_auth
    response = await self._send_handling_redirects(
               ^^^^^^^^^^^^^^^^^^^^^^^^^^^^^^^^^^^^
  File "/home/raftlee/Documentos/Workspace/prototipo-vigia/vision/.venv/lib/python3.12/site-packages/httpx/_client.py", line 1694, in _send_handling_redirects
    response = await self._send_single_request(request)
               ^^^^^^^^^^^^^^^^^^^^^^^^^^^^^^^^^^^^^^^^
  File "/home/raftlee/Documentos/Workspace/prototipo-vigia/vision/.venv/lib/python3.12/site-packages/httpx/_client.py", line 1730, in _send_single_request
    response = await transport.handle_async_request(request)
               ^^^^^^^^^^^^^^^^^^^^^^^^^^^^^^^^^^^^^^^^^^^^^
  File "/home/raftlee/Documentos/Workspace/prototipo-vigia/vision/.venv/lib/python3.12/site-packages/httpx/_transports/default.py", line 393, in handle_async_request
    with map_httpcore_exceptions():
  File "/usr/lib/python3.12/contextlib.py", line 158, in __exit__
    self.gen.throw(value)
  File "/home/raftlee/Documentos/Workspace/prototipo-vigia/vision/.venv/lib/python3.12/site-packages/httpx/_transports/default.py", line 118, in map_httpcore_exceptions
    raise mapped_exc(message) from exc
httpx.ReadTimeout
2026-08-19 20:07:10,181 httpx INFO HTTP Request: POST http://localhost:8000/api/v1/eventos/ingest "HTTP/1.1 201 Created"
2026-08-19 20:07:10,183 vision INFO frame=450 detectados=11 enviado=True
2026-08-19 20:07:10,892 httpx INFO HTTP Request: POST http://localhost:8000/api/v1/eventos/ingest "HTTP/1.1 201 Created"
2026-08-19 20:07:10,893 vision INFO frame=480 detectados=14 enviado=True
2026-08-19 20:07:11,370 httpx INFO HTTP Request: POST http://localhost:8000/api/v1/eventos/ingest "HTTP/1.1 201 Created"
2026-08-19 20:07:11,371 vision INFO frame=510 detectados=14 enviado=True
2026-08-19 20:07:11,833 httpx INFO HTTP Request: POST http://localhost:8000/api/v1/eventos/ingest "HTTP/1.1 201 Created"
2026-08-19 20:07:11,834 vision INFO frame=540 detectados=13 enviado=True
2026-08-19 20:07:12,288 httpx INFO HTTP Request: POST http://localhost:8000/api/v1/eventos/ingest "HTTP/1.1 201 Created"
2026-08-19 20:07:12,289 vision INFO frame=570 detectados=11 enviado=True
2026-08-19 20:07:22,781 src.backend_client ERROR Fallo al enviar evento frame 600
Traceback (most recent call last):
  File "/home/raftlee/Documentos/Workspace/prototipo-vigia/vision/.venv/lib/python3.12/site-packages/httpx/_transports/default.py", line 101, in map_httpcore_exceptions
    yield
  File "/home/raftlee/Documentos/Workspace/prototipo-vigia/vision/.venv/lib/python3.12/site-packages/httpx/_transports/default.py", line 394, in handle_async_request
    resp = await self._pool.handle_async_request(req)
           ^^^^^^^^^^^^^^^^^^^^^^^^^^^^^^^^^^^^^^^^^^
  File "/home/raftlee/Documentos/Workspace/prototipo-vigia/vision/.venv/lib/python3.12/site-packages/httpcore/_async/connection_pool.py", line 256, in handle_async_request
    raise exc from None
  File "/home/raftlee/Documentos/Workspace/prototipo-vigia/vision/.venv/lib/python3.12/site-packages/httpcore/_async/connection_pool.py", line 236, in handle_async_request
    response = await connection.handle_async_request(
               ^^^^^^^^^^^^^^^^^^^^^^^^^^^^^^^^^^^^^^
  File "/home/raftlee/Documentos/Workspace/prototipo-vigia/vision/.venv/lib/python3.12/site-packages/httpcore/_async/connection.py", line 103, in handle_async_request
    return await self._connection.handle_async_request(request)
           ^^^^^^^^^^^^^^^^^^^^^^^^^^^^^^^^^^^^^^^^^^^^^^^^^^^^
  File "/home/raftlee/Documentos/Workspace/prototipo-vigia/vision/.venv/lib/python3.12/site-packages/httpcore/_async/http11.py", line 136, in handle_async_request
    raise exc
  File "/home/raftlee/Documentos/Workspace/prototipo-vigia/vision/.venv/lib/python3.12/site-packages/httpcore/_async/http11.py", line 106, in handle_async_request
    ) = await self._receive_response_headers(**kwargs)
        ^^^^^^^^^^^^^^^^^^^^^^^^^^^^^^^^^^^^^^^^^^^^^^
  File "/home/raftlee/Documentos/Workspace/prototipo-vigia/vision/.venv/lib/python3.12/site-packages/httpcore/_async/http11.py", line 177, in _receive_response_headers
    event = await self._receive_event(timeout=timeout)
            ^^^^^^^^^^^^^^^^^^^^^^^^^^^^^^^^^^^^^^^^^^
  File "/home/raftlee/Documentos/Workspace/prototipo-vigia/vision/.venv/lib/python3.12/site-packages/httpcore/_async/http11.py", line 217, in _receive_event
    data = await self._network_stream.read(
           ^^^^^^^^^^^^^^^^^^^^^^^^^^^^^^^^
  File "/home/raftlee/Documentos/Workspace/prototipo-vigia/vision/.venv/lib/python3.12/site-packages/httpcore/_backends/anyio.py", line 32, in read
    with map_exceptions(exc_map):
  File "/usr/lib/python3.12/contextlib.py", line 158, in __exit__
    self.gen.throw(value)
  File "/home/raftlee/Documentos/Workspace/prototipo-vigia/vision/.venv/lib/python3.12/site-packages/httpcore/_exceptions.py", line 14, in map_exceptions
    raise to_exc(exc) from exc
httpcore.ReadTimeout

The above exception was the direct cause of the following exception:

Traceback (most recent call last):
  File "/home/raftlee/Documentos/Workspace/prototipo-vigia/vision/src/backend_client.py", line 19, in enviar
    resp = await client.post(self.url, json=evento)
           ^^^^^^^^^^^^^^^^^^^^^^^^^^^^^^^^^^^^^^^^
  File "/home/raftlee/Documentos/Workspace/prototipo-vigia/vision/.venv/lib/python3.12/site-packages/httpx/_client.py", line 1859, in post
    return await self.request(
           ^^^^^^^^^^^^^^^^^^^
  File "/home/raftlee/Documentos/Workspace/prototipo-vigia/vision/.venv/lib/python3.12/site-packages/httpx/_client.py", line 1540, in request
    return await self.send(request, auth=auth, follow_redirects=follow_redirects)
           ^^^^^^^^^^^^^^^^^^^^^^^^^^^^^^^^^^^^^^^^^^^^^^^^^^^^^^^^^^^^^^^^^^^^^^
  File "/home/raftlee/Documentos/Workspace/prototipo-vigia/vision/.venv/lib/python3.12/site-packages/httpx/_client.py", line 1629, in send
    response = await self._send_handling_auth(
               ^^^^^^^^^^^^^^^^^^^^^^^^^^^^^^^
  File "/home/raftlee/Documentos/Workspace/prototipo-vigia/vision/.venv/lib/python3.12/site-packages/httpx/_client.py", line 1657, in _send_handling_auth
    response = await self._send_handling_redirects(
               ^^^^^^^^^^^^^^^^^^^^^^^^^^^^^^^^^^^^
  File "/home/raftlee/Documentos/Workspace/prototipo-vigia/vision/.venv/lib/python3.12/site-packages/httpx/_client.py", line 1694, in _send_handling_redirects
    response = await self._send_single_request(request)
               ^^^^^^^^^^^^^^^^^^^^^^^^^^^^^^^^^^^^^^^^
  File "/home/raftlee/Documentos/Workspace/prototipo-vigia/vision/.venv/lib/python3.12/site-packages/httpx/_client.py", line 1730, in _send_single_request
    response = await transport.handle_async_request(request)
               ^^^^^^^^^^^^^^^^^^^^^^^^^^^^^^^^^^^^^^^^^^^^^
  File "/home/raftlee/Documentos/Workspace/prototipo-vigia/vision/.venv/lib/python3.12/site-packages/httpx/_transports/default.py", line 393, in handle_async_request
    with map_httpcore_exceptions():
  File "/usr/lib/python3.12/contextlib.py", line 158, in __exit__
    self.gen.throw(value)
  File "/home/raftlee/Documentos/Workspace/prototipo-vigia/vision/.venv/lib/python3.12/site-packages/httpx/_transports/default.py", line 118, in map_httpcore_exceptions
    raise mapped_exc(message) from exc
httpx.ReadTimeout
2026-08-19 20:07:34,823 src.backend_client ERROR Fallo al enviar evento frame 600
Traceback (most recent call last):
  File "/home/raftlee/Documentos/Workspace/prototipo-vigia/vision/.venv/lib/python3.12/site-packages/httpx/_transports/default.py", line 101, in map_httpcore_exceptions
    yield
  File "/home/raftlee/Documentos/Workspace/prototipo-vigia/vision/.venv/lib/python3.12/site-packages/httpx/_transports/default.py", line 394, in handle_async_request
    resp = await self._pool.handle_async_request(req)
           ^^^^^^^^^^^^^^^^^^^^^^^^^^^^^^^^^^^^^^^^^^
  File "/home/raftlee/Documentos/Workspace/prototipo-vigia/vision/.venv/lib/python3.12/site-packages/httpcore/_async/connection_pool.py", line 256, in handle_async_request
    raise exc from None
  File "/home/raftlee/Documentos/Workspace/prototipo-vigia/vision/.venv/lib/python3.12/site-packages/httpcore/_async/connection_pool.py", line 236, in handle_async_request
    response = await connection.handle_async_request(
               ^^^^^^^^^^^^^^^^^^^^^^^^^^^^^^^^^^^^^^
  File "/home/raftlee/Documentos/Workspace/prototipo-vigia/vision/.venv/lib/python3.12/site-packages/httpcore/_async/connection.py", line 103, in handle_async_request
    return await self._connection.handle_async_request(request)
           ^^^^^^^^^^^^^^^^^^^^^^^^^^^^^^^^^^^^^^^^^^^^^^^^^^^^
  File "/home/raftlee/Documentos/Workspace/prototipo-vigia/vision/.venv/lib/python3.12/site-packages/httpcore/_async/http11.py", line 136, in handle_async_request
    raise exc
  File "/home/raftlee/Documentos/Workspace/prototipo-vigia/vision/.venv/lib/python3.12/site-packages/httpcore/_async/http11.py", line 106, in handle_async_request
    ) = await self._receive_response_headers(**kwargs)
        ^^^^^^^^^^^^^^^^^^^^^^^^^^^^^^^^^^^^^^^^^^^^^^
  File "/home/raftlee/Documentos/Workspace/prototipo-vigia/vision/.venv/lib/python3.12/site-packages/httpcore/_async/http11.py", line 177, in _receive_response_headers
    event = await self._receive_event(timeout=timeout)
            ^^^^^^^^^^^^^^^^^^^^^^^^^^^^^^^^^^^^^^^^^^
  File "/home/raftlee/Documentos/Workspace/prototipo-vigia/vision/.venv/lib/python3.12/site-packages/httpcore/_async/http11.py", line 217, in _receive_event
    data = await self._network_stream.read(
           ^^^^^^^^^^^^^^^^^^^^^^^^^^^^^^^^
  File "/home/raftlee/Documentos/Workspace/prototipo-vigia/vision/.venv/lib/python3.12/site-packages/httpcore/_backends/anyio.py", line 32, in read
    with map_exceptions(exc_map):
  File "/usr/lib/python3.12/contextlib.py", line 158, in __exit__
    self.gen.throw(value)
  File "/home/raftlee/Documentos/Workspace/prototipo-vigia/vision/.venv/lib/python3.12/site-packages/httpcore/_exceptions.py", line 14, in map_exceptions
    raise to_exc(exc) from exc
httpcore.ReadTimeout

The above exception was the direct cause of the following exception:

Traceback (most recent call last):
  File "/home/raftlee/Documentos/Workspace/prototipo-vigia/vision/src/backend_client.py", line 19, in enviar
    resp = await client.post(self.url, json=evento)
           ^^^^^^^^^^^^^^^^^^^^^^^^^^^^^^^^^^^^^^^^
  File "/home/raftlee/Documentos/Workspace/prototipo-vigia/vision/.venv/lib/python3.12/site-packages/httpx/_client.py", line 1859, in post
    return await self.request(
           ^^^^^^^^^^^^^^^^^^^
  File "/home/raftlee/Documentos/Workspace/prototipo-vigia/vision/.venv/lib/python3.12/site-packages/httpx/_client.py", line 1540, in request
    return await self.send(request, auth=auth, follow_redirects=follow_redirects)
           ^^^^^^^^^^^^^^^^^^^^^^^^^^^^^^^^^^^^^^^^^^^^^^^^^^^^^^^^^^^^^^^^^^^^^^
  File "/home/raftlee/Documentos/Workspace/prototipo-vigia/vision/.venv/lib/python3.12/site-packages/httpx/_client.py", line 1629, in send
    response = await self._send_handling_auth(
               ^^^^^^^^^^^^^^^^^^^^^^^^^^^^^^^
  File "/home/raftlee/Documentos/Workspace/prototipo-vigia/vision/.venv/lib/python3.12/site-packages/httpx/_client.py", line 1657, in _send_handling_auth
    response = await self._send_handling_redirects(
               ^^^^^^^^^^^^^^^^^^^^^^^^^^^^^^^^^^^^
  File "/home/raftlee/Documentos/Workspace/prototipo-vigia/vision/.venv/lib/python3.12/site-packages/httpx/_client.py", line 1694, in _send_handling_redirects
    response = await self._send_single_request(request)
               ^^^^^^^^^^^^^^^^^^^^^^^^^^^^^^^^^^^^^^^^
  File "/home/raftlee/Documentos/Workspace/prototipo-vigia/vision/.venv/lib/python3.12/site-packages/httpx/_client.py", line 1730, in _send_single_request
    response = await transport.handle_async_request(request)
               ^^^^^^^^^^^^^^^^^^^^^^^^^^^^^^^^^^^^^^^^^^^^^
  File "/home/raftlee/Documentos/Workspace/prototipo-vigia/vision/.venv/lib/python3.12/site-packages/httpx/_transports/default.py", line 393, in handle_async_request
    with map_httpcore_exceptions():
  File "/usr/lib/python3.12/contextlib.py", line 158, in __exit__
    self.gen.throw(value)
  File "/home/raftlee/Documentos/Workspace/prototipo-vigia/vision/.venv/lib/python3.12/site-packages/httpx/_transports/default.py", line 118, in map_httpcore_exceptions
    raise mapped_exc(message) from exc
httpx.ReadTimeout
2026-08-19 20:07:48,863 src.backend_client ERROR Fallo al enviar evento frame 600
Traceback (most recent call last):
  File "/home/raftlee/Documentos/Workspace/prototipo-vigia/vision/.venv/lib/python3.12/site-packages/httpx/_transports/default.py", line 101, in map_httpcore_exceptions
    yield
  File "/home/raftlee/Documentos/Workspace/prototipo-vigia/vision/.venv/lib/python3.12/site-packages/httpx/_transports/default.py", line 394, in handle_async_request
    resp = await self._pool.handle_async_request(req)
           ^^^^^^^^^^^^^^^^^^^^^^^^^^^^^^^^^^^^^^^^^^
  File "/home/raftlee/Documentos/Workspace/prototipo-vigia/vision/.venv/lib/python3.12/site-packages/httpcore/_async/connection_pool.py", line 256, in handle_async_request
    raise exc from None
  File "/home/raftlee/Documentos/Workspace/prototipo-vigia/vision/.venv/lib/python3.12/site-packages/httpcore/_async/connection_pool.py", line 236, in handle_async_request
    response = await connection.handle_async_request(
               ^^^^^^^^^^^^^^^^^^^^^^^^^^^^^^^^^^^^^^
  File "/home/raftlee/Documentos/Workspace/prototipo-vigia/vision/.venv/lib/python3.12/site-packages/httpcore/_async/connection.py", line 103, in handle_async_request
    return await self._connection.handle_async_request(request)
           ^^^^^^^^^^^^^^^^^^^^^^^^^^^^^^^^^^^^^^^^^^^^^^^^^^^^
  File "/home/raftlee/Documentos/Workspace/prototipo-vigia/vision/.venv/lib/python3.12/site-packages/httpcore/_async/http11.py", line 136, in handle_async_request
    raise exc
  File "/home/raftlee/Documentos/Workspace/prototipo-vigia/vision/.venv/lib/python3.12/site-packages/httpcore/_async/http11.py", line 106, in handle_async_request
    ) = await self._receive_response_headers(**kwargs)
        ^^^^^^^^^^^^^^^^^^^^^^^^^^^^^^^^^^^^^^^^^^^^^^
  File "/home/raftlee/Documentos/Workspace/prototipo-vigia/vision/.venv/lib/python3.12/site-packages/httpcore/_async/http11.py", line 177, in _receive_response_headers
    event = await self._receive_event(timeout=timeout)
            ^^^^^^^^^^^^^^^^^^^^^^^^^^^^^^^^^^^^^^^^^^
  File "/home/raftlee/Documentos/Workspace/prototipo-vigia/vision/.venv/lib/python3.12/site-packages/httpcore/_async/http11.py", line 217, in _receive_event
    data = await self._network_stream.read(
           ^^^^^^^^^^^^^^^^^^^^^^^^^^^^^^^^
  File "/home/raftlee/Documentos/Workspace/prototipo-vigia/vision/.venv/lib/python3.12/site-packages/httpcore/_backends/anyio.py", line 32, in read
    with map_exceptions(exc_map):
  File "/usr/lib/python3.12/contextlib.py", line 158, in __exit__
    self.gen.throw(value)
  File "/home/raftlee/Documentos/Workspace/prototipo-vigia/vision/.venv/lib/python3.12/site-packages/httpcore/_exceptions.py", line 14, in map_exceptions
    raise to_exc(exc) from exc
httpcore.ReadTimeout

The above exception was the direct cause of the following exception:

Traceback (most recent call last):
  File "/home/raftlee/Documentos/Workspace/prototipo-vigia/vision/src/backend_client.py", line 19, in enviar
    resp = await client.post(self.url, json=evento)
           ^^^^^^^^^^^^^^^^^^^^^^^^^^^^^^^^^^^^^^^^
  File "/home/raftlee/Documentos/Workspace/prototipo-vigia/vision/.venv/lib/python3.12/site-packages/httpx/_client.py", line 1859, in post
    return await self.request(
           ^^^^^^^^^^^^^^^^^^^
  File "/home/raftlee/Documentos/Workspace/prototipo-vigia/vision/.venv/lib/python3.12/site-packages/httpx/_client.py", line 1540, in request
    return await self.send(request, auth=auth, follow_redirects=follow_redirects)
           ^^^^^^^^^^^^^^^^^^^^^^^^^^^^^^^^^^^^^^^^^^^^^^^^^^^^^^^^^^^^^^^^^^^^^^
  File "/home/raftlee/Documentos/Workspace/prototipo-vigia/vision/.venv/lib/python3.12/site-packages/httpx/_client.py", line 1629, in send
    response = await self._send_handling_auth(
               ^^^^^^^^^^^^^^^^^^^^^^^^^^^^^^^
  File "/home/raftlee/Documentos/Workspace/prototipo-vigia/vision/.venv/lib/python3.12/site-packages/httpx/_client.py", line 1657, in _send_handling_auth
    response = await self._send_handling_redirects(
               ^^^^^^^^^^^^^^^^^^^^^^^^^^^^^^^^^^^^
  File "/home/raftlee/Documentos/Workspace/prototipo-vigia/vision/.venv/lib/python3.12/site-packages/httpx/_client.py", line 1694, in _send_handling_redirects
    response = await self._send_single_request(request)
               ^^^^^^^^^^^^^^^^^^^^^^^^^^^^^^^^^^^^^^^^
  File "/home/raftlee/Documentos/Workspace/prototipo-vigia/vision/.venv/lib/python3.12/site-packages/httpx/_client.py", line 1730, in _send_single_request
    response = await transport.handle_async_request(request)
               ^^^^^^^^^^^^^^^^^^^^^^^^^^^^^^^^^^^^^^^^^^^^^
  File "/home/raftlee/Documentos/Workspace/prototipo-vigia/vision/.venv/lib/python3.12/site-packages/httpx/_transports/default.py", line 393, in handle_async_request
    with map_httpcore_exceptions():
  File "/usr/lib/python3.12/contextlib.py", line 158, in __exit__
    self.gen.throw(value)
  File "/home/raftlee/Documentos/Workspace/prototipo-vigia/vision/.venv/lib/python3.12/site-packages/httpx/_transports/default.py", line 118, in map_httpcore_exceptions
    raise mapped_exc(message) from exc
httpx.ReadTimeout
2026-08-19 20:07:56,866 src.backend_client ERROR Se agotaron los reintentos para el frame 600
2026-08-19 20:07:56,866 vision INFO frame=600 detectados=15 enviado=False
2026-08-19 20:08:02,631 httpx INFO HTTP Request: POST http://localhost:8000/api/v1/eventos/ingest "HTTP/1.1 201 Created"
2026-08-19 20:08:02,632 vision INFO frame=630 detectados=12 enviado=True
2026-08-19 20:08:07,926 httpx INFO HTTP Request: POST http://localhost:8000/api/v1/eventos/ingest "HTTP/1.1 201 Created"
2026-08-19 20:08:07,927 vision INFO frame=660 detectados=10 enviado=True
2026-08-19 20:08:13,445 httpx INFO HTTP Request: POST http://localhost:8000/api/v1/eventos/ingest "HTTP/1.1 201 Created"
2026-08-19 20:08:13,447 vision INFO frame=690 detectados=9 enviado=True
2026-08-19 20:08:18,475 httpx INFO HTTP Request: POST http://localhost:8000/api/v1/eventos/ingest "HTTP/1.1 201 Created"
2026-08-19 20:08:18,476 vision INFO frame=720 detectados=10 enviado=True
2026-08-19 20:08:23,420 httpx INFO HTTP Request: POST http://localhost:8000/api/v1/eventos/ingest "HTTP/1.1 201 Created"
2026-08-19 20:08:23,421 vision INFO frame=750 detectados=11 enviado=True
2026-08-19 20:08:28,354 httpx INFO HTTP Request: POST http://localhost:8000/api/v1/eventos/ingest "HTTP/1.1 201 Created"
2026-08-19 20:08:28,355 vision INFO frame=780 detectados=10 enviado=True
2026-08-19 20:08:33,612 httpx INFO HTTP Request: POST http://localhost:8000/api/v1/eventos/ingest "HTTP/1.1 201 Created"
2026-08-19 20:08:33,613 vision INFO frame=810 detectados=16 enviado=True
2026-08-19 20:08:38,600 httpx INFO HTTP Request: POST http://localhost:8000/api/v1/eventos/ingest "HTTP/1.1 201 Created"
2026-08-19 20:08:38,601 vision INFO frame=840 detectados=12 enviado=True
2026-08-19 20:08:43,667 httpx INFO HTTP Request: POST http://localhost:8000/api/v1/eventos/ingest "HTTP/1.1 201 Created"
2026-08-19 20:08:43,668 vision INFO frame=870 detectados=5 enviado=True
2026-08-19 20:08:48,743 httpx INFO HTTP Request: POST http://localhost:8000/api/v1/eventos/ingest "HTTP/1.1 201 Created"
2026-08-19 20:08:48,744 vision INFO frame=900 detectados=10 enviado=True
2026-08-19 20:08:53,769 httpx INFO HTTP Request: POST http://localhost:8000/api/v1/eventos/ingest "HTTP/1.1 201 Created"
2026-08-19 20:08:53,771 vision INFO frame=930 detectados=14 enviado=True
2026-08-19 20:08:58,799 httpx INFO HTTP Request: POST http://localhost:8000/api/v1/eventos/ingest "HTTP/1.1 201 Created"
2026-08-19 20:08:58,800 vision INFO frame=960 detectados=11 enviado=True
2026-08-19 20:09:03,838 httpx INFO HTTP Request: POST http://localhost:8000/api/v1/eventos/ingest "HTTP/1.1 201 Created"
2026-08-19 20:09:03,839 vision INFO frame=990 detectados=7 enviado=True
2026-08-19 20:09:08,962 httpx INFO HTTP Request: POST http://localhost:8000/api/v1/eventos/ingest "HTTP/1.1 201 Created"
2026-08-19 20:09:08,963 vision INFO frame=1020 detectados=7 enviado=True
2026-08-19 20:09:14,087 httpx INFO HTTP Request: POST http://localhost:8000/api/v1/eventos/ingest "HTTP/1.1 201 Created"
2026-08-19 20:09:14,088 vision INFO frame=1050 detectados=9 enviado=True
2026-08-19 20:09:19,214 httpx INFO HTTP Request: POST http://localhost:8000/api/v1/eventos/ingest "HTTP/1.1 201 Created"
2026-08-19 20:09:19,215 vision INFO frame=1080 detectados=12 enviado=True
2026-08-19 20:09:24,466 httpx INFO HTTP Request: POST http://localhost:8000/api/v1/eventos/ingest "HTTP/1.1 201 Created"
2026-08-19 20:09:24,468 vision INFO frame=1110 detectados=8 enviado=True
2026-08-19 20:09:29,743 httpx INFO HTTP Request: POST http://localhost:8000/api/v1/eventos/ingest "HTTP/1.1 201 Created"
2026-08-19 20:09:29,744 vision INFO frame=1140 detectados=6 enviado=True
2026-08-19 20:09:34,859 httpx INFO HTTP Request: POST http://localhost:8000/api/v1/eventos/ingest "HTTP/1.1 201 Created"
2026-08-19 20:09:34,861 vision INFO frame=1170 detectados=4 enviado=True
2026-08-19 20:09:34,917 vision INFO Bucle finalizado, reiniciando la fuente…
2026-08-19 20:09:41,072 httpx INFO HTTP Request: POST http://localhost:8000/api/v1/eventos/ingest "HTTP/1.1 201 Created"
2026-08-19 20:09:41,073 vision INFO frame=30 detectados=10 enviado=True
2026-08-19 20:09:46,202 httpx INFO HTTP Request: POST http://localhost:8000/api/v1/eventos/ingest "HTTP/1.1 201 Created"
2026-08-19 20:09:46,203 vision INFO frame=60 detectados=6 enviado=True
2026-08-19 20:09:51,505 httpx INFO HTTP Request: POST http://localhost:8000/api/v1/eventos/ingest "HTTP/1.1 201 Created"
2026-08-19 20:09:51,506 vision INFO frame=90 detectados=8 enviado=True
2026-08-19 20:09:56,729 httpx INFO HTTP Request: POST http://localhost:8000/api/v1/eventos/ingest "HTTP/1.1 201 Created"
2026-08-19 20:09:56,731 vision INFO frame=120 detectados=10 enviado=True
2026-08-19 20:10:01,859 httpx INFO HTTP Request: POST http://localhost:8000/api/v1/eventos/ingest "HTTP/1.1 201 Created"
2026-08-19 20:10:01,860 vision INFO frame=150 detectados=7 enviado=True
2026-08-19 20:10:07,365 httpx INFO HTTP Request: POST http://localhost:8000/api/v1/eventos/ingest "HTTP/1.1 201 Created"
2026-08-19 20:10:07,366 vision INFO frame=180 detectados=9 enviado=True
2026-08-19 20:10:13,284 httpx INFO HTTP Request: POST http://localhost:8000/api/v1/eventos/ingest "HTTP/1.1 201 Created"
2026-08-19 20:10:13,285 vision INFO frame=210 detectados=10 enviado=True
2026-08-19 20:10:18,675 httpx INFO HTTP Request: POST http://localhost:8000/api/v1/eventos/ingest "HTTP/1.1 201 Created"
2026-08-19 20:10:18,676 vision INFO frame=240 detectados=8 enviado=True
2026-08-19 20:10:23,825 httpx INFO HTTP Request: POST http://localhost:8000/api/v1/eventos/ingest "HTTP/1.1 201 Created"
2026-08-19 20:10:23,826 vision INFO frame=270 detectados=9 enviado=True
2026-08-19 20:10:28,858 httpx INFO HTTP Request: POST http://localhost:8000/api/v1/eventos/ingest "HTTP/1.1 201 Created"
2026-08-19 20:10:28,859 vision INFO frame=300 detectados=10 enviado=True
2026-08-19 20:10:33,975 httpx INFO HTTP Request: POST http://localhost:8000/api/v1/eventos/ingest "HTTP/1.1 201 Created"
2026-08-19 20:10:33,976 vision INFO frame=330 detectados=8 enviado=True
2026-08-19 20:10:38,981 httpx INFO HTTP Request: POST http://localhost:8000/api/v1/eventos/ingest "HTTP/1.1 201 Created"
2026-08-19 20:10:38,983 vision INFO frame=360 detectados=9 enviado=True
2026-08-19 20:10:44,043 httpx INFO HTTP Request: POST http://localhost:8000/api/v1/eventos/ingest "HTTP/1.1 201 Created"
2026-08-19 20:10:44,044 vision INFO frame=390 detectados=10 enviado=True
2026-08-19 20:10:49,090 httpx INFO HTTP Request: POST http://localhost:8000/api/v1/eventos/ingest "HTTP/1.1 201 Created"
2026-08-19 20:10:49,091 vision INFO frame=420 detectados=11 enviado=True
2026-08-19 20:10:54,660 httpx INFO HTTP Request: POST http://localhost:8000/api/v1/eventos/ingest "HTTP/1.1 201 Created"
2026-08-19 20:10:54,662 vision INFO frame=450 detectados=11 enviado=True
2026-08-19 20:10:55,953 httpx INFO HTTP Request: POST http://localhost:8000/api/v1/eventos/ingest "HTTP/1.1 201 Created"
2026-08-19 20:10:55,955 vision INFO frame=480 detectados=14 enviado=True
2026-08-19 20:10:56,972 httpx INFO HTTP Request: POST http://localhost:8000/api/v1/eventos/ingest "HTTP/1.1 201 Created"
2026-08-19 20:10:56,973 vision INFO frame=510 detectados=14 enviado=True
2026-08-19 20:11:02,598 httpx INFO HTTP Request: POST http://localhost:8000/api/v1/eventos/ingest "HTTP/1.1 201 Created"
2026-08-19 20:11:02,598 vision INFO frame=540 detectados=13 enviado=True
2026-08-19 20:11:07,745 httpx INFO HTTP Request: POST http://localhost:8000/api/v1/eventos/ingest "HTTP/1.1 201 Created"
2026-08-19 20:11:07,746 vision INFO frame=570 detectados=11 enviado=True
2026-08-19 20:11:13,414 httpx INFO HTTP Request: POST http://localhost:8000/api/v1/eventos/ingest "HTTP/1.1 201 Created"
2026-08-19 20:11:13,415 vision INFO frame=600 detectados=15 enviado=True
2026-08-19 20:11:18,527 httpx INFO HTTP Request: POST http://localhost:8000/api/v1/eventos/ingest "HTTP/1.1 201 Created"
2026-08-19 20:11:18,527 vision INFO frame=630 detectados=12 enviado=True
2026-08-19 20:11:23,884 httpx INFO HTTP Request: POST http://localhost:8000/api/v1/eventos/ingest "HTTP/1.1 201 Created"
2026-08-19 20:11:23,885 vision INFO frame=660 detectados=10 enviado=True
2026-08-19 20:11:28,842 httpx INFO HTTP Request: POST http://localhost:8000/api/v1/eventos/ingest "HTTP/1.1 201 Created"
2026-08-19 20:11:28,843 vision INFO frame=690 detectados=9 enviado=True
2026-08-19 20:11:34,135 httpx INFO HTTP Request: POST http://localhost:8000/api/v1/eventos/ingest "HTTP/1.1 201 Created"
2026-08-19 20:11:34,136 vision INFO frame=720 detectados=10 enviado=True
2026-08-19 20:11:39,096 httpx INFO HTTP Request: POST http://localhost:8000/api/v1/eventos/ingest "HTTP/1.1 201 Created"
2026-08-19 20:11:39,097 vision INFO frame=750 detectados=11 enviado=True
2026-08-19 20:11:44,500 httpx INFO HTTP Request: POST http://localhost:8000/api/v1/eventos/ingest "HTTP/1.1 201 Created"
2026-08-19 20:11:44,501 vision INFO frame=780 detectados=10 enviado=True
2026-08-19 20:11:49,924 httpx INFO HTTP Request: POST http://localhost:8000/api/v1/eventos/ingest "HTTP/1.1 201 Created"
2026-08-19 20:11:49,925 vision INFO frame=810 detectados=16 enviado=True
2026-08-19 20:11:55,431 httpx INFO HTTP Request: POST http://localhost:8000/api/v1/eventos/ingest "HTTP/1.1 201 Created"
2026-08-19 20:11:55,433 vision INFO frame=840 detectados=12 enviado=True
2026-08-19 20:12:00,730 httpx INFO HTTP Request: POST http://localhost:8000/api/v1/eventos/ingest "HTTP/1.1 201 Created"
2026-08-19 20:12:00,731 vision INFO frame=870 detectados=5 enviado=True
2026-08-19 20:12:05,995 httpx INFO HTTP Request: POST http://localhost:8000/api/v1/eventos/ingest "HTTP/1.1 201 Created"
2026-08-19 20:12:05,997 vision INFO frame=900 detectados=10 enviado=True
2026-08-19 20:12:10,962 httpx INFO HTTP Request: POST http://localhost:8000/api/v1/eventos/ingest "HTTP/1.1 201 Created"
2026-08-19 20:12:10,964 vision INFO frame=930 detectados=14 enviado=True
2026-08-19 20:12:16,145 httpx INFO HTTP Request: POST http://localhost:8000/api/v1/eventos/ingest "HTTP/1.1 201 Created"
2026-08-19 20:12:16,147 vision INFO frame=960 detectados=11 enviado=True
2026-08-19 20:12:21,386 httpx INFO HTTP Request: POST http://localhost:8000/api/v1/eventos/ingest "HTTP/1.1 201 Created"
2026-08-19 20:12:21,387 vision INFO frame=990 detectados=7 enviado=True
2026-08-19 20:12:26,486 httpx INFO HTTP Request: POST http://localhost:8000/api/v1/eventos/ingest "HTTP/1.1 201 Created"
2026-08-19 20:12:26,487 vision INFO frame=1020 detectados=7 enviado=True
2026-08-19 20:12:31,545 httpx INFO HTTP Request: POST http://localhost:8000/api/v1/eventos/ingest "HTTP/1.1 201 Created"
2026-08-19 20:12:31,546 vision INFO frame=1050 detectados=9 enviado=True
2026-08-19 20:12:36,950 httpx INFO HTTP Request: POST http://localhost:8000/api/v1/eventos/ingest "HTTP/1.1 201 Created"
2026-08-19 20:12:36,952 vision INFO frame=1080 detectados=12 enviado=True
2026-08-19 20:12:42,361 httpx INFO HTTP Request: POST http://localhost:8000/api/v1/eventos/ingest "HTTP/1.1 201 Created"
2026-08-19 20:12:42,362 vision INFO frame=1110 detectados=8 enviado=True
2026-08-19 20:12:47,463 httpx INFO HTTP Request: POST http://localhost:8000/api/v1/eventos/ingest "HTTP/1.1 201 Created"
2026-08-19 20:12:47,464 vision INFO frame=1140 detectados=6 enviado=True
2026-08-19 20:12:58,162 src.backend_client ERROR Fallo al enviar evento frame 1170
Traceback (most recent call last):
  File "/home/raftlee/Documentos/Workspace/prototipo-vigia/vision/.venv/lib/python3.12/site-packages/httpx/_transports/default.py", line 101, in map_httpcore_exceptions
    yield
  File "/home/raftlee/Documentos/Workspace/prototipo-vigia/vision/.venv/lib/python3.12/site-packages/httpx/_transports/default.py", line 394, in handle_async_request
    resp = await self._pool.handle_async_request(req)
           ^^^^^^^^^^^^^^^^^^^^^^^^^^^^^^^^^^^^^^^^^^
  File "/home/raftlee/Documentos/Workspace/prototipo-vigia/vision/.venv/lib/python3.12/site-packages/httpcore/_async/connection_pool.py", line 256, in handle_async_request
    raise exc from None
  File "/home/raftlee/Documentos/Workspace/prototipo-vigia/vision/.venv/lib/python3.12/site-packages/httpcore/_async/connection_pool.py", line 236, in handle_async_request
    response = await connection.handle_async_request(
               ^^^^^^^^^^^^^^^^^^^^^^^^^^^^^^^^^^^^^^
  File "/home/raftlee/Documentos/Workspace/prototipo-vigia/vision/.venv/lib/python3.12/site-packages/httpcore/_async/connection.py", line 103, in handle_async_request
    return await self._connection.handle_async_request(request)
           ^^^^^^^^^^^^^^^^^^^^^^^^^^^^^^^^^^^^^^^^^^^^^^^^^^^^
  File "/home/raftlee/Documentos/Workspace/prototipo-vigia/vision/.venv/lib/python3.12/site-packages/httpcore/_async/http11.py", line 136, in handle_async_request
    raise exc
  File "/home/raftlee/Documentos/Workspace/prototipo-vigia/vision/.venv/lib/python3.12/site-packages/httpcore/_async/http11.py", line 106, in handle_async_request
    ) = await self._receive_response_headers(**kwargs)
        ^^^^^^^^^^^^^^^^^^^^^^^^^^^^^^^^^^^^^^^^^^^^^^
  File "/home/raftlee/Documentos/Workspace/prototipo-vigia/vision/.venv/lib/python3.12/site-packages/httpcore/_async/http11.py", line 177, in _receive_response_headers
    event = await self._receive_event(timeout=timeout)
            ^^^^^^^^^^^^^^^^^^^^^^^^^^^^^^^^^^^^^^^^^^
  File "/home/raftlee/Documentos/Workspace/prototipo-vigia/vision/.venv/lib/python3.12/site-packages/httpcore/_async/http11.py", line 217, in _receive_event
    data = await self._network_stream.read(
           ^^^^^^^^^^^^^^^^^^^^^^^^^^^^^^^^
  File "/home/raftlee/Documentos/Workspace/prototipo-vigia/vision/.venv/lib/python3.12/site-packages/httpcore/_backends/anyio.py", line 32, in read
    with map_exceptions(exc_map):
  File "/usr/lib/python3.12/contextlib.py", line 158, in __exit__
    self.gen.throw(value)
  File "/home/raftlee/Documentos/Workspace/prototipo-vigia/vision/.venv/lib/python3.12/site-packages/httpcore/_exceptions.py", line 14, in map_exceptions
    raise to_exc(exc) from exc
httpcore.ReadTimeout

The above exception was the direct cause of the following exception:

Traceback (most recent call last):
  File "/home/raftlee/Documentos/Workspace/prototipo-vigia/vision/src/backend_client.py", line 19, in enviar
    resp = await client.post(self.url, json=evento)
           ^^^^^^^^^^^^^^^^^^^^^^^^^^^^^^^^^^^^^^^^
  File "/home/raftlee/Documentos/Workspace/prototipo-vigia/vision/.venv/lib/python3.12/site-packages/httpx/_client.py", line 1859, in post
    return await self.request(
           ^^^^^^^^^^^^^^^^^^^
  File "/home/raftlee/Documentos/Workspace/prototipo-vigia/vision/.venv/lib/python3.12/site-packages/httpx/_client.py", line 1540, in request
    return await self.send(request, auth=auth, follow_redirects=follow_redirects)
           ^^^^^^^^^^^^^^^^^^^^^^^^^^^^^^^^^^^^^^^^^^^^^^^^^^^^^^^^^^^^^^^^^^^^^^
  File "/home/raftlee/Documentos/Workspace/prototipo-vigia/vision/.venv/lib/python3.12/site-packages/httpx/_client.py", line 1629, in send
    response = await self._send_handling_auth(
               ^^^^^^^^^^^^^^^^^^^^^^^^^^^^^^^
  File "/home/raftlee/Documentos/Workspace/prototipo-vigia/vision/.venv/lib/python3.12/site-packages/httpx/_client.py", line 1657, in _send_handling_auth
    response = await self._send_handling_redirects(
               ^^^^^^^^^^^^^^^^^^^^^^^^^^^^^^^^^^^^
  File "/home/raftlee/Documentos/Workspace/prototipo-vigia/vision/.venv/lib/python3.12/site-packages/httpx/_client.py", line 1694, in _send_handling_redirects
    response = await self._send_single_request(request)
               ^^^^^^^^^^^^^^^^^^^^^^^^^^^^^^^^^^^^^^^^
  File "/home/raftlee/Documentos/Workspace/prototipo-vigia/vision/.venv/lib/python3.12/site-packages/httpx/_client.py", line 1730, in _send_single_request
    response = await transport.handle_async_request(request)
               ^^^^^^^^^^^^^^^^^^^^^^^^^^^^^^^^^^^^^^^^^^^^^
  File "/home/raftlee/Documentos/Workspace/prototipo-vigia/vision/.venv/lib/python3.12/site-packages/httpx/_transports/default.py", line 393, in handle_async_request
    with map_httpcore_exceptions():
  File "/usr/lib/python3.12/contextlib.py", line 158, in __exit__
    self.gen.throw(value)
  File "/home/raftlee/Documentos/Workspace/prototipo-vigia/vision/.venv/lib/python3.12/site-packages/httpx/_transports/default.py", line 118, in map_httpcore_exceptions
    raise mapped_exc(message) from exc
httpx.ReadTimeout
2026-08-19 20:13:05,818 httpx INFO HTTP Request: POST http://localhost:8000/api/v1/eventos/ingest "HTTP/1.1 201 Created"
2026-08-19 20:13:05,819 vision INFO frame=1170 detectados=4 enviado=True
2026-08-19 20:13:05,885 vision INFO Bucle finalizado, reiniciando la fuente…
2026-08-19 20:13:12,492 httpx INFO HTTP Request: POST http://localhost:8000/api/v1/eventos/ingest "HTTP/1.1 201 Created"
2026-08-19 20:13:12,494 vision INFO frame=30 detectados=10 enviado=True
2026-08-19 20:13:23,102 src.backend_client ERROR Fallo al enviar evento frame 60
Traceback (most recent call last):
  File "/home/raftlee/Documentos/Workspace/prototipo-vigia/vision/.venv/lib/python3.12/site-packages/httpx/_transports/default.py", line 101, in map_httpcore_exceptions
    yield
  File "/home/raftlee/Documentos/Workspace/prototipo-vigia/vision/.venv/lib/python3.12/site-packages/httpx/_transports/default.py", line 394, in handle_async_request
    resp = await self._pool.handle_async_request(req)
           ^^^^^^^^^^^^^^^^^^^^^^^^^^^^^^^^^^^^^^^^^^
  File "/home/raftlee/Documentos/Workspace/prototipo-vigia/vision/.venv/lib/python3.12/site-packages/httpcore/_async/connection_pool.py", line 256, in handle_async_request
    raise exc from None
  File "/home/raftlee/Documentos/Workspace/prototipo-vigia/vision/.venv/lib/python3.12/site-packages/httpcore/_async/connection_pool.py", line 236, in handle_async_request
    response = await connection.handle_async_request(
               ^^^^^^^^^^^^^^^^^^^^^^^^^^^^^^^^^^^^^^
  File "/home/raftlee/Documentos/Workspace/prototipo-vigia/vision/.venv/lib/python3.12/site-packages/httpcore/_async/connection.py", line 103, in handle_async_request
    return await self._connection.handle_async_request(request)
           ^^^^^^^^^^^^^^^^^^^^^^^^^^^^^^^^^^^^^^^^^^^^^^^^^^^^
  File "/home/raftlee/Documentos/Workspace/prototipo-vigia/vision/.venv/lib/python3.12/site-packages/httpcore/_async/http11.py", line 136, in handle_async_request
    raise exc
  File "/home/raftlee/Documentos/Workspace/prototipo-vigia/vision/.venv/lib/python3.12/site-packages/httpcore/_async/http11.py", line 106, in handle_async_request
    ) = await self._receive_response_headers(**kwargs)
        ^^^^^^^^^^^^^^^^^^^^^^^^^^^^^^^^^^^^^^^^^^^^^^
  File "/home/raftlee/Documentos/Workspace/prototipo-vigia/vision/.venv/lib/python3.12/site-packages/httpcore/_async/http11.py", line 177, in _receive_response_headers
    event = await self._receive_event(timeout=timeout)
            ^^^^^^^^^^^^^^^^^^^^^^^^^^^^^^^^^^^^^^^^^^
  File "/home/raftlee/Documentos/Workspace/prototipo-vigia/vision/.venv/lib/python3.12/site-packages/httpcore/_async/http11.py", line 217, in _receive_event
    data = await self._network_stream.read(
           ^^^^^^^^^^^^^^^^^^^^^^^^^^^^^^^^
  File "/home/raftlee/Documentos/Workspace/prototipo-vigia/vision/.venv/lib/python3.12/site-packages/httpcore/_backends/anyio.py", line 32, in read
    with map_exceptions(exc_map):
  File "/usr/lib/python3.12/contextlib.py", line 158, in __exit__
    self.gen.throw(value)
  File "/home/raftlee/Documentos/Workspace/prototipo-vigia/vision/.venv/lib/python3.12/site-packages/httpcore/_exceptions.py", line 14, in map_exceptions
    raise to_exc(exc) from exc
httpcore.ReadTimeout

The above exception was the direct cause of the following exception:

Traceback (most recent call last):
  File "/home/raftlee/Documentos/Workspace/prototipo-vigia/vision/src/backend_client.py", line 19, in enviar
    resp = await client.post(self.url, json=evento)
           ^^^^^^^^^^^^^^^^^^^^^^^^^^^^^^^^^^^^^^^^
  File "/home/raftlee/Documentos/Workspace/prototipo-vigia/vision/.venv/lib/python3.12/site-packages/httpx/_client.py", line 1859, in post
    return await self.request(
           ^^^^^^^^^^^^^^^^^^^
  File "/home/raftlee/Documentos/Workspace/prototipo-vigia/vision/.venv/lib/python3.12/site-packages/httpx/_client.py", line 1540, in request
    return await self.send(request, auth=auth, follow_redirects=follow_redirects)
           ^^^^^^^^^^^^^^^^^^^^^^^^^^^^^^^^^^^^^^^^^^^^^^^^^^^^^^^^^^^^^^^^^^^^^^
  File "/home/raftlee/Documentos/Workspace/prototipo-vigia/vision/.venv/lib/python3.12/site-packages/httpx/_client.py", line 1629, in send
    response = await self._send_handling_auth(
               ^^^^^^^^^^^^^^^^^^^^^^^^^^^^^^^
  File "/home/raftlee/Documentos/Workspace/prototipo-vigia/vision/.venv/lib/python3.12/site-packages/httpx/_client.py", line 1657, in _send_handling_auth
    response = await self._send_handling_redirects(
               ^^^^^^^^^^^^^^^^^^^^^^^^^^^^^^^^^^^^
  File "/home/raftlee/Documentos/Workspace/prototipo-vigia/vision/.venv/lib/python3.12/site-packages/httpx/_client.py", line 1694, in _send_handling_redirects
    response = await self._send_single_request(request)
               ^^^^^^^^^^^^^^^^^^^^^^^^^^^^^^^^^^^^^^^^
  File "/home/raftlee/Documentos/Workspace/prototipo-vigia/vision/.venv/lib/python3.12/site-packages/httpx/_client.py", line 1730, in _send_single_request
    response = await transport.handle_async_request(request)
               ^^^^^^^^^^^^^^^^^^^^^^^^^^^^^^^^^^^^^^^^^^^^^
  File "/home/raftlee/Documentos/Workspace/prototipo-vigia/vision/.venv/lib/python3.12/site-packages/httpx/_transports/default.py", line 393, in handle_async_request
    with map_httpcore_exceptions():
  File "/usr/lib/python3.12/contextlib.py", line 158, in __exit__
    self.gen.throw(value)
  File "/home/raftlee/Documentos/Workspace/prototipo-vigia/vision/.venv/lib/python3.12/site-packages/httpx/_transports/default.py", line 118, in map_httpcore_exceptions
    raise mapped_exc(message) from exc
httpx.ReadTimeout
2026-08-19 20:13:35,156 src.backend_client ERROR Fallo al enviar evento frame 60
Traceback (most recent call last):
  File "/home/raftlee/Documentos/Workspace/prototipo-vigia/vision/.venv/lib/python3.12/site-packages/httpx/_transports/default.py", line 101, in map_httpcore_exceptions
    yield
  File "/home/raftlee/Documentos/Workspace/prototipo-vigia/vision/.venv/lib/python3.12/site-packages/httpx/_transports/default.py", line 394, in handle_async_request
    resp = await self._pool.handle_async_request(req)
           ^^^^^^^^^^^^^^^^^^^^^^^^^^^^^^^^^^^^^^^^^^
  File "/home/raftlee/Documentos/Workspace/prototipo-vigia/vision/.venv/lib/python3.12/site-packages/httpcore/_async/connection_pool.py", line 256, in handle_async_request
    raise exc from None
  File "/home/raftlee/Documentos/Workspace/prototipo-vigia/vision/.venv/lib/python3.12/site-packages/httpcore/_async/connection_pool.py", line 236, in handle_async_request
    response = await connection.handle_async_request(
               ^^^^^^^^^^^^^^^^^^^^^^^^^^^^^^^^^^^^^^
  File "/home/raftlee/Documentos/Workspace/prototipo-vigia/vision/.venv/lib/python3.12/site-packages/httpcore/_async/connection.py", line 103, in handle_async_request
    return await self._connection.handle_async_request(request)
           ^^^^^^^^^^^^^^^^^^^^^^^^^^^^^^^^^^^^^^^^^^^^^^^^^^^^
  File "/home/raftlee/Documentos/Workspace/prototipo-vigia/vision/.venv/lib/python3.12/site-packages/httpcore/_async/http11.py", line 136, in handle_async_request
    raise exc
  File "/home/raftlee/Documentos/Workspace/prototipo-vigia/vision/.venv/lib/python3.12/site-packages/httpcore/_async/http11.py", line 106, in handle_async_request
    ) = await self._receive_response_headers(**kwargs)
        ^^^^^^^^^^^^^^^^^^^^^^^^^^^^^^^^^^^^^^^^^^^^^^
  File "/home/raftlee/Documentos/Workspace/prototipo-vigia/vision/.venv/lib/python3.12/site-packages/httpcore/_async/http11.py", line 177, in _receive_response_headers
    event = await self._receive_event(timeout=timeout)
            ^^^^^^^^^^^^^^^^^^^^^^^^^^^^^^^^^^^^^^^^^^
  File "/home/raftlee/Documentos/Workspace/prototipo-vigia/vision/.venv/lib/python3.12/site-packages/httpcore/_async/http11.py", line 217, in _receive_event
    data = await self._network_stream.read(
           ^^^^^^^^^^^^^^^^^^^^^^^^^^^^^^^^
  File "/home/raftlee/Documentos/Workspace/prototipo-vigia/vision/.venv/lib/python3.12/site-packages/httpcore/_backends/anyio.py", line 32, in read
    with map_exceptions(exc_map):
  File "/usr/lib/python3.12/contextlib.py", line 158, in __exit__
    self.gen.throw(value)
  File "/home/raftlee/Documentos/Workspace/prototipo-vigia/vision/.venv/lib/python3.12/site-packages/httpcore/_exceptions.py", line 14, in map_exceptions
    raise to_exc(exc) from exc
httpcore.ReadTimeout

The above exception was the direct cause of the following exception:

Traceback (most recent call last):
  File "/home/raftlee/Documentos/Workspace/prototipo-vigia/vision/src/backend_client.py", line 19, in enviar
    resp = await client.post(self.url, json=evento)
           ^^^^^^^^^^^^^^^^^^^^^^^^^^^^^^^^^^^^^^^^
  File "/home/raftlee/Documentos/Workspace/prototipo-vigia/vision/.venv/lib/python3.12/site-packages/httpx/_client.py", line 1859, in post
    return await self.request(
           ^^^^^^^^^^^^^^^^^^^
  File "/home/raftlee/Documentos/Workspace/prototipo-vigia/vision/.venv/lib/python3.12/site-packages/httpx/_client.py", line 1540, in request
    return await self.send(request, auth=auth, follow_redirects=follow_redirects)
           ^^^^^^^^^^^^^^^^^^^^^^^^^^^^^^^^^^^^^^^^^^^^^^^^^^^^^^^^^^^^^^^^^^^^^^
  File "/home/raftlee/Documentos/Workspace/prototipo-vigia/vision/.venv/lib/python3.12/site-packages/httpx/_client.py", line 1629, in send
    response = await self._send_handling_auth(
               ^^^^^^^^^^^^^^^^^^^^^^^^^^^^^^^
  File "/home/raftlee/Documentos/Workspace/prototipo-vigia/vision/.venv/lib/python3.12/site-packages/httpx/_client.py", line 1657, in _send_handling_auth
    response = await self._send_handling_redirects(
               ^^^^^^^^^^^^^^^^^^^^^^^^^^^^^^^^^^^^
  File "/home/raftlee/Documentos/Workspace/prototipo-vigia/vision/.venv/lib/python3.12/site-packages/httpx/_client.py", line 1694, in _send_handling_redirects
    response = await self._send_single_request(request)
               ^^^^^^^^^^^^^^^^^^^^^^^^^^^^^^^^^^^^^^^^
  File "/home/raftlee/Documentos/Workspace/prototipo-vigia/vision/.venv/lib/python3.12/site-packages/httpx/_client.py", line 1730, in _send_single_request
    response = await transport.handle_async_request(request)
               ^^^^^^^^^^^^^^^^^^^^^^^^^^^^^^^^^^^^^^^^^^^^^
  File "/home/raftlee/Documentos/Workspace/prototipo-vigia/vision/.venv/lib/python3.12/site-packages/httpx/_transports/default.py", line 393, in handle_async_request
    with map_httpcore_exceptions():
  File "/usr/lib/python3.12/contextlib.py", line 158, in __exit__
    self.gen.throw(value)
  File "/home/raftlee/Documentos/Workspace/prototipo-vigia/vision/.venv/lib/python3.12/site-packages/httpx/_transports/default.py", line 118, in map_httpcore_exceptions
    raise mapped_exc(message) from exc
httpx.ReadTimeout
2026-08-19 20:13:44,219 httpx INFO HTTP Request: POST http://localhost:8000/api/v1/eventos/ingest "HTTP/1.1 201 Created"
2026-08-19 20:13:44,220 vision INFO frame=60 detectados=6 enviado=True
2026-08-19 20:13:49,437 httpx INFO HTTP Request: POST http://localhost:8000/api/v1/eventos/ingest "HTTP/1.1 201 Created"
2026-08-19 20:13:49,438 vision INFO frame=90 detectados=8 enviado=True
2026-08-19 20:13:54,465 httpx INFO HTTP Request: POST http://localhost:8000/api/v1/eventos/ingest "HTTP/1.1 201 Created"
2026-08-19 20:13:54,466 vision INFO frame=120 detectados=10 enviado=True
2026-08-19 20:13:59,969 httpx INFO HTTP Request: POST http://localhost:8000/api/v1/eventos/ingest "HTTP/1.1 201 Created"
2026-08-19 20:13:59,970 vision INFO frame=150 detectados=7 enviado=True
2026-08-19 20:14:05,085 httpx INFO HTTP Request: POST http://localhost:8000/api/v1/eventos/ingest "HTTP/1.1 201 Created"
2026-08-19 20:14:05,086 vision INFO frame=180 detectados=9 enviado=True
2026-08-19 20:14:10,143 httpx INFO HTTP Request: POST http://localhost:8000/api/v1/eventos/ingest "HTTP/1.1 201 Created"
2026-08-19 20:14:10,144 vision INFO frame=210 detectados=10 enviado=True
2026-08-19 20:14:15,447 httpx INFO HTTP Request: POST http://localhost:8000/api/v1/eventos/ingest "HTTP/1.1 201 Created"
2026-08-19 20:14:15,448 vision INFO frame=240 detectados=8 enviado=True
2026-08-19 20:14:20,766 httpx INFO HTTP Request: POST http://localhost:8000/api/v1/eventos/ingest "HTTP/1.1 201 Created"
2026-08-19 20:14:20,768 vision INFO frame=270 detectados=9 enviado=True
2026-08-19 20:14:25,817 httpx INFO HTTP Request: POST http://localhost:8000/api/v1/eventos/ingest "HTTP/1.1 201 Created"
2026-08-19 20:14:25,818 vision INFO frame=300 detectados=10 enviado=True
2026-08-19 20:14:31,354 httpx INFO HTTP Request: POST http://localhost:8000/api/v1/eventos/ingest "HTTP/1.1 201 Created"
2026-08-19 20:14:31,355 vision INFO frame=330 detectados=8 enviado=True
2026-08-19 20:14:37,043 httpx INFO HTTP Request: POST http://localhost:8000/api/v1/eventos/ingest "HTTP/1.1 201 Created"
2026-08-19 20:14:37,044 vision INFO frame=360 detectados=9 enviado=True
2026-08-19 20:14:42,239 httpx INFO HTTP Request: POST http://localhost:8000/api/v1/eventos/ingest "HTTP/1.1 201 Created"
2026-08-19 20:14:42,240 vision INFO frame=390 detectados=10 enviado=True
2026-08-19 20:14:47,642 httpx INFO HTTP Request: POST http://localhost:8000/api/v1/eventos/ingest "HTTP/1.1 201 Created"
2026-08-19 20:14:47,643 vision INFO frame=420 detectados=11 enviado=True
2026-08-19 20:14:53,358 httpx INFO HTTP Request: POST http://localhost:8000/api/v1/eventos/ingest "HTTP/1.1 201 Created"
2026-08-19 20:14:53,359 vision INFO frame=450 detectados=11 enviado=True
2026-08-19 20:14:53,888 httpx INFO HTTP Request: POST http://localhost:8000/api/v1/eventos/ingest "HTTP/1.1 201 Created"
2026-08-19 20:14:53,889 vision INFO frame=480 detectados=14 enviado=True
2026-08-19 20:14:54,369 httpx INFO HTTP Request: POST http://localhost:8000/api/v1/eventos/ingest "HTTP/1.1 201 Created"
2026-08-19 20:14:54,370 vision INFO frame=510 detectados=14 enviado=True
2026-08-19 20:14:59,916 httpx INFO HTTP Request: POST http://localhost:8000/api/v1/eventos/ingest "HTTP/1.1 201 Created"
2026-08-19 20:14:59,917 vision INFO frame=540 detectados=13 enviado=True
2026-08-19 20:15:05,234 httpx INFO HTTP Request: POST http://localhost:8000/api/v1/eventos/ingest "HTTP/1.1 201 Created"
2026-08-19 20:15:05,235 vision INFO frame=570 detectados=11 enviado=True
2026-08-19 20:15:11,103 httpx INFO HTTP Request: POST http://localhost:8000/api/v1/eventos/ingest "HTTP/1.1 201 Created"
2026-08-19 20:15:11,104 vision INFO frame=600 detectados=15 enviado=True
2026-08-19 20:15:17,194 httpx INFO HTTP Request: POST http://localhost:8000/api/v1/eventos/ingest "HTTP/1.1 201 Created"
2026-08-19 20:15:17,195 vision INFO frame=630 detectados=12 enviado=True
2026-08-19 20:15:22,846 httpx INFO HTTP Request: POST http://localhost:8000/api/v1/eventos/ingest "HTTP/1.1 201 Created"
2026-08-19 20:15:22,847 vision INFO frame=660 detectados=10 enviado=True
2026-08-19 20:15:27,824 httpx INFO HTTP Request: POST http://localhost:8000/api/v1/eventos/ingest "HTTP/1.1 201 Created"
2026-08-19 20:15:27,825 vision INFO frame=690 detectados=9 enviado=True
2026-08-19 20:15:33,000 httpx INFO HTTP Request: POST http://localhost:8000/api/v1/eventos/ingest "HTTP/1.1 201 Created"
2026-08-19 20:15:33,001 vision INFO frame=720 detectados=10 enviado=True
2026-08-19 20:15:38,024 httpx INFO HTTP Request: POST http://localhost:8000/api/v1/eventos/ingest "HTTP/1.1 201 Created"
2026-08-19 20:15:38,025 vision INFO frame=750 detectados=11 enviado=True
2026-08-19 20:15:43,850 httpx INFO HTTP Request: POST http://localhost:8000/api/v1/eventos/ingest "HTTP/1.1 201 Created"
2026-08-19 20:15:43,852 vision INFO frame=780 detectados=10 enviado=True
2026-08-19 20:15:49,001 httpx INFO HTTP Request: POST http://localhost:8000/api/v1/eventos/ingest "HTTP/1.1 201 Created"
2026-08-19 20:15:49,003 vision INFO frame=810 detectados=16 enviado=True
2026-08-19 20:15:55,212 httpx INFO HTTP Request: POST http://localhost:8000/api/v1/eventos/ingest "HTTP/1.1 201 Created"
2026-08-19 20:15:55,213 vision INFO frame=840 detectados=12 enviado=True
2026-08-19 20:16:00,703 httpx INFO HTTP Request: POST http://localhost:8000/api/v1/eventos/ingest "HTTP/1.1 201 Created"
2026-08-19 20:16:00,704 vision INFO frame=870 detectados=5 enviado=True
2026-08-19 20:16:05,788 httpx INFO HTTP Request: POST http://localhost:8000/api/v1/eventos/ingest "HTTP/1.1 201 Created"
2026-08-19 20:16:05,789 vision INFO frame=900 detectados=10 enviado=True
2026-08-19 20:16:11,326 httpx INFO HTTP Request: POST http://localhost:8000/api/v1/eventos/ingest "HTTP/1.1 201 Created"
2026-08-19 20:16:11,327 vision INFO frame=930 detectados=14 enviado=True
2026-08-19 20:16:16,409 httpx INFO HTTP Request: POST http://localhost:8000/api/v1/eventos/ingest "HTTP/1.1 201 Created"
2026-08-19 20:16:16,410 vision INFO frame=960 detectados=11 enviado=True
2026-08-19 20:16:22,568 httpx INFO HTTP Request: POST http://localhost:8000/api/v1/eventos/ingest "HTTP/1.1 201 Created"
2026-08-19 20:16:22,569 vision INFO frame=990 detectados=7 enviado=True
2026-08-19 20:16:27,743 httpx INFO HTTP Request: POST http://localhost:8000/api/v1/eventos/ingest "HTTP/1.1 201 Created"
2026-08-19 20:16:27,744 vision INFO frame=1020 detectados=7 enviado=True
2026-08-19 20:16:32,862 httpx INFO HTTP Request: POST http://localhost:8000/api/v1/eventos/ingest "HTTP/1.1 201 Created"
2026-08-19 20:16:32,863 vision INFO frame=1050 detectados=9 enviado=True
2026-08-19 20:16:38,188 httpx INFO HTTP Request: POST http://localhost:8000/api/v1/eventos/ingest "HTTP/1.1 201 Created"
2026-08-19 20:16:38,189 vision INFO frame=1080 detectados=12 enviado=True
2026-08-19 20:16:43,273 httpx INFO HTTP Request: POST http://localhost:8000/api/v1/eventos/ingest "HTTP/1.1 201 Created"
2026-08-19 20:16:43,274 vision INFO frame=1110 detectados=8 enviado=True
2026-08-19 20:16:48,731 httpx INFO HTTP Request: POST http://localhost:8000/api/v1/eventos/ingest "HTTP/1.1 201 Created"
2026-08-19 20:16:48,732 vision INFO frame=1140 detectados=6 enviado=True
2026-08-19 20:16:54,033 httpx INFO HTTP Request: POST http://localhost:8000/api/v1/eventos/ingest "HTTP/1.1 201 Created"
2026-08-19 20:16:54,034 vision INFO frame=1170 detectados=4 enviado=True
2026-08-19 20:16:54,089 vision INFO Bucle finalizado, reiniciando la fuente…
2026-08-19 20:17:00,388 httpx INFO HTTP Request: POST http://localhost:8000/api/v1/eventos/ingest "HTTP/1.1 201 Created"
2026-08-19 20:17:00,389 vision INFO frame=30 detectados=10 enviado=True
2026-08-19 20:17:05,497 httpx INFO HTTP Request: POST http://localhost:8000/api/v1/eventos/ingest "HTTP/1.1 201 Created"
2026-08-19 20:17:05,498 vision INFO frame=60 detectados=6 enviado=True
2026-08-19 20:17:11,263 httpx INFO HTTP Request: POST http://localhost:8000/api/v1/eventos/ingest "HTTP/1.1 201 Created"
2026-08-19 20:17:11,265 vision INFO frame=90 detectados=8 enviado=True
2026-08-19 20:17:16,567 httpx INFO HTTP Request: POST http://localhost:8000/api/v1/eventos/ingest "HTTP/1.1 201 Created"
2026-08-19 20:17:16,568 vision INFO frame=120 detectados=10 enviado=True
2026-08-19 20:17:22,084 httpx INFO HTTP Request: POST http://localhost:8000/api/v1/eventos/ingest "HTTP/1.1 201 Created"
2026-08-19 20:17:22,085 vision INFO frame=150 detectados=7 enviado=True
2026-08-19 20:17:27,080 httpx INFO HTTP Request: POST http://localhost:8000/api/v1/eventos/ingest "HTTP/1.1 201 Created"
2026-08-19 20:17:27,080 vision INFO frame=180 detectados=9 enviado=True
2026-08-19 20:17:32,625 httpx INFO HTTP Request: POST http://localhost:8000/api/v1/eventos/ingest "HTTP/1.1 201 Created"
2026-08-19 20:17:32,626 vision INFO frame=210 detectados=10 enviado=True
2026-08-19 20:17:37,829 httpx INFO HTTP Request: POST http://localhost:8000/api/v1/eventos/ingest "HTTP/1.1 201 Created"
2026-08-19 20:17:37,830 vision INFO frame=240 detectados=8 enviado=True
2026-08-19 20:17:42,923 httpx INFO HTTP Request: POST http://localhost:8000/api/v1/eventos/ingest "HTTP/1.1 201 Created"
2026-08-19 20:17:42,924 vision INFO frame=270 detectados=9 enviado=True
2026-08-19 20:17:47,889 httpx INFO HTTP Request: POST http://localhost:8000/api/v1/eventos/ingest "HTTP/1.1 201 Created"
2026-08-19 20:17:47,891 vision INFO frame=300 detectados=10 enviado=True
2026-08-19 20:17:58,380 src.backend_client ERROR Fallo al enviar evento frame 330
Traceback (most recent call last):
  File "/home/raftlee/Documentos/Workspace/prototipo-vigia/vision/.venv/lib/python3.12/site-packages/httpx/_transports/default.py", line 101, in map_httpcore_exceptions
    yield
  File "/home/raftlee/Documentos/Workspace/prototipo-vigia/vision/.venv/lib/python3.12/site-packages/httpx/_transports/default.py", line 394, in handle_async_request
    resp = await self._pool.handle_async_request(req)
           ^^^^^^^^^^^^^^^^^^^^^^^^^^^^^^^^^^^^^^^^^^
  File "/home/raftlee/Documentos/Workspace/prototipo-vigia/vision/.venv/lib/python3.12/site-packages/httpcore/_async/connection_pool.py", line 256, in handle_async_request
    raise exc from None
  File "/home/raftlee/Documentos/Workspace/prototipo-vigia/vision/.venv/lib/python3.12/site-packages/httpcore/_async/connection_pool.py", line 236, in handle_async_request
    response = await connection.handle_async_request(
               ^^^^^^^^^^^^^^^^^^^^^^^^^^^^^^^^^^^^^^
  File "/home/raftlee/Documentos/Workspace/prototipo-vigia/vision/.venv/lib/python3.12/site-packages/httpcore/_async/connection.py", line 103, in handle_async_request
    return await self._connection.handle_async_request(request)
           ^^^^^^^^^^^^^^^^^^^^^^^^^^^^^^^^^^^^^^^^^^^^^^^^^^^^
  File "/home/raftlee/Documentos/Workspace/prototipo-vigia/vision/.venv/lib/python3.12/site-packages/httpcore/_async/http11.py", line 136, in handle_async_request
    raise exc
  File "/home/raftlee/Documentos/Workspace/prototipo-vigia/vision/.venv/lib/python3.12/site-packages/httpcore/_async/http11.py", line 106, in handle_async_request
    ) = await self._receive_response_headers(**kwargs)
        ^^^^^^^^^^^^^^^^^^^^^^^^^^^^^^^^^^^^^^^^^^^^^^
  File "/home/raftlee/Documentos/Workspace/prototipo-vigia/vision/.venv/lib/python3.12/site-packages/httpcore/_async/http11.py", line 177, in _receive_response_headers
    event = await self._receive_event(timeout=timeout)
            ^^^^^^^^^^^^^^^^^^^^^^^^^^^^^^^^^^^^^^^^^^
  File "/home/raftlee/Documentos/Workspace/prototipo-vigia/vision/.venv/lib/python3.12/site-packages/httpcore/_async/http11.py", line 217, in _receive_event
    data = await self._network_stream.read(
           ^^^^^^^^^^^^^^^^^^^^^^^^^^^^^^^^
  File "/home/raftlee/Documentos/Workspace/prototipo-vigia/vision/.venv/lib/python3.12/site-packages/httpcore/_backends/anyio.py", line 32, in read
    with map_exceptions(exc_map):
  File "/usr/lib/python3.12/contextlib.py", line 158, in __exit__
    self.gen.throw(value)
  File "/home/raftlee/Documentos/Workspace/prototipo-vigia/vision/.venv/lib/python3.12/site-packages/httpcore/_exceptions.py", line 14, in map_exceptions
    raise to_exc(exc) from exc
httpcore.ReadTimeout

The above exception was the direct cause of the following exception:

Traceback (most recent call last):
  File "/home/raftlee/Documentos/Workspace/prototipo-vigia/vision/src/backend_client.py", line 19, in enviar
    resp = await client.post(self.url, json=evento)
           ^^^^^^^^^^^^^^^^^^^^^^^^^^^^^^^^^^^^^^^^
  File "/home/raftlee/Documentos/Workspace/prototipo-vigia/vision/.venv/lib/python3.12/site-packages/httpx/_client.py", line 1859, in post
    return await self.request(
           ^^^^^^^^^^^^^^^^^^^
  File "/home/raftlee/Documentos/Workspace/prototipo-vigia/vision/.venv/lib/python3.12/site-packages/httpx/_client.py", line 1540, in request
    return await self.send(request, auth=auth, follow_redirects=follow_redirects)
           ^^^^^^^^^^^^^^^^^^^^^^^^^^^^^^^^^^^^^^^^^^^^^^^^^^^^^^^^^^^^^^^^^^^^^^
  File "/home/raftlee/Documentos/Workspace/prototipo-vigia/vision/.venv/lib/python3.12/site-packages/httpx/_client.py", line 1629, in send
    response = await self._send_handling_auth(
               ^^^^^^^^^^^^^^^^^^^^^^^^^^^^^^^
  File "/home/raftlee/Documentos/Workspace/prototipo-vigia/vision/.venv/lib/python3.12/site-packages/httpx/_client.py", line 1657, in _send_handling_auth
    response = await self._send_handling_redirects(
               ^^^^^^^^^^^^^^^^^^^^^^^^^^^^^^^^^^^^
  File "/home/raftlee/Documentos/Workspace/prototipo-vigia/vision/.venv/lib/python3.12/site-packages/httpx/_client.py", line 1694, in _send_handling_redirects
    response = await self._send_single_request(request)
               ^^^^^^^^^^^^^^^^^^^^^^^^^^^^^^^^^^^^^^^^
  File "/home/raftlee/Documentos/Workspace/prototipo-vigia/vision/.venv/lib/python3.12/site-packages/httpx/_client.py", line 1730, in _send_single_request
    response = await transport.handle_async_request(request)
               ^^^^^^^^^^^^^^^^^^^^^^^^^^^^^^^^^^^^^^^^^^^^^
  File "/home/raftlee/Documentos/Workspace/prototipo-vigia/vision/.venv/lib/python3.12/site-packages/httpx/_transports/default.py", line 393, in handle_async_request
    with map_httpcore_exceptions():
  File "/usr/lib/python3.12/contextlib.py", line 158, in __exit__
    self.gen.throw(value)
  File "/home/raftlee/Documentos/Workspace/prototipo-vigia/vision/.venv/lib/python3.12/site-packages/httpx/_transports/default.py", line 118, in map_httpcore_exceptions
    raise mapped_exc(message) from exc
httpx.ReadTimeout
2026-08-19 20:18:10,410 src.backend_client ERROR Fallo al enviar evento frame 330
Traceback (most recent call last):
  File "/home/raftlee/Documentos/Workspace/prototipo-vigia/vision/.venv/lib/python3.12/site-packages/httpx/_transports/default.py", line 101, in map_httpcore_exceptions
    yield
  File "/home/raftlee/Documentos/Workspace/prototipo-vigia/vision/.venv/lib/python3.12/site-packages/httpx/_transports/default.py", line 394, in handle_async_request
    resp = await self._pool.handle_async_request(req)
           ^^^^^^^^^^^^^^^^^^^^^^^^^^^^^^^^^^^^^^^^^^
  File "/home/raftlee/Documentos/Workspace/prototipo-vigia/vision/.venv/lib/python3.12/site-packages/httpcore/_async/connection_pool.py", line 256, in handle_async_request
    raise exc from None
  File "/home/raftlee/Documentos/Workspace/prototipo-vigia/vision/.venv/lib/python3.12/site-packages/httpcore/_async/connection_pool.py", line 236, in handle_async_request
    response = await connection.handle_async_request(
               ^^^^^^^^^^^^^^^^^^^^^^^^^^^^^^^^^^^^^^
  File "/home/raftlee/Documentos/Workspace/prototipo-vigia/vision/.venv/lib/python3.12/site-packages/httpcore/_async/connection.py", line 103, in handle_async_request
    return await self._connection.handle_async_request(request)
           ^^^^^^^^^^^^^^^^^^^^^^^^^^^^^^^^^^^^^^^^^^^^^^^^^^^^
  File "/home/raftlee/Documentos/Workspace/prototipo-vigia/vision/.venv/lib/python3.12/site-packages/httpcore/_async/http11.py", line 136, in handle_async_request
    raise exc
  File "/home/raftlee/Documentos/Workspace/prototipo-vigia/vision/.venv/lib/python3.12/site-packages/httpcore/_async/http11.py", line 106, in handle_async_request
    ) = await self._receive_response_headers(**kwargs)
        ^^^^^^^^^^^^^^^^^^^^^^^^^^^^^^^^^^^^^^^^^^^^^^
  File "/home/raftlee/Documentos/Workspace/prototipo-vigia/vision/.venv/lib/python3.12/site-packages/httpcore/_async/http11.py", line 177, in _receive_response_headers
    event = await self._receive_event(timeout=timeout)
            ^^^^^^^^^^^^^^^^^^^^^^^^^^^^^^^^^^^^^^^^^^
  File "/home/raftlee/Documentos/Workspace/prototipo-vigia/vision/.venv/lib/python3.12/site-packages/httpcore/_async/http11.py", line 217, in _receive_event
    data = await self._network_stream.read(
           ^^^^^^^^^^^^^^^^^^^^^^^^^^^^^^^^
  File "/home/raftlee/Documentos/Workspace/prototipo-vigia/vision/.venv/lib/python3.12/site-packages/httpcore/_backends/anyio.py", line 32, in read
    with map_exceptions(exc_map):
  File "/usr/lib/python3.12/contextlib.py", line 158, in __exit__
    self.gen.throw(value)
  File "/home/raftlee/Documentos/Workspace/prototipo-vigia/vision/.venv/lib/python3.12/site-packages/httpcore/_exceptions.py", line 14, in map_exceptions
    raise to_exc(exc) from exc
httpcore.ReadTimeout

The above exception was the direct cause of the following exception:

Traceback (most recent call last):
  File "/home/raftlee/Documentos/Workspace/prototipo-vigia/vision/src/backend_client.py", line 19, in enviar
    resp = await client.post(self.url, json=evento)
           ^^^^^^^^^^^^^^^^^^^^^^^^^^^^^^^^^^^^^^^^
  File "/home/raftlee/Documentos/Workspace/prototipo-vigia/vision/.venv/lib/python3.12/site-packages/httpx/_client.py", line 1859, in post
    return await self.request(
           ^^^^^^^^^^^^^^^^^^^
  File "/home/raftlee/Documentos/Workspace/prototipo-vigia/vision/.venv/lib/python3.12/site-packages/httpx/_client.py", line 1540, in request
    return await self.send(request, auth=auth, follow_redirects=follow_redirects)
           ^^^^^^^^^^^^^^^^^^^^^^^^^^^^^^^^^^^^^^^^^^^^^^^^^^^^^^^^^^^^^^^^^^^^^^
  File "/home/raftlee/Documentos/Workspace/prototipo-vigia/vision/.venv/lib/python3.12/site-packages/httpx/_client.py", line 1629, in send
    response = await self._send_handling_auth(
               ^^^^^^^^^^^^^^^^^^^^^^^^^^^^^^^
  File "/home/raftlee/Documentos/Workspace/prototipo-vigia/vision/.venv/lib/python3.12/site-packages/httpx/_client.py", line 1657, in _send_handling_auth
    response = await self._send_handling_redirects(
               ^^^^^^^^^^^^^^^^^^^^^^^^^^^^^^^^^^^^
  File "/home/raftlee/Documentos/Workspace/prototipo-vigia/vision/.venv/lib/python3.12/site-packages/httpx/_client.py", line 1694, in _send_handling_redirects
    response = await self._send_single_request(request)
               ^^^^^^^^^^^^^^^^^^^^^^^^^^^^^^^^^^^^^^^^
  File "/home/raftlee/Documentos/Workspace/prototipo-vigia/vision/.venv/lib/python3.12/site-packages/httpx/_client.py", line 1730, in _send_single_request
    response = await transport.handle_async_request(request)
               ^^^^^^^^^^^^^^^^^^^^^^^^^^^^^^^^^^^^^^^^^^^^^
  File "/home/raftlee/Documentos/Workspace/prototipo-vigia/vision/.venv/lib/python3.12/site-packages/httpx/_transports/default.py", line 393, in handle_async_request
    with map_httpcore_exceptions():
  File "/usr/lib/python3.12/contextlib.py", line 158, in __exit__
    self.gen.throw(value)
  File "/home/raftlee/Documentos/Workspace/prototipo-vigia/vision/.venv/lib/python3.12/site-packages/httpx/_transports/default.py", line 118, in map_httpcore_exceptions
    raise mapped_exc(message) from exc
httpx.ReadTimeout
2026-08-19 20:18:24,435 src.backend_client ERROR Fallo al enviar evento frame 330
Traceback (most recent call last):
  File "/home/raftlee/Documentos/Workspace/prototipo-vigia/vision/.venv/lib/python3.12/site-packages/httpx/_transports/default.py", line 101, in map_httpcore_exceptions
    yield
  File "/home/raftlee/Documentos/Workspace/prototipo-vigia/vision/.venv/lib/python3.12/site-packages/httpx/_transports/default.py", line 394, in handle_async_request
    resp = await self._pool.handle_async_request(req)
           ^^^^^^^^^^^^^^^^^^^^^^^^^^^^^^^^^^^^^^^^^^
  File "/home/raftlee/Documentos/Workspace/prototipo-vigia/vision/.venv/lib/python3.12/site-packages/httpcore/_async/connection_pool.py", line 256, in handle_async_request
    raise exc from None
  File "/home/raftlee/Documentos/Workspace/prototipo-vigia/vision/.venv/lib/python3.12/site-packages/httpcore/_async/connection_pool.py", line 236, in handle_async_request
    response = await connection.handle_async_request(
               ^^^^^^^^^^^^^^^^^^^^^^^^^^^^^^^^^^^^^^
  File "/home/raftlee/Documentos/Workspace/prototipo-vigia/vision/.venv/lib/python3.12/site-packages/httpcore/_async/connection.py", line 103, in handle_async_request
    return await self._connection.handle_async_request(request)
           ^^^^^^^^^^^^^^^^^^^^^^^^^^^^^^^^^^^^^^^^^^^^^^^^^^^^
  File "/home/raftlee/Documentos/Workspace/prototipo-vigia/vision/.venv/lib/python3.12/site-packages/httpcore/_async/http11.py", line 136, in handle_async_request
    raise exc
  File "/home/raftlee/Documentos/Workspace/prototipo-vigia/vision/.venv/lib/python3.12/site-packages/httpcore/_async/http11.py", line 106, in handle_async_request
    ) = await self._receive_response_headers(**kwargs)
        ^^^^^^^^^^^^^^^^^^^^^^^^^^^^^^^^^^^^^^^^^^^^^^
  File "/home/raftlee/Documentos/Workspace/prototipo-vigia/vision/.venv/lib/python3.12/site-packages/httpcore/_async/http11.py", line 177, in _receive_response_headers
    event = await self._receive_event(timeout=timeout)
            ^^^^^^^^^^^^^^^^^^^^^^^^^^^^^^^^^^^^^^^^^^
  File "/home/raftlee/Documentos/Workspace/prototipo-vigia/vision/.venv/lib/python3.12/site-packages/httpcore/_async/http11.py", line 217, in _receive_event
    data = await self._network_stream.read(
           ^^^^^^^^^^^^^^^^^^^^^^^^^^^^^^^^
  File "/home/raftlee/Documentos/Workspace/prototipo-vigia/vision/.venv/lib/python3.12/site-packages/httpcore/_backends/anyio.py", line 32, in read
    with map_exceptions(exc_map):
  File "/usr/lib/python3.12/contextlib.py", line 158, in __exit__
    self.gen.throw(value)
  File "/home/raftlee/Documentos/Workspace/prototipo-vigia/vision/.venv/lib/python3.12/site-packages/httpcore/_exceptions.py", line 14, in map_exceptions
    raise to_exc(exc) from exc
httpcore.ReadTimeout

The above exception was the direct cause of the following exception:

Traceback (most recent call last):
  File "/home/raftlee/Documentos/Workspace/prototipo-vigia/vision/src/backend_client.py", line 19, in enviar
    resp = await client.post(self.url, json=evento)
           ^^^^^^^^^^^^^^^^^^^^^^^^^^^^^^^^^^^^^^^^
  File "/home/raftlee/Documentos/Workspace/prototipo-vigia/vision/.venv/lib/python3.12/site-packages/httpx/_client.py", line 1859, in post
    return await self.request(
           ^^^^^^^^^^^^^^^^^^^
  File "/home/raftlee/Documentos/Workspace/prototipo-vigia/vision/.venv/lib/python3.12/site-packages/httpx/_client.py", line 1540, in request
    return await self.send(request, auth=auth, follow_redirects=follow_redirects)
           ^^^^^^^^^^^^^^^^^^^^^^^^^^^^^^^^^^^^^^^^^^^^^^^^^^^^^^^^^^^^^^^^^^^^^^
  File "/home/raftlee/Documentos/Workspace/prototipo-vigia/vision/.venv/lib/python3.12/site-packages/httpx/_client.py", line 1629, in send
    response = await self._send_handling_auth(
               ^^^^^^^^^^^^^^^^^^^^^^^^^^^^^^^
  File "/home/raftlee/Documentos/Workspace/prototipo-vigia/vision/.venv/lib/python3.12/site-packages/httpx/_client.py", line 1657, in _send_handling_auth
    response = await self._send_handling_redirects(
               ^^^^^^^^^^^^^^^^^^^^^^^^^^^^^^^^^^^^
  File "/home/raftlee/Documentos/Workspace/prototipo-vigia/vision/.venv/lib/python3.12/site-packages/httpx/_client.py", line 1694, in _send_handling_redirects
    response = await self._send_single_request(request)
               ^^^^^^^^^^^^^^^^^^^^^^^^^^^^^^^^^^^^^^^^
  File "/home/raftlee/Documentos/Workspace/prototipo-vigia/vision/.venv/lib/python3.12/site-packages/httpx/_client.py", line 1730, in _send_single_request
    response = await transport.handle_async_request(request)
               ^^^^^^^^^^^^^^^^^^^^^^^^^^^^^^^^^^^^^^^^^^^^^
  File "/home/raftlee/Documentos/Workspace/prototipo-vigia/vision/.venv/lib/python3.12/site-packages/httpx/_transports/default.py", line 393, in handle_async_request
    with map_httpcore_exceptions():
  File "/usr/lib/python3.12/contextlib.py", line 158, in __exit__
    self.gen.throw(value)
  File "/home/raftlee/Documentos/Workspace/prototipo-vigia/vision/.venv/lib/python3.12/site-packages/httpx/_transports/default.py", line 118, in map_httpcore_exceptions
    raise mapped_exc(message) from exc
httpx.ReadTimeout
2026-08-19 20:18:32,438 src.backend_client ERROR Se agotaron los reintentos para el frame 330
2026-08-19 20:18:32,438 vision INFO frame=330 detectados=8 enviado=False
2026-08-19 20:18:43,039 src.backend_client ERROR Fallo al enviar evento frame 360
Traceback (most recent call last):
  File "/home/raftlee/Documentos/Workspace/prototipo-vigia/vision/.venv/lib/python3.12/site-packages/httpx/_transports/default.py", line 101, in map_httpcore_exceptions
    yield
  File "/home/raftlee/Documentos/Workspace/prototipo-vigia/vision/.venv/lib/python3.12/site-packages/httpx/_transports/default.py", line 394, in handle_async_request
    resp = await self._pool.handle_async_request(req)
           ^^^^^^^^^^^^^^^^^^^^^^^^^^^^^^^^^^^^^^^^^^
  File "/home/raftlee/Documentos/Workspace/prototipo-vigia/vision/.venv/lib/python3.12/site-packages/httpcore/_async/connection_pool.py", line 256, in handle_async_request
    raise exc from None
  File "/home/raftlee/Documentos/Workspace/prototipo-vigia/vision/.venv/lib/python3.12/site-packages/httpcore/_async/connection_pool.py", line 236, in handle_async_request
    response = await connection.handle_async_request(
               ^^^^^^^^^^^^^^^^^^^^^^^^^^^^^^^^^^^^^^
  File "/home/raftlee/Documentos/Workspace/prototipo-vigia/vision/.venv/lib/python3.12/site-packages/httpcore/_async/connection.py", line 103, in handle_async_request
    return await self._connection.handle_async_request(request)
           ^^^^^^^^^^^^^^^^^^^^^^^^^^^^^^^^^^^^^^^^^^^^^^^^^^^^
  File "/home/raftlee/Documentos/Workspace/prototipo-vigia/vision/.venv/lib/python3.12/site-packages/httpcore/_async/http11.py", line 136, in handle_async_request
    raise exc
  File "/home/raftlee/Documentos/Workspace/prototipo-vigia/vision/.venv/lib/python3.12/site-packages/httpcore/_async/http11.py", line 106, in handle_async_request
    ) = await self._receive_response_headers(**kwargs)
        ^^^^^^^^^^^^^^^^^^^^^^^^^^^^^^^^^^^^^^^^^^^^^^
  File "/home/raftlee/Documentos/Workspace/prototipo-vigia/vision/.venv/lib/python3.12/site-packages/httpcore/_async/http11.py", line 177, in _receive_response_headers
    event = await self._receive_event(timeout=timeout)
            ^^^^^^^^^^^^^^^^^^^^^^^^^^^^^^^^^^^^^^^^^^
  File "/home/raftlee/Documentos/Workspace/prototipo-vigia/vision/.venv/lib/python3.12/site-packages/httpcore/_async/http11.py", line 217, in _receive_event
    data = await self._network_stream.read(
           ^^^^^^^^^^^^^^^^^^^^^^^^^^^^^^^^
  File "/home/raftlee/Documentos/Workspace/prototipo-vigia/vision/.venv/lib/python3.12/site-packages/httpcore/_backends/anyio.py", line 32, in read
    with map_exceptions(exc_map):
  File "/usr/lib/python3.12/contextlib.py", line 158, in __exit__
    self.gen.throw(value)
  File "/home/raftlee/Documentos/Workspace/prototipo-vigia/vision/.venv/lib/python3.12/site-packages/httpcore/_exceptions.py", line 14, in map_exceptions
    raise to_exc(exc) from exc
httpcore.ReadTimeout

The above exception was the direct cause of the following exception:

Traceback (most recent call last):
  File "/home/raftlee/Documentos/Workspace/prototipo-vigia/vision/src/backend_client.py", line 19, in enviar
    resp = await client.post(self.url, json=evento)
           ^^^^^^^^^^^^^^^^^^^^^^^^^^^^^^^^^^^^^^^^
  File "/home/raftlee/Documentos/Workspace/prototipo-vigia/vision/.venv/lib/python3.12/site-packages/httpx/_client.py", line 1859, in post
    return await self.request(
           ^^^^^^^^^^^^^^^^^^^
  File "/home/raftlee/Documentos/Workspace/prototipo-vigia/vision/.venv/lib/python3.12/site-packages/httpx/_client.py", line 1540, in request
    return await self.send(request, auth=auth, follow_redirects=follow_redirects)
           ^^^^^^^^^^^^^^^^^^^^^^^^^^^^^^^^^^^^^^^^^^^^^^^^^^^^^^^^^^^^^^^^^^^^^^
  File "/home/raftlee/Documentos/Workspace/prototipo-vigia/vision/.venv/lib/python3.12/site-packages/httpx/_client.py", line 1629, in send
    response = await self._send_handling_auth(
               ^^^^^^^^^^^^^^^^^^^^^^^^^^^^^^^
  File "/home/raftlee/Documentos/Workspace/prototipo-vigia/vision/.venv/lib/python3.12/site-packages/httpx/_client.py", line 1657, in _send_handling_auth
    response = await self._send_handling_redirects(
               ^^^^^^^^^^^^^^^^^^^^^^^^^^^^^^^^^^^^
  File "/home/raftlee/Documentos/Workspace/prototipo-vigia/vision/.venv/lib/python3.12/site-packages/httpx/_client.py", line 1694, in _send_handling_redirects
    response = await self._send_single_request(request)
               ^^^^^^^^^^^^^^^^^^^^^^^^^^^^^^^^^^^^^^^^
  File "/home/raftlee/Documentos/Workspace/prototipo-vigia/vision/.venv/lib/python3.12/site-packages/httpx/_client.py", line 1730, in _send_single_request
    response = await transport.handle_async_request(request)
               ^^^^^^^^^^^^^^^^^^^^^^^^^^^^^^^^^^^^^^^^^^^^^
  File "/home/raftlee/Documentos/Workspace/prototipo-vigia/vision/.venv/lib/python3.12/site-packages/httpx/_transports/default.py", line 393, in handle_async_request
    with map_httpcore_exceptions():
  File "/usr/lib/python3.12/contextlib.py", line 158, in __exit__
    self.gen.throw(value)
  File "/home/raftlee/Documentos/Workspace/prototipo-vigia/vision/.venv/lib/python3.12/site-packages/httpx/_transports/default.py", line 118, in map_httpcore_exceptions
    raise mapped_exc(message) from exc
httpx.ReadTimeout
2026-08-19 20:18:55,065 src.backend_client ERROR Fallo al enviar evento frame 360
Traceback (most recent call last):
  File "/home/raftlee/Documentos/Workspace/prototipo-vigia/vision/.venv/lib/python3.12/site-packages/httpx/_transports/default.py", line 101, in map_httpcore_exceptions
    yield
  File "/home/raftlee/Documentos/Workspace/prototipo-vigia/vision/.venv/lib/python3.12/site-packages/httpx/_transports/default.py", line 394, in handle_async_request
    resp = await self._pool.handle_async_request(req)
           ^^^^^^^^^^^^^^^^^^^^^^^^^^^^^^^^^^^^^^^^^^
  File "/home/raftlee/Documentos/Workspace/prototipo-vigia/vision/.venv/lib/python3.12/site-packages/httpcore/_async/connection_pool.py", line 256, in handle_async_request
    raise exc from None
  File "/home/raftlee/Documentos/Workspace/prototipo-vigia/vision/.venv/lib/python3.12/site-packages/httpcore/_async/connection_pool.py", line 236, in handle_async_request
    response = await connection.handle_async_request(
               ^^^^^^^^^^^^^^^^^^^^^^^^^^^^^^^^^^^^^^
  File "/home/raftlee/Documentos/Workspace/prototipo-vigia/vision/.venv/lib/python3.12/site-packages/httpcore/_async/connection.py", line 103, in handle_async_request
    return await self._connection.handle_async_request(request)
           ^^^^^^^^^^^^^^^^^^^^^^^^^^^^^^^^^^^^^^^^^^^^^^^^^^^^
  File "/home/raftlee/Documentos/Workspace/prototipo-vigia/vision/.venv/lib/python3.12/site-packages/httpcore/_async/http11.py", line 136, in handle_async_request
    raise exc
  File "/home/raftlee/Documentos/Workspace/prototipo-vigia/vision/.venv/lib/python3.12/site-packages/httpcore/_async/http11.py", line 106, in handle_async_request
    ) = await self._receive_response_headers(**kwargs)
        ^^^^^^^^^^^^^^^^^^^^^^^^^^^^^^^^^^^^^^^^^^^^^^
  File "/home/raftlee/Documentos/Workspace/prototipo-vigia/vision/.venv/lib/python3.12/site-packages/httpcore/_async/http11.py", line 177, in _receive_response_headers
    event = await self._receive_event(timeout=timeout)
            ^^^^^^^^^^^^^^^^^^^^^^^^^^^^^^^^^^^^^^^^^^
  File "/home/raftlee/Documentos/Workspace/prototipo-vigia/vision/.venv/lib/python3.12/site-packages/httpcore/_async/http11.py", line 217, in _receive_event
    data = await self._network_stream.read(
           ^^^^^^^^^^^^^^^^^^^^^^^^^^^^^^^^
  File "/home/raftlee/Documentos/Workspace/prototipo-vigia/vision/.venv/lib/python3.12/site-packages/httpcore/_backends/anyio.py", line 32, in read
    with map_exceptions(exc_map):
  File "/usr/lib/python3.12/contextlib.py", line 158, in __exit__
    self.gen.throw(value)
  File "/home/raftlee/Documentos/Workspace/prototipo-vigia/vision/.venv/lib/python3.12/site-packages/httpcore/_exceptions.py", line 14, in map_exceptions
    raise to_exc(exc) from exc
httpcore.ReadTimeout

The above exception was the direct cause of the following exception:

Traceback (most recent call last):
  File "/home/raftlee/Documentos/Workspace/prototipo-vigia/vision/src/backend_client.py", line 19, in enviar
    resp = await client.post(self.url, json=evento)
           ^^^^^^^^^^^^^^^^^^^^^^^^^^^^^^^^^^^^^^^^
  File "/home/raftlee/Documentos/Workspace/prototipo-vigia/vision/.venv/lib/python3.12/site-packages/httpx/_client.py", line 1859, in post
    return await self.request(
           ^^^^^^^^^^^^^^^^^^^
  File "/home/raftlee/Documentos/Workspace/prototipo-vigia/vision/.venv/lib/python3.12/site-packages/httpx/_client.py", line 1540, in request
    return await self.send(request, auth=auth, follow_redirects=follow_redirects)
           ^^^^^^^^^^^^^^^^^^^^^^^^^^^^^^^^^^^^^^^^^^^^^^^^^^^^^^^^^^^^^^^^^^^^^^
  File "/home/raftlee/Documentos/Workspace/prototipo-vigia/vision/.venv/lib/python3.12/site-packages/httpx/_client.py", line 1629, in send
    response = await self._send_handling_auth(
               ^^^^^^^^^^^^^^^^^^^^^^^^^^^^^^^
  File "/home/raftlee/Documentos/Workspace/prototipo-vigia/vision/.venv/lib/python3.12/site-packages/httpx/_client.py", line 1657, in _send_handling_auth
    response = await self._send_handling_redirects(
               ^^^^^^^^^^^^^^^^^^^^^^^^^^^^^^^^^^^^
  File "/home/raftlee/Documentos/Workspace/prototipo-vigia/vision/.venv/lib/python3.12/site-packages/httpx/_client.py", line 1694, in _send_handling_redirects
    response = await self._send_single_request(request)
               ^^^^^^^^^^^^^^^^^^^^^^^^^^^^^^^^^^^^^^^^
  File "/home/raftlee/Documentos/Workspace/prototipo-vigia/vision/.venv/lib/python3.12/site-packages/httpx/_client.py", line 1730, in _send_single_request
    response = await transport.handle_async_request(request)
               ^^^^^^^^^^^^^^^^^^^^^^^^^^^^^^^^^^^^^^^^^^^^^
  File "/home/raftlee/Documentos/Workspace/prototipo-vigia/vision/.venv/lib/python3.12/site-packages/httpx/_transports/default.py", line 393, in handle_async_request
    with map_httpcore_exceptions():
  File "/usr/lib/python3.12/contextlib.py", line 158, in __exit__
    self.gen.throw(value)
  File "/home/raftlee/Documentos/Workspace/prototipo-vigia/vision/.venv/lib/python3.12/site-packages/httpx/_transports/default.py", line 118, in map_httpcore_exceptions
    raise mapped_exc(message) from exc
httpx.ReadTimeout
2026-08-19 20:18:59,093 httpx INFO HTTP Request: POST http://localhost:8000/api/v1/eventos/ingest "HTTP/1.1 201 Created"
2026-08-19 20:18:59,094 vision INFO frame=360 detectados=9 enviado=True
2026-08-19 20:18:59,641 httpx INFO HTTP Request: POST http://localhost:8000/api/v1/eventos/ingest "HTTP/1.1 201 Created"
2026-08-19 20:18:59,642 vision INFO frame=390 detectados=10 enviado=True
2026-08-19 20:19:00,166 httpx INFO HTTP Request: POST http://localhost:8000/api/v1/eventos/ingest "HTTP/1.1 201 Created"
2026-08-19 20:19:00,167 vision INFO frame=420 detectados=11 enviado=True
2026-08-19 20:19:00,700 httpx INFO HTTP Request: POST http://localhost:8000/api/v1/eventos/ingest "HTTP/1.1 201 Created"
2026-08-19 20:19:00,701 vision INFO frame=450 detectados=11 enviado=True
2026-08-19 20:19:01,193 httpx INFO HTTP Request: POST http://localhost:8000/api/v1/eventos/ingest "HTTP/1.1 201 Created"
2026-08-19 20:19:01,194 vision INFO frame=480 detectados=14 enviado=True
2026-08-19 20:19:01,696 httpx INFO HTTP Request: POST http://localhost:8000/api/v1/eventos/ingest "HTTP/1.1 201 Created"
2026-08-19 20:19:01,697 vision INFO frame=510 detectados=14 enviado=True
2026-08-19 20:19:02,238 httpx INFO HTTP Request: POST http://localhost:8000/api/v1/eventos/ingest "HTTP/1.1 201 Created"
2026-08-19 20:19:02,239 vision INFO frame=540 detectados=13 enviado=True
2026-08-19 20:19:02,744 httpx INFO HTTP Request: POST http://localhost:8000/api/v1/eventos/ingest "HTTP/1.1 201 Created"
2026-08-19 20:19:02,745 vision INFO frame=570 detectados=11 enviado=True
2026-08-19 20:19:13,228 src.backend_client ERROR Fallo al enviar evento frame 600
Traceback (most recent call last):
  File "/home/raftlee/Documentos/Workspace/prototipo-vigia/vision/.venv/lib/python3.12/site-packages/httpx/_transports/default.py", line 101, in map_httpcore_exceptions
    yield
  File "/home/raftlee/Documentos/Workspace/prototipo-vigia/vision/.venv/lib/python3.12/site-packages/httpx/_transports/default.py", line 394, in handle_async_request
    resp = await self._pool.handle_async_request(req)
           ^^^^^^^^^^^^^^^^^^^^^^^^^^^^^^^^^^^^^^^^^^
  File "/home/raftlee/Documentos/Workspace/prototipo-vigia/vision/.venv/lib/python3.12/site-packages/httpcore/_async/connection_pool.py", line 256, in handle_async_request
    raise exc from None
  File "/home/raftlee/Documentos/Workspace/prototipo-vigia/vision/.venv/lib/python3.12/site-packages/httpcore/_async/connection_pool.py", line 236, in handle_async_request
    response = await connection.handle_async_request(
               ^^^^^^^^^^^^^^^^^^^^^^^^^^^^^^^^^^^^^^
  File "/home/raftlee/Documentos/Workspace/prototipo-vigia/vision/.venv/lib/python3.12/site-packages/httpcore/_async/connection.py", line 103, in handle_async_request
    return await self._connection.handle_async_request(request)
           ^^^^^^^^^^^^^^^^^^^^^^^^^^^^^^^^^^^^^^^^^^^^^^^^^^^^
  File "/home/raftlee/Documentos/Workspace/prototipo-vigia/vision/.venv/lib/python3.12/site-packages/httpcore/_async/http11.py", line 136, in handle_async_request
    raise exc
  File "/home/raftlee/Documentos/Workspace/prototipo-vigia/vision/.venv/lib/python3.12/site-packages/httpcore/_async/http11.py", line 106, in handle_async_request
    ) = await self._receive_response_headers(**kwargs)
        ^^^^^^^^^^^^^^^^^^^^^^^^^^^^^^^^^^^^^^^^^^^^^^
  File "/home/raftlee/Documentos/Workspace/prototipo-vigia/vision/.venv/lib/python3.12/site-packages/httpcore/_async/http11.py", line 177, in _receive_response_headers
    event = await self._receive_event(timeout=timeout)
            ^^^^^^^^^^^^^^^^^^^^^^^^^^^^^^^^^^^^^^^^^^
  File "/home/raftlee/Documentos/Workspace/prototipo-vigia/vision/.venv/lib/python3.12/site-packages/httpcore/_async/http11.py", line 217, in _receive_event
    data = await self._network_stream.read(
           ^^^^^^^^^^^^^^^^^^^^^^^^^^^^^^^^
  File "/home/raftlee/Documentos/Workspace/prototipo-vigia/vision/.venv/lib/python3.12/site-packages/httpcore/_backends/anyio.py", line 32, in read
    with map_exceptions(exc_map):
  File "/usr/lib/python3.12/contextlib.py", line 158, in __exit__
    self.gen.throw(value)
  File "/home/raftlee/Documentos/Workspace/prototipo-vigia/vision/.venv/lib/python3.12/site-packages/httpcore/_exceptions.py", line 14, in map_exceptions
    raise to_exc(exc) from exc
httpcore.ReadTimeout

The above exception was the direct cause of the following exception:

Traceback (most recent call last):
  File "/home/raftlee/Documentos/Workspace/prototipo-vigia/vision/src/backend_client.py", line 19, in enviar
    resp = await client.post(self.url, json=evento)
           ^^^^^^^^^^^^^^^^^^^^^^^^^^^^^^^^^^^^^^^^
  File "/home/raftlee/Documentos/Workspace/prototipo-vigia/vision/.venv/lib/python3.12/site-packages/httpx/_client.py", line 1859, in post
    return await self.request(
           ^^^^^^^^^^^^^^^^^^^
  File "/home/raftlee/Documentos/Workspace/prototipo-vigia/vision/.venv/lib/python3.12/site-packages/httpx/_client.py", line 1540, in request
    return await self.send(request, auth=auth, follow_redirects=follow_redirects)
           ^^^^^^^^^^^^^^^^^^^^^^^^^^^^^^^^^^^^^^^^^^^^^^^^^^^^^^^^^^^^^^^^^^^^^^
  File "/home/raftlee/Documentos/Workspace/prototipo-vigia/vision/.venv/lib/python3.12/site-packages/httpx/_client.py", line 1629, in send
    response = await self._send_handling_auth(
               ^^^^^^^^^^^^^^^^^^^^^^^^^^^^^^^
  File "/home/raftlee/Documentos/Workspace/prototipo-vigia/vision/.venv/lib/python3.12/site-packages/httpx/_client.py", line 1657, in _send_handling_auth
    response = await self._send_handling_redirects(
               ^^^^^^^^^^^^^^^^^^^^^^^^^^^^^^^^^^^^
  File "/home/raftlee/Documentos/Workspace/prototipo-vigia/vision/.venv/lib/python3.12/site-packages/httpx/_client.py", line 1694, in _send_handling_redirects
    response = await self._send_single_request(request)
               ^^^^^^^^^^^^^^^^^^^^^^^^^^^^^^^^^^^^^^^^
  File "/home/raftlee/Documentos/Workspace/prototipo-vigia/vision/.venv/lib/python3.12/site-packages/httpx/_client.py", line 1730, in _send_single_request
    response = await transport.handle_async_request(request)
               ^^^^^^^^^^^^^^^^^^^^^^^^^^^^^^^^^^^^^^^^^^^^^
  File "/home/raftlee/Documentos/Workspace/prototipo-vigia/vision/.venv/lib/python3.12/site-packages/httpx/_transports/default.py", line 393, in handle_async_request
    with map_httpcore_exceptions():
  File "/usr/lib/python3.12/contextlib.py", line 158, in __exit__
    self.gen.throw(value)
  File "/home/raftlee/Documentos/Workspace/prototipo-vigia/vision/.venv/lib/python3.12/site-packages/httpx/_transports/default.py", line 118, in map_httpcore_exceptions
    raise mapped_exc(message) from exc
httpx.ReadTimeout
2026-08-19 20:19:25,255 src.backend_client ERROR Fallo al enviar evento frame 600
Traceback (most recent call last):
  File "/home/raftlee/Documentos/Workspace/prototipo-vigia/vision/.venv/lib/python3.12/site-packages/httpx/_transports/default.py", line 101, in map_httpcore_exceptions
    yield
  File "/home/raftlee/Documentos/Workspace/prototipo-vigia/vision/.venv/lib/python3.12/site-packages/httpx/_transports/default.py", line 394, in handle_async_request
    resp = await self._pool.handle_async_request(req)
           ^^^^^^^^^^^^^^^^^^^^^^^^^^^^^^^^^^^^^^^^^^
  File "/home/raftlee/Documentos/Workspace/prototipo-vigia/vision/.venv/lib/python3.12/site-packages/httpcore/_async/connection_pool.py", line 256, in handle_async_request
    raise exc from None
  File "/home/raftlee/Documentos/Workspace/prototipo-vigia/vision/.venv/lib/python3.12/site-packages/httpcore/_async/connection_pool.py", line 236, in handle_async_request
    response = await connection.handle_async_request(
               ^^^^^^^^^^^^^^^^^^^^^^^^^^^^^^^^^^^^^^
  File "/home/raftlee/Documentos/Workspace/prototipo-vigia/vision/.venv/lib/python3.12/site-packages/httpcore/_async/connection.py", line 103, in handle_async_request
    return await self._connection.handle_async_request(request)
           ^^^^^^^^^^^^^^^^^^^^^^^^^^^^^^^^^^^^^^^^^^^^^^^^^^^^
  File "/home/raftlee/Documentos/Workspace/prototipo-vigia/vision/.venv/lib/python3.12/site-packages/httpcore/_async/http11.py", line 136, in handle_async_request
    raise exc
  File "/home/raftlee/Documentos/Workspace/prototipo-vigia/vision/.venv/lib/python3.12/site-packages/httpcore/_async/http11.py", line 106, in handle_async_request
    ) = await self._receive_response_headers(**kwargs)
        ^^^^^^^^^^^^^^^^^^^^^^^^^^^^^^^^^^^^^^^^^^^^^^
  File "/home/raftlee/Documentos/Workspace/prototipo-vigia/vision/.venv/lib/python3.12/site-packages/httpcore/_async/http11.py", line 177, in _receive_response_headers
    event = await self._receive_event(timeout=timeout)
            ^^^^^^^^^^^^^^^^^^^^^^^^^^^^^^^^^^^^^^^^^^
  File "/home/raftlee/Documentos/Workspace/prototipo-vigia/vision/.venv/lib/python3.12/site-packages/httpcore/_async/http11.py", line 217, in _receive_event
    data = await self._network_stream.read(
           ^^^^^^^^^^^^^^^^^^^^^^^^^^^^^^^^
  File "/home/raftlee/Documentos/Workspace/prototipo-vigia/vision/.venv/lib/python3.12/site-packages/httpcore/_backends/anyio.py", line 32, in read
    with map_exceptions(exc_map):
  File "/usr/lib/python3.12/contextlib.py", line 158, in __exit__
    self.gen.throw(value)
  File "/home/raftlee/Documentos/Workspace/prototipo-vigia/vision/.venv/lib/python3.12/site-packages/httpcore/_exceptions.py", line 14, in map_exceptions
    raise to_exc(exc) from exc
httpcore.ReadTimeout

The above exception was the direct cause of the following exception:

Traceback (most recent call last):
  File "/home/raftlee/Documentos/Workspace/prototipo-vigia/vision/src/backend_client.py", line 19, in enviar
    resp = await client.post(self.url, json=evento)
           ^^^^^^^^^^^^^^^^^^^^^^^^^^^^^^^^^^^^^^^^
  File "/home/raftlee/Documentos/Workspace/prototipo-vigia/vision/.venv/lib/python3.12/site-packages/httpx/_client.py", line 1859, in post
    return await self.request(
           ^^^^^^^^^^^^^^^^^^^
  File "/home/raftlee/Documentos/Workspace/prototipo-vigia/vision/.venv/lib/python3.12/site-packages/httpx/_client.py", line 1540, in request
    return await self.send(request, auth=auth, follow_redirects=follow_redirects)
           ^^^^^^^^^^^^^^^^^^^^^^^^^^^^^^^^^^^^^^^^^^^^^^^^^^^^^^^^^^^^^^^^^^^^^^
  File "/home/raftlee/Documentos/Workspace/prototipo-vigia/vision/.venv/lib/python3.12/site-packages/httpx/_client.py", line 1629, in send
    response = await self._send_handling_auth(
               ^^^^^^^^^^^^^^^^^^^^^^^^^^^^^^^
  File "/home/raftlee/Documentos/Workspace/prototipo-vigia/vision/.venv/lib/python3.12/site-packages/httpx/_client.py", line 1657, in _send_handling_auth
    response = await self._send_handling_redirects(
               ^^^^^^^^^^^^^^^^^^^^^^^^^^^^^^^^^^^^
  File "/home/raftlee/Documentos/Workspace/prototipo-vigia/vision/.venv/lib/python3.12/site-packages/httpx/_client.py", line 1694, in _send_handling_redirects
    response = await self._send_single_request(request)
               ^^^^^^^^^^^^^^^^^^^^^^^^^^^^^^^^^^^^^^^^
  File "/home/raftlee/Documentos/Workspace/prototipo-vigia/vision/.venv/lib/python3.12/site-packages/httpx/_client.py", line 1730, in _send_single_request
    response = await transport.handle_async_request(request)
               ^^^^^^^^^^^^^^^^^^^^^^^^^^^^^^^^^^^^^^^^^^^^^
  File "/home/raftlee/Documentos/Workspace/prototipo-vigia/vision/.venv/lib/python3.12/site-packages/httpx/_transports/default.py", line 393, in handle_async_request
    with map_httpcore_exceptions():
  File "/usr/lib/python3.12/contextlib.py", line 158, in __exit__
    self.gen.throw(value)
  File "/home/raftlee/Documentos/Workspace/prototipo-vigia/vision/.venv/lib/python3.12/site-packages/httpx/_transports/default.py", line 118, in map_httpcore_exceptions
    raise mapped_exc(message) from exc
httpx.ReadTimeout
2026-08-19 20:19:39,280 src.backend_client ERROR Fallo al enviar evento frame 600
Traceback (most recent call last):
  File "/home/raftlee/Documentos/Workspace/prototipo-vigia/vision/.venv/lib/python3.12/site-packages/httpx/_transports/default.py", line 101, in map_httpcore_exceptions
    yield
  File "/home/raftlee/Documentos/Workspace/prototipo-vigia/vision/.venv/lib/python3.12/site-packages/httpx/_transports/default.py", line 394, in handle_async_request
    resp = await self._pool.handle_async_request(req)
           ^^^^^^^^^^^^^^^^^^^^^^^^^^^^^^^^^^^^^^^^^^
  File "/home/raftlee/Documentos/Workspace/prototipo-vigia/vision/.venv/lib/python3.12/site-packages/httpcore/_async/connection_pool.py", line 256, in handle_async_request
    raise exc from None
  File "/home/raftlee/Documentos/Workspace/prototipo-vigia/vision/.venv/lib/python3.12/site-packages/httpcore/_async/connection_pool.py", line 236, in handle_async_request
    response = await connection.handle_async_request(
               ^^^^^^^^^^^^^^^^^^^^^^^^^^^^^^^^^^^^^^
  File "/home/raftlee/Documentos/Workspace/prototipo-vigia/vision/.venv/lib/python3.12/site-packages/httpcore/_async/connection.py", line 103, in handle_async_request
    return await self._connection.handle_async_request(request)
           ^^^^^^^^^^^^^^^^^^^^^^^^^^^^^^^^^^^^^^^^^^^^^^^^^^^^
  File "/home/raftlee/Documentos/Workspace/prototipo-vigia/vision/.venv/lib/python3.12/site-packages/httpcore/_async/http11.py", line 136, in handle_async_request
    raise exc
  File "/home/raftlee/Documentos/Workspace/prototipo-vigia/vision/.venv/lib/python3.12/site-packages/httpcore/_async/http11.py", line 106, in handle_async_request
    ) = await self._receive_response_headers(**kwargs)
        ^^^^^^^^^^^^^^^^^^^^^^^^^^^^^^^^^^^^^^^^^^^^^^
  File "/home/raftlee/Documentos/Workspace/prototipo-vigia/vision/.venv/lib/python3.12/site-packages/httpcore/_async/http11.py", line 177, in _receive_response_headers
    event = await self._receive_event(timeout=timeout)
            ^^^^^^^^^^^^^^^^^^^^^^^^^^^^^^^^^^^^^^^^^^
  File "/home/raftlee/Documentos/Workspace/prototipo-vigia/vision/.venv/lib/python3.12/site-packages/httpcore/_async/http11.py", line 217, in _receive_event
    data = await self._network_stream.read(
           ^^^^^^^^^^^^^^^^^^^^^^^^^^^^^^^^
  File "/home/raftlee/Documentos/Workspace/prototipo-vigia/vision/.venv/lib/python3.12/site-packages/httpcore/_backends/anyio.py", line 32, in read
    with map_exceptions(exc_map):
  File "/usr/lib/python3.12/contextlib.py", line 158, in __exit__
    self.gen.throw(value)
  File "/home/raftlee/Documentos/Workspace/prototipo-vigia/vision/.venv/lib/python3.12/site-packages/httpcore/_exceptions.py", line 14, in map_exceptions
    raise to_exc(exc) from exc
httpcore.ReadTimeout

The above exception was the direct cause of the following exception:

Traceback (most recent call last):
  File "/home/raftlee/Documentos/Workspace/prototipo-vigia/vision/src/backend_client.py", line 19, in enviar
    resp = await client.post(self.url, json=evento)
           ^^^^^^^^^^^^^^^^^^^^^^^^^^^^^^^^^^^^^^^^
  File "/home/raftlee/Documentos/Workspace/prototipo-vigia/vision/.venv/lib/python3.12/site-packages/httpx/_client.py", line 1859, in post
    return await self.request(
           ^^^^^^^^^^^^^^^^^^^
  File "/home/raftlee/Documentos/Workspace/prototipo-vigia/vision/.venv/lib/python3.12/site-packages/httpx/_client.py", line 1540, in request
    return await self.send(request, auth=auth, follow_redirects=follow_redirects)
           ^^^^^^^^^^^^^^^^^^^^^^^^^^^^^^^^^^^^^^^^^^^^^^^^^^^^^^^^^^^^^^^^^^^^^^
  File "/home/raftlee/Documentos/Workspace/prototipo-vigia/vision/.venv/lib/python3.12/site-packages/httpx/_client.py", line 1629, in send
    response = await self._send_handling_auth(
               ^^^^^^^^^^^^^^^^^^^^^^^^^^^^^^^
  File "/home/raftlee/Documentos/Workspace/prototipo-vigia/vision/.venv/lib/python3.12/site-packages/httpx/_client.py", line 1657, in _send_handling_auth
    response = await self._send_handling_redirects(
               ^^^^^^^^^^^^^^^^^^^^^^^^^^^^^^^^^^^^
  File "/home/raftlee/Documentos/Workspace/prototipo-vigia/vision/.venv/lib/python3.12/site-packages/httpx/_client.py", line 1694, in _send_handling_redirects
    response = await self._send_single_request(request)
               ^^^^^^^^^^^^^^^^^^^^^^^^^^^^^^^^^^^^^^^^
  File "/home/raftlee/Documentos/Workspace/prototipo-vigia/vision/.venv/lib/python3.12/site-packages/httpx/_client.py", line 1730, in _send_single_request
    response = await transport.handle_async_request(request)
               ^^^^^^^^^^^^^^^^^^^^^^^^^^^^^^^^^^^^^^^^^^^^^
  File "/home/raftlee/Documentos/Workspace/prototipo-vigia/vision/.venv/lib/python3.12/site-packages/httpx/_transports/default.py", line 393, in handle_async_request
    with map_httpcore_exceptions():
  File "/usr/lib/python3.12/contextlib.py", line 158, in __exit__
    self.gen.throw(value)
  File "/home/raftlee/Documentos/Workspace/prototipo-vigia/vision/.venv/lib/python3.12/site-packages/httpx/_transports/default.py", line 118, in map_httpcore_exceptions
    raise mapped_exc(message) from exc
httpx.ReadTimeout
2026-08-19 20:19:47,289 src.backend_client ERROR Se agotaron los reintentos para el frame 600
2026-08-19 20:19:47,289 vision INFO frame=600 detectados=15 enviado=False
2026-08-19 20:19:57,771 src.backend_client ERROR Fallo al enviar evento frame 630
Traceback (most recent call last):
  File "/home/raftlee/Documentos/Workspace/prototipo-vigia/vision/.venv/lib/python3.12/site-packages/httpx/_transports/default.py", line 101, in map_httpcore_exceptions
    yield
  File "/home/raftlee/Documentos/Workspace/prototipo-vigia/vision/.venv/lib/python3.12/site-packages/httpx/_transports/default.py", line 394, in handle_async_request
    resp = await self._pool.handle_async_request(req)
           ^^^^^^^^^^^^^^^^^^^^^^^^^^^^^^^^^^^^^^^^^^
  File "/home/raftlee/Documentos/Workspace/prototipo-vigia/vision/.venv/lib/python3.12/site-packages/httpcore/_async/connection_pool.py", line 256, in handle_async_request
    raise exc from None
  File "/home/raftlee/Documentos/Workspace/prototipo-vigia/vision/.venv/lib/python3.12/site-packages/httpcore/_async/connection_pool.py", line 236, in handle_async_request
    response = await connection.handle_async_request(
               ^^^^^^^^^^^^^^^^^^^^^^^^^^^^^^^^^^^^^^
  File "/home/raftlee/Documentos/Workspace/prototipo-vigia/vision/.venv/lib/python3.12/site-packages/httpcore/_async/connection.py", line 103, in handle_async_request
    return await self._connection.handle_async_request(request)
           ^^^^^^^^^^^^^^^^^^^^^^^^^^^^^^^^^^^^^^^^^^^^^^^^^^^^
  File "/home/raftlee/Documentos/Workspace/prototipo-vigia/vision/.venv/lib/python3.12/site-packages/httpcore/_async/http11.py", line 136, in handle_async_request
    raise exc
  File "/home/raftlee/Documentos/Workspace/prototipo-vigia/vision/.venv/lib/python3.12/site-packages/httpcore/_async/http11.py", line 106, in handle_async_request
    ) = await self._receive_response_headers(**kwargs)
        ^^^^^^^^^^^^^^^^^^^^^^^^^^^^^^^^^^^^^^^^^^^^^^
  File "/home/raftlee/Documentos/Workspace/prototipo-vigia/vision/.venv/lib/python3.12/site-packages/httpcore/_async/http11.py", line 177, in _receive_response_headers
    event = await self._receive_event(timeout=timeout)
            ^^^^^^^^^^^^^^^^^^^^^^^^^^^^^^^^^^^^^^^^^^
  File "/home/raftlee/Documentos/Workspace/prototipo-vigia/vision/.venv/lib/python3.12/site-packages/httpcore/_async/http11.py", line 217, in _receive_event
    data = await self._network_stream.read(
           ^^^^^^^^^^^^^^^^^^^^^^^^^^^^^^^^
  File "/home/raftlee/Documentos/Workspace/prototipo-vigia/vision/.venv/lib/python3.12/site-packages/httpcore/_backends/anyio.py", line 32, in read
    with map_exceptions(exc_map):
  File "/usr/lib/python3.12/contextlib.py", line 158, in __exit__
    self.gen.throw(value)
  File "/home/raftlee/Documentos/Workspace/prototipo-vigia/vision/.venv/lib/python3.12/site-packages/httpcore/_exceptions.py", line 14, in map_exceptions
    raise to_exc(exc) from exc
httpcore.ReadTimeout

The above exception was the direct cause of the following exception:

Traceback (most recent call last):
  File "/home/raftlee/Documentos/Workspace/prototipo-vigia/vision/src/backend_client.py", line 19, in enviar
    resp = await client.post(self.url, json=evento)
           ^^^^^^^^^^^^^^^^^^^^^^^^^^^^^^^^^^^^^^^^
  File "/home/raftlee/Documentos/Workspace/prototipo-vigia/vision/.venv/lib/python3.12/site-packages/httpx/_client.py", line 1859, in post
    return await self.request(
           ^^^^^^^^^^^^^^^^^^^
  File "/home/raftlee/Documentos/Workspace/prototipo-vigia/vision/.venv/lib/python3.12/site-packages/httpx/_client.py", line 1540, in request
    return await self.send(request, auth=auth, follow_redirects=follow_redirects)
           ^^^^^^^^^^^^^^^^^^^^^^^^^^^^^^^^^^^^^^^^^^^^^^^^^^^^^^^^^^^^^^^^^^^^^^
  File "/home/raftlee/Documentos/Workspace/prototipo-vigia/vision/.venv/lib/python3.12/site-packages/httpx/_client.py", line 1629, in send
    response = await self._send_handling_auth(
               ^^^^^^^^^^^^^^^^^^^^^^^^^^^^^^^
  File "/home/raftlee/Documentos/Workspace/prototipo-vigia/vision/.venv/lib/python3.12/site-packages/httpx/_client.py", line 1657, in _send_handling_auth
    response = await self._send_handling_redirects(
               ^^^^^^^^^^^^^^^^^^^^^^^^^^^^^^^^^^^^
  File "/home/raftlee/Documentos/Workspace/prototipo-vigia/vision/.venv/lib/python3.12/site-packages/httpx/_client.py", line 1694, in _send_handling_redirects
    response = await self._send_single_request(request)
               ^^^^^^^^^^^^^^^^^^^^^^^^^^^^^^^^^^^^^^^^
  File "/home/raftlee/Documentos/Workspace/prototipo-vigia/vision/.venv/lib/python3.12/site-packages/httpx/_client.py", line 1730, in _send_single_request
    response = await transport.handle_async_request(request)
               ^^^^^^^^^^^^^^^^^^^^^^^^^^^^^^^^^^^^^^^^^^^^^
  File "/home/raftlee/Documentos/Workspace/prototipo-vigia/vision/.venv/lib/python3.12/site-packages/httpx/_transports/default.py", line 393, in handle_async_request
    with map_httpcore_exceptions():
  File "/usr/lib/python3.12/contextlib.py", line 158, in __exit__
    self.gen.throw(value)
  File "/home/raftlee/Documentos/Workspace/prototipo-vigia/vision/.venv/lib/python3.12/site-packages/httpx/_transports/default.py", line 118, in map_httpcore_exceptions
    raise mapped_exc(message) from exc
httpx.ReadTimeout
2026-08-19 20:20:09,819 src.backend_client ERROR Fallo al enviar evento frame 630
Traceback (most recent call last):
  File "/home/raftlee/Documentos/Workspace/prototipo-vigia/vision/.venv/lib/python3.12/site-packages/httpx/_transports/default.py", line 101, in map_httpcore_exceptions
    yield
  File "/home/raftlee/Documentos/Workspace/prototipo-vigia/vision/.venv/lib/python3.12/site-packages/httpx/_transports/default.py", line 394, in handle_async_request
    resp = await self._pool.handle_async_request(req)
           ^^^^^^^^^^^^^^^^^^^^^^^^^^^^^^^^^^^^^^^^^^
  File "/home/raftlee/Documentos/Workspace/prototipo-vigia/vision/.venv/lib/python3.12/site-packages/httpcore/_async/connection_pool.py", line 256, in handle_async_request
    raise exc from None
  File "/home/raftlee/Documentos/Workspace/prototipo-vigia/vision/.venv/lib/python3.12/site-packages/httpcore/_async/connection_pool.py", line 236, in handle_async_request
    response = await connection.handle_async_request(
               ^^^^^^^^^^^^^^^^^^^^^^^^^^^^^^^^^^^^^^
  File "/home/raftlee/Documentos/Workspace/prototipo-vigia/vision/.venv/lib/python3.12/site-packages/httpcore/_async/connection.py", line 103, in handle_async_request
    return await self._connection.handle_async_request(request)
           ^^^^^^^^^^^^^^^^^^^^^^^^^^^^^^^^^^^^^^^^^^^^^^^^^^^^
  File "/home/raftlee/Documentos/Workspace/prototipo-vigia/vision/.venv/lib/python3.12/site-packages/httpcore/_async/http11.py", line 136, in handle_async_request
    raise exc
  File "/home/raftlee/Documentos/Workspace/prototipo-vigia/vision/.venv/lib/python3.12/site-packages/httpcore/_async/http11.py", line 106, in handle_async_request
    ) = await self._receive_response_headers(**kwargs)
        ^^^^^^^^^^^^^^^^^^^^^^^^^^^^^^^^^^^^^^^^^^^^^^
  File "/home/raftlee/Documentos/Workspace/prototipo-vigia/vision/.venv/lib/python3.12/site-packages/httpcore/_async/http11.py", line 177, in _receive_response_headers
    event = await self._receive_event(timeout=timeout)
            ^^^^^^^^^^^^^^^^^^^^^^^^^^^^^^^^^^^^^^^^^^
  File "/home/raftlee/Documentos/Workspace/prototipo-vigia/vision/.venv/lib/python3.12/site-packages/httpcore/_async/http11.py", line 217, in _receive_event
    data = await self._network_stream.read(
           ^^^^^^^^^^^^^^^^^^^^^^^^^^^^^^^^
  File "/home/raftlee/Documentos/Workspace/prototipo-vigia/vision/.venv/lib/python3.12/site-packages/httpcore/_backends/anyio.py", line 32, in read
    with map_exceptions(exc_map):
  File "/usr/lib/python3.12/contextlib.py", line 158, in __exit__
    self.gen.throw(value)
  File "/home/raftlee/Documentos/Workspace/prototipo-vigia/vision/.venv/lib/python3.12/site-packages/httpcore/_exceptions.py", line 14, in map_exceptions
    raise to_exc(exc) from exc
httpcore.ReadTimeout

The above exception was the direct cause of the following exception:

Traceback (most recent call last):
  File "/home/raftlee/Documentos/Workspace/prototipo-vigia/vision/src/backend_client.py", line 19, in enviar
    resp = await client.post(self.url, json=evento)
           ^^^^^^^^^^^^^^^^^^^^^^^^^^^^^^^^^^^^^^^^
  File "/home/raftlee/Documentos/Workspace/prototipo-vigia/vision/.venv/lib/python3.12/site-packages/httpx/_client.py", line 1859, in post
    return await self.request(
           ^^^^^^^^^^^^^^^^^^^
  File "/home/raftlee/Documentos/Workspace/prototipo-vigia/vision/.venv/lib/python3.12/site-packages/httpx/_client.py", line 1540, in request
    return await self.send(request, auth=auth, follow_redirects=follow_redirects)
           ^^^^^^^^^^^^^^^^^^^^^^^^^^^^^^^^^^^^^^^^^^^^^^^^^^^^^^^^^^^^^^^^^^^^^^
  File "/home/raftlee/Documentos/Workspace/prototipo-vigia/vision/.venv/lib/python3.12/site-packages/httpx/_client.py", line 1629, in send
    response = await self._send_handling_auth(
               ^^^^^^^^^^^^^^^^^^^^^^^^^^^^^^^
  File "/home/raftlee/Documentos/Workspace/prototipo-vigia/vision/.venv/lib/python3.12/site-packages/httpx/_client.py", line 1657, in _send_handling_auth
    response = await self._send_handling_redirects(
               ^^^^^^^^^^^^^^^^^^^^^^^^^^^^^^^^^^^^
  File "/home/raftlee/Documentos/Workspace/prototipo-vigia/vision/.venv/lib/python3.12/site-packages/httpx/_client.py", line 1694, in _send_handling_redirects
    response = await self._send_single_request(request)
               ^^^^^^^^^^^^^^^^^^^^^^^^^^^^^^^^^^^^^^^^
  File "/home/raftlee/Documentos/Workspace/prototipo-vigia/vision/.venv/lib/python3.12/site-packages/httpx/_client.py", line 1730, in _send_single_request
    response = await transport.handle_async_request(request)
               ^^^^^^^^^^^^^^^^^^^^^^^^^^^^^^^^^^^^^^^^^^^^^
  File "/home/raftlee/Documentos/Workspace/prototipo-vigia/vision/.venv/lib/python3.12/site-packages/httpx/_transports/default.py", line 393, in handle_async_request
    with map_httpcore_exceptions():
  File "/usr/lib/python3.12/contextlib.py", line 158, in __exit__
    self.gen.throw(value)
  File "/home/raftlee/Documentos/Workspace/prototipo-vigia/vision/.venv/lib/python3.12/site-packages/httpx/_transports/default.py", line 118, in map_httpcore_exceptions
    raise mapped_exc(message) from exc
httpx.ReadTimeout
2026-08-19 20:20:23,862 src.backend_client ERROR Fallo al enviar evento frame 630
Traceback (most recent call last):
  File "/home/raftlee/Documentos/Workspace/prototipo-vigia/vision/.venv/lib/python3.12/site-packages/httpx/_transports/default.py", line 101, in map_httpcore_exceptions
    yield
  File "/home/raftlee/Documentos/Workspace/prototipo-vigia/vision/.venv/lib/python3.12/site-packages/httpx/_transports/default.py", line 394, in handle_async_request
    resp = await self._pool.handle_async_request(req)
           ^^^^^^^^^^^^^^^^^^^^^^^^^^^^^^^^^^^^^^^^^^
  File "/home/raftlee/Documentos/Workspace/prototipo-vigia/vision/.venv/lib/python3.12/site-packages/httpcore/_async/connection_pool.py", line 256, in handle_async_request
    raise exc from None
  File "/home/raftlee/Documentos/Workspace/prototipo-vigia/vision/.venv/lib/python3.12/site-packages/httpcore/_async/connection_pool.py", line 236, in handle_async_request
    response = await connection.handle_async_request(
               ^^^^^^^^^^^^^^^^^^^^^^^^^^^^^^^^^^^^^^
  File "/home/raftlee/Documentos/Workspace/prototipo-vigia/vision/.venv/lib/python3.12/site-packages/httpcore/_async/connection.py", line 103, in handle_async_request
    return await self._connection.handle_async_request(request)
           ^^^^^^^^^^^^^^^^^^^^^^^^^^^^^^^^^^^^^^^^^^^^^^^^^^^^
  File "/home/raftlee/Documentos/Workspace/prototipo-vigia/vision/.venv/lib/python3.12/site-packages/httpcore/_async/http11.py", line 136, in handle_async_request
    raise exc
  File "/home/raftlee/Documentos/Workspace/prototipo-vigia/vision/.venv/lib/python3.12/site-packages/httpcore/_async/http11.py", line 106, in handle_async_request
    ) = await self._receive_response_headers(**kwargs)
        ^^^^^^^^^^^^^^^^^^^^^^^^^^^^^^^^^^^^^^^^^^^^^^
  File "/home/raftlee/Documentos/Workspace/prototipo-vigia/vision/.venv/lib/python3.12/site-packages/httpcore/_async/http11.py", line 177, in _receive_response_headers
    event = await self._receive_event(timeout=timeout)
            ^^^^^^^^^^^^^^^^^^^^^^^^^^^^^^^^^^^^^^^^^^
  File "/home/raftlee/Documentos/Workspace/prototipo-vigia/vision/.venv/lib/python3.12/site-packages/httpcore/_async/http11.py", line 217, in _receive_event
    data = await self._network_stream.read(
           ^^^^^^^^^^^^^^^^^^^^^^^^^^^^^^^^
  File "/home/raftlee/Documentos/Workspace/prototipo-vigia/vision/.venv/lib/python3.12/site-packages/httpcore/_backends/anyio.py", line 32, in read
    with map_exceptions(exc_map):
  File "/usr/lib/python3.12/contextlib.py", line 158, in __exit__
    self.gen.throw(value)
  File "/home/raftlee/Documentos/Workspace/prototipo-vigia/vision/.venv/lib/python3.12/site-packages/httpcore/_exceptions.py", line 14, in map_exceptions
    raise to_exc(exc) from exc
httpcore.ReadTimeout

The above exception was the direct cause of the following exception:

Traceback (most recent call last):
  File "/home/raftlee/Documentos/Workspace/prototipo-vigia/vision/src/backend_client.py", line 19, in enviar
    resp = await client.post(self.url, json=evento)
           ^^^^^^^^^^^^^^^^^^^^^^^^^^^^^^^^^^^^^^^^
  File "/home/raftlee/Documentos/Workspace/prototipo-vigia/vision/.venv/lib/python3.12/site-packages/httpx/_client.py", line 1859, in post
    return await self.request(
           ^^^^^^^^^^^^^^^^^^^
  File "/home/raftlee/Documentos/Workspace/prototipo-vigia/vision/.venv/lib/python3.12/site-packages/httpx/_client.py", line 1540, in request
    return await self.send(request, auth=auth, follow_redirects=follow_redirects)
           ^^^^^^^^^^^^^^^^^^^^^^^^^^^^^^^^^^^^^^^^^^^^^^^^^^^^^^^^^^^^^^^^^^^^^^
  File "/home/raftlee/Documentos/Workspace/prototipo-vigia/vision/.venv/lib/python3.12/site-packages/httpx/_client.py", line 1629, in send
    response = await self._send_handling_auth(
               ^^^^^^^^^^^^^^^^^^^^^^^^^^^^^^^
  File "/home/raftlee/Documentos/Workspace/prototipo-vigia/vision/.venv/lib/python3.12/site-packages/httpx/_client.py", line 1657, in _send_handling_auth
    response = await self._send_handling_redirects(
               ^^^^^^^^^^^^^^^^^^^^^^^^^^^^^^^^^^^^
  File "/home/raftlee/Documentos/Workspace/prototipo-vigia/vision/.venv/lib/python3.12/site-packages/httpx/_client.py", line 1694, in _send_handling_redirects
    response = await self._send_single_request(request)
               ^^^^^^^^^^^^^^^^^^^^^^^^^^^^^^^^^^^^^^^^
  File "/home/raftlee/Documentos/Workspace/prototipo-vigia/vision/.venv/lib/python3.12/site-packages/httpx/_client.py", line 1730, in _send_single_request
    response = await transport.handle_async_request(request)
               ^^^^^^^^^^^^^^^^^^^^^^^^^^^^^^^^^^^^^^^^^^^^^
  File "/home/raftlee/Documentos/Workspace/prototipo-vigia/vision/.venv/lib/python3.12/site-packages/httpx/_transports/default.py", line 393, in handle_async_request
    with map_httpcore_exceptions():
  File "/usr/lib/python3.12/contextlib.py", line 158, in __exit__
    self.gen.throw(value)
  File "/home/raftlee/Documentos/Workspace/prototipo-vigia/vision/.venv/lib/python3.12/site-packages/httpx/_transports/default.py", line 118, in map_httpcore_exceptions
    raise mapped_exc(message) from exc
httpx.ReadTimeout
2026-08-19 20:20:31,864 src.backend_client ERROR Se agotaron los reintentos para el frame 630
2026-08-19 20:20:31,865 vision INFO frame=630 detectados=12 enviado=False
2026-08-19 20:20:42,515 src.backend_client ERROR Fallo al enviar evento frame 660
Traceback (most recent call last):
  File "/home/raftlee/Documentos/Workspace/prototipo-vigia/vision/.venv/lib/python3.12/site-packages/httpx/_transports/default.py", line 101, in map_httpcore_exceptions
    yield
  File "/home/raftlee/Documentos/Workspace/prototipo-vigia/vision/.venv/lib/python3.12/site-packages/httpx/_transports/default.py", line 394, in handle_async_request
    resp = await self._pool.handle_async_request(req)
           ^^^^^^^^^^^^^^^^^^^^^^^^^^^^^^^^^^^^^^^^^^
  File "/home/raftlee/Documentos/Workspace/prototipo-vigia/vision/.venv/lib/python3.12/site-packages/httpcore/_async/connection_pool.py", line 256, in handle_async_request
    raise exc from None
  File "/home/raftlee/Documentos/Workspace/prototipo-vigia/vision/.venv/lib/python3.12/site-packages/httpcore/_async/connection_pool.py", line 236, in handle_async_request
    response = await connection.handle_async_request(
               ^^^^^^^^^^^^^^^^^^^^^^^^^^^^^^^^^^^^^^
  File "/home/raftlee/Documentos/Workspace/prototipo-vigia/vision/.venv/lib/python3.12/site-packages/httpcore/_async/connection.py", line 103, in handle_async_request
    return await self._connection.handle_async_request(request)
           ^^^^^^^^^^^^^^^^^^^^^^^^^^^^^^^^^^^^^^^^^^^^^^^^^^^^
  File "/home/raftlee/Documentos/Workspace/prototipo-vigia/vision/.venv/lib/python3.12/site-packages/httpcore/_async/http11.py", line 136, in handle_async_request
    raise exc
  File "/home/raftlee/Documentos/Workspace/prototipo-vigia/vision/.venv/lib/python3.12/site-packages/httpcore/_async/http11.py", line 106, in handle_async_request
    ) = await self._receive_response_headers(**kwargs)
        ^^^^^^^^^^^^^^^^^^^^^^^^^^^^^^^^^^^^^^^^^^^^^^
  File "/home/raftlee/Documentos/Workspace/prototipo-vigia/vision/.venv/lib/python3.12/site-packages/httpcore/_async/http11.py", line 177, in _receive_response_headers
    event = await self._receive_event(timeout=timeout)
            ^^^^^^^^^^^^^^^^^^^^^^^^^^^^^^^^^^^^^^^^^^
  File "/home/raftlee/Documentos/Workspace/prototipo-vigia/vision/.venv/lib/python3.12/site-packages/httpcore/_async/http11.py", line 217, in _receive_event
    data = await self._network_stream.read(
           ^^^^^^^^^^^^^^^^^^^^^^^^^^^^^^^^
  File "/home/raftlee/Documentos/Workspace/prototipo-vigia/vision/.venv/lib/python3.12/site-packages/httpcore/_backends/anyio.py", line 32, in read
    with map_exceptions(exc_map):
  File "/usr/lib/python3.12/contextlib.py", line 158, in __exit__
    self.gen.throw(value)
  File "/home/raftlee/Documentos/Workspace/prototipo-vigia/vision/.venv/lib/python3.12/site-packages/httpcore/_exceptions.py", line 14, in map_exceptions
    raise to_exc(exc) from exc
httpcore.ReadTimeout

The above exception was the direct cause of the following exception:

Traceback (most recent call last):
  File "/home/raftlee/Documentos/Workspace/prototipo-vigia/vision/src/backend_client.py", line 19, in enviar
    resp = await client.post(self.url, json=evento)
           ^^^^^^^^^^^^^^^^^^^^^^^^^^^^^^^^^^^^^^^^
  File "/home/raftlee/Documentos/Workspace/prototipo-vigia/vision/.venv/lib/python3.12/site-packages/httpx/_client.py", line 1859, in post
    return await self.request(
           ^^^^^^^^^^^^^^^^^^^
  File "/home/raftlee/Documentos/Workspace/prototipo-vigia/vision/.venv/lib/python3.12/site-packages/httpx/_client.py", line 1540, in request
    return await self.send(request, auth=auth, follow_redirects=follow_redirects)
           ^^^^^^^^^^^^^^^^^^^^^^^^^^^^^^^^^^^^^^^^^^^^^^^^^^^^^^^^^^^^^^^^^^^^^^
  File "/home/raftlee/Documentos/Workspace/prototipo-vigia/vision/.venv/lib/python3.12/site-packages/httpx/_client.py", line 1629, in send
    response = await self._send_handling_auth(
               ^^^^^^^^^^^^^^^^^^^^^^^^^^^^^^^
  File "/home/raftlee/Documentos/Workspace/prototipo-vigia/vision/.venv/lib/python3.12/site-packages/httpx/_client.py", line 1657, in _send_handling_auth
    response = await self._send_handling_redirects(
               ^^^^^^^^^^^^^^^^^^^^^^^^^^^^^^^^^^^^
  File "/home/raftlee/Documentos/Workspace/prototipo-vigia/vision/.venv/lib/python3.12/site-packages/httpx/_client.py", line 1694, in _send_handling_redirects
    response = await self._send_single_request(request)
               ^^^^^^^^^^^^^^^^^^^^^^^^^^^^^^^^^^^^^^^^
  File "/home/raftlee/Documentos/Workspace/prototipo-vigia/vision/.venv/lib/python3.12/site-packages/httpx/_client.py", line 1730, in _send_single_request
    response = await transport.handle_async_request(request)
               ^^^^^^^^^^^^^^^^^^^^^^^^^^^^^^^^^^^^^^^^^^^^^
  File "/home/raftlee/Documentos/Workspace/prototipo-vigia/vision/.venv/lib/python3.12/site-packages/httpx/_transports/default.py", line 393, in handle_async_request
    with map_httpcore_exceptions():
  File "/usr/lib/python3.12/contextlib.py", line 158, in __exit__
    self.gen.throw(value)
  File "/home/raftlee/Documentos/Workspace/prototipo-vigia/vision/.venv/lib/python3.12/site-packages/httpx/_transports/default.py", line 118, in map_httpcore_exceptions
    raise mapped_exc(message) from exc
httpx.ReadTimeout
2026-08-19 20:20:54,552 src.backend_client ERROR Fallo al enviar evento frame 660
Traceback (most recent call last):
  File "/home/raftlee/Documentos/Workspace/prototipo-vigia/vision/.venv/lib/python3.12/site-packages/httpx/_transports/default.py", line 101, in map_httpcore_exceptions
    yield
  File "/home/raftlee/Documentos/Workspace/prototipo-vigia/vision/.venv/lib/python3.12/site-packages/httpx/_transports/default.py", line 394, in handle_async_request
    resp = await self._pool.handle_async_request(req)
           ^^^^^^^^^^^^^^^^^^^^^^^^^^^^^^^^^^^^^^^^^^
  File "/home/raftlee/Documentos/Workspace/prototipo-vigia/vision/.venv/lib/python3.12/site-packages/httpcore/_async/connection_pool.py", line 256, in handle_async_request
    raise exc from None
  File "/home/raftlee/Documentos/Workspace/prototipo-vigia/vision/.venv/lib/python3.12/site-packages/httpcore/_async/connection_pool.py", line 236, in handle_async_request
    response = await connection.handle_async_request(
               ^^^^^^^^^^^^^^^^^^^^^^^^^^^^^^^^^^^^^^
  File "/home/raftlee/Documentos/Workspace/prototipo-vigia/vision/.venv/lib/python3.12/site-packages/httpcore/_async/connection.py", line 103, in handle_async_request
    return await self._connection.handle_async_request(request)
           ^^^^^^^^^^^^^^^^^^^^^^^^^^^^^^^^^^^^^^^^^^^^^^^^^^^^
  File "/home/raftlee/Documentos/Workspace/prototipo-vigia/vision/.venv/lib/python3.12/site-packages/httpcore/_async/http11.py", line 136, in handle_async_request
    raise exc
  File "/home/raftlee/Documentos/Workspace/prototipo-vigia/vision/.venv/lib/python3.12/site-packages/httpcore/_async/http11.py", line 106, in handle_async_request
    ) = await self._receive_response_headers(**kwargs)
        ^^^^^^^^^^^^^^^^^^^^^^^^^^^^^^^^^^^^^^^^^^^^^^
  File "/home/raftlee/Documentos/Workspace/prototipo-vigia/vision/.venv/lib/python3.12/site-packages/httpcore/_async/http11.py", line 177, in _receive_response_headers
    event = await self._receive_event(timeout=timeout)
            ^^^^^^^^^^^^^^^^^^^^^^^^^^^^^^^^^^^^^^^^^^
  File "/home/raftlee/Documentos/Workspace/prototipo-vigia/vision/.venv/lib/python3.12/site-packages/httpcore/_async/http11.py", line 217, in _receive_event
    data = await self._network_stream.read(
           ^^^^^^^^^^^^^^^^^^^^^^^^^^^^^^^^
  File "/home/raftlee/Documentos/Workspace/prototipo-vigia/vision/.venv/lib/python3.12/site-packages/httpcore/_backends/anyio.py", line 32, in read
    with map_exceptions(exc_map):
  File "/usr/lib/python3.12/contextlib.py", line 158, in __exit__
    self.gen.throw(value)
  File "/home/raftlee/Documentos/Workspace/prototipo-vigia/vision/.venv/lib/python3.12/site-packages/httpcore/_exceptions.py", line 14, in map_exceptions
    raise to_exc(exc) from exc
httpcore.ReadTimeout

The above exception was the direct cause of the following exception:

Traceback (most recent call last):
  File "/home/raftlee/Documentos/Workspace/prototipo-vigia/vision/src/backend_client.py", line 19, in enviar
    resp = await client.post(self.url, json=evento)
           ^^^^^^^^^^^^^^^^^^^^^^^^^^^^^^^^^^^^^^^^
  File "/home/raftlee/Documentos/Workspace/prototipo-vigia/vision/.venv/lib/python3.12/site-packages/httpx/_client.py", line 1859, in post
    return await self.request(
           ^^^^^^^^^^^^^^^^^^^
  File "/home/raftlee/Documentos/Workspace/prototipo-vigia/vision/.venv/lib/python3.12/site-packages/httpx/_client.py", line 1540, in request
    return await self.send(request, auth=auth, follow_redirects=follow_redirects)
           ^^^^^^^^^^^^^^^^^^^^^^^^^^^^^^^^^^^^^^^^^^^^^^^^^^^^^^^^^^^^^^^^^^^^^^
  File "/home/raftlee/Documentos/Workspace/prototipo-vigia/vision/.venv/lib/python3.12/site-packages/httpx/_client.py", line 1629, in send
    response = await self._send_handling_auth(
               ^^^^^^^^^^^^^^^^^^^^^^^^^^^^^^^
  File "/home/raftlee/Documentos/Workspace/prototipo-vigia/vision/.venv/lib/python3.12/site-packages/httpx/_client.py", line 1657, in _send_handling_auth
    response = await self._send_handling_redirects(
               ^^^^^^^^^^^^^^^^^^^^^^^^^^^^^^^^^^^^
  File "/home/raftlee/Documentos/Workspace/prototipo-vigia/vision/.venv/lib/python3.12/site-packages/httpx/_client.py", line 1694, in _send_handling_redirects
    response = await self._send_single_request(request)
               ^^^^^^^^^^^^^^^^^^^^^^^^^^^^^^^^^^^^^^^^
  File "/home/raftlee/Documentos/Workspace/prototipo-vigia/vision/.venv/lib/python3.12/site-packages/httpx/_client.py", line 1730, in _send_single_request
    response = await transport.handle_async_request(request)
               ^^^^^^^^^^^^^^^^^^^^^^^^^^^^^^^^^^^^^^^^^^^^^
  File "/home/raftlee/Documentos/Workspace/prototipo-vigia/vision/.venv/lib/python3.12/site-packages/httpx/_transports/default.py", line 393, in handle_async_request
    with map_httpcore_exceptions():
  File "/usr/lib/python3.12/contextlib.py", line 158, in __exit__
    self.gen.throw(value)
  File "/home/raftlee/Documentos/Workspace/prototipo-vigia/vision/.venv/lib/python3.12/site-packages/httpx/_transports/default.py", line 118, in map_httpcore_exceptions
    raise mapped_exc(message) from exc
httpx.ReadTimeout
2026-08-19 20:21:08,591 src.backend_client ERROR Fallo al enviar evento frame 660
Traceback (most recent call last):
  File "/home/raftlee/Documentos/Workspace/prototipo-vigia/vision/.venv/lib/python3.12/site-packages/httpx/_transports/default.py", line 101, in map_httpcore_exceptions
    yield
  File "/home/raftlee/Documentos/Workspace/prototipo-vigia/vision/.venv/lib/python3.12/site-packages/httpx/_transports/default.py", line 394, in handle_async_request
    resp = await self._pool.handle_async_request(req)
           ^^^^^^^^^^^^^^^^^^^^^^^^^^^^^^^^^^^^^^^^^^
  File "/home/raftlee/Documentos/Workspace/prototipo-vigia/vision/.venv/lib/python3.12/site-packages/httpcore/_async/connection_pool.py", line 256, in handle_async_request
    raise exc from None
  File "/home/raftlee/Documentos/Workspace/prototipo-vigia/vision/.venv/lib/python3.12/site-packages/httpcore/_async/connection_pool.py", line 236, in handle_async_request
    response = await connection.handle_async_request(
               ^^^^^^^^^^^^^^^^^^^^^^^^^^^^^^^^^^^^^^
  File "/home/raftlee/Documentos/Workspace/prototipo-vigia/vision/.venv/lib/python3.12/site-packages/httpcore/_async/connection.py", line 103, in handle_async_request
    return await self._connection.handle_async_request(request)
           ^^^^^^^^^^^^^^^^^^^^^^^^^^^^^^^^^^^^^^^^^^^^^^^^^^^^
  File "/home/raftlee/Documentos/Workspace/prototipo-vigia/vision/.venv/lib/python3.12/site-packages/httpcore/_async/http11.py", line 136, in handle_async_request
    raise exc
  File "/home/raftlee/Documentos/Workspace/prototipo-vigia/vision/.venv/lib/python3.12/site-packages/httpcore/_async/http11.py", line 106, in handle_async_request
    ) = await self._receive_response_headers(**kwargs)
        ^^^^^^^^^^^^^^^^^^^^^^^^^^^^^^^^^^^^^^^^^^^^^^
  File "/home/raftlee/Documentos/Workspace/prototipo-vigia/vision/.venv/lib/python3.12/site-packages/httpcore/_async/http11.py", line 177, in _receive_response_headers
    event = await self._receive_event(timeout=timeout)
            ^^^^^^^^^^^^^^^^^^^^^^^^^^^^^^^^^^^^^^^^^^
  File "/home/raftlee/Documentos/Workspace/prototipo-vigia/vision/.venv/lib/python3.12/site-packages/httpcore/_async/http11.py", line 217, in _receive_event
    data = await self._network_stream.read(
           ^^^^^^^^^^^^^^^^^^^^^^^^^^^^^^^^
  File "/home/raftlee/Documentos/Workspace/prototipo-vigia/vision/.venv/lib/python3.12/site-packages/httpcore/_backends/anyio.py", line 32, in read
    with map_exceptions(exc_map):
  File "/usr/lib/python3.12/contextlib.py", line 158, in __exit__
    self.gen.throw(value)
  File "/home/raftlee/Documentos/Workspace/prototipo-vigia/vision/.venv/lib/python3.12/site-packages/httpcore/_exceptions.py", line 14, in map_exceptions
    raise to_exc(exc) from exc
httpcore.ReadTimeout

The above exception was the direct cause of the following exception:

Traceback (most recent call last):
  File "/home/raftlee/Documentos/Workspace/prototipo-vigia/vision/src/backend_client.py", line 19, in enviar
    resp = await client.post(self.url, json=evento)
           ^^^^^^^^^^^^^^^^^^^^^^^^^^^^^^^^^^^^^^^^
  File "/home/raftlee/Documentos/Workspace/prototipo-vigia/vision/.venv/lib/python3.12/site-packages/httpx/_client.py", line 1859, in post
    return await self.request(
           ^^^^^^^^^^^^^^^^^^^
  File "/home/raftlee/Documentos/Workspace/prototipo-vigia/vision/.venv/lib/python3.12/site-packages/httpx/_client.py", line 1540, in request
    return await self.send(request, auth=auth, follow_redirects=follow_redirects)
           ^^^^^^^^^^^^^^^^^^^^^^^^^^^^^^^^^^^^^^^^^^^^^^^^^^^^^^^^^^^^^^^^^^^^^^
  File "/home/raftlee/Documentos/Workspace/prototipo-vigia/vision/.venv/lib/python3.12/site-packages/httpx/_client.py", line 1629, in send
    response = await self._send_handling_auth(
               ^^^^^^^^^^^^^^^^^^^^^^^^^^^^^^^
  File "/home/raftlee/Documentos/Workspace/prototipo-vigia/vision/.venv/lib/python3.12/site-packages/httpx/_client.py", line 1657, in _send_handling_auth
    response = await self._send_handling_redirects(
               ^^^^^^^^^^^^^^^^^^^^^^^^^^^^^^^^^^^^
  File "/home/raftlee/Documentos/Workspace/prototipo-vigia/vision/.venv/lib/python3.12/site-packages/httpx/_client.py", line 1694, in _send_handling_redirects
    response = await self._send_single_request(request)
               ^^^^^^^^^^^^^^^^^^^^^^^^^^^^^^^^^^^^^^^^
  File "/home/raftlee/Documentos/Workspace/prototipo-vigia/vision/.venv/lib/python3.12/site-packages/httpx/_client.py", line 1730, in _send_single_request
    response = await transport.handle_async_request(request)
               ^^^^^^^^^^^^^^^^^^^^^^^^^^^^^^^^^^^^^^^^^^^^^
  File "/home/raftlee/Documentos/Workspace/prototipo-vigia/vision/.venv/lib/python3.12/site-packages/httpx/_transports/default.py", line 393, in handle_async_request
    with map_httpcore_exceptions():
  File "/usr/lib/python3.12/contextlib.py", line 158, in __exit__
    self.gen.throw(value)
  File "/home/raftlee/Documentos/Workspace/prototipo-vigia/vision/.venv/lib/python3.12/site-packages/httpx/_transports/default.py", line 118, in map_httpcore_exceptions
    raise mapped_exc(message) from exc
httpx.ReadTimeout
2026-08-19 20:21:16,594 src.backend_client ERROR Se agotaron los reintentos para el frame 660
2026-08-19 20:21:16,595 vision INFO frame=660 detectados=10 enviado=False
2026-08-19 20:21:27,261 src.backend_client ERROR Fallo al enviar evento frame 690
Traceback (most recent call last):
  File "/home/raftlee/Documentos/Workspace/prototipo-vigia/vision/.venv/lib/python3.12/site-packages/httpx/_transports/default.py", line 101, in map_httpcore_exceptions
    yield
  File "/home/raftlee/Documentos/Workspace/prototipo-vigia/vision/.venv/lib/python3.12/site-packages/httpx/_transports/default.py", line 394, in handle_async_request
    resp = await self._pool.handle_async_request(req)
           ^^^^^^^^^^^^^^^^^^^^^^^^^^^^^^^^^^^^^^^^^^
  File "/home/raftlee/Documentos/Workspace/prototipo-vigia/vision/.venv/lib/python3.12/site-packages/httpcore/_async/connection_pool.py", line 256, in handle_async_request
    raise exc from None
  File "/home/raftlee/Documentos/Workspace/prototipo-vigia/vision/.venv/lib/python3.12/site-packages/httpcore/_async/connection_pool.py", line 236, in handle_async_request
    response = await connection.handle_async_request(
               ^^^^^^^^^^^^^^^^^^^^^^^^^^^^^^^^^^^^^^
  File "/home/raftlee/Documentos/Workspace/prototipo-vigia/vision/.venv/lib/python3.12/site-packages/httpcore/_async/connection.py", line 103, in handle_async_request
    return await self._connection.handle_async_request(request)
           ^^^^^^^^^^^^^^^^^^^^^^^^^^^^^^^^^^^^^^^^^^^^^^^^^^^^
  File "/home/raftlee/Documentos/Workspace/prototipo-vigia/vision/.venv/lib/python3.12/site-packages/httpcore/_async/http11.py", line 136, in handle_async_request
    raise exc
  File "/home/raftlee/Documentos/Workspace/prototipo-vigia/vision/.venv/lib/python3.12/site-packages/httpcore/_async/http11.py", line 106, in handle_async_request
    ) = await self._receive_response_headers(**kwargs)
        ^^^^^^^^^^^^^^^^^^^^^^^^^^^^^^^^^^^^^^^^^^^^^^
  File "/home/raftlee/Documentos/Workspace/prototipo-vigia/vision/.venv/lib/python3.12/site-packages/httpcore/_async/http11.py", line 177, in _receive_response_headers
    event = await self._receive_event(timeout=timeout)
            ^^^^^^^^^^^^^^^^^^^^^^^^^^^^^^^^^^^^^^^^^^
  File "/home/raftlee/Documentos/Workspace/prototipo-vigia/vision/.venv/lib/python3.12/site-packages/httpcore/_async/http11.py", line 217, in _receive_event
    data = await self._network_stream.read(
           ^^^^^^^^^^^^^^^^^^^^^^^^^^^^^^^^
  File "/home/raftlee/Documentos/Workspace/prototipo-vigia/vision/.venv/lib/python3.12/site-packages/httpcore/_backends/anyio.py", line 32, in read
    with map_exceptions(exc_map):
  File "/usr/lib/python3.12/contextlib.py", line 158, in __exit__
    self.gen.throw(value)
  File "/home/raftlee/Documentos/Workspace/prototipo-vigia/vision/.venv/lib/python3.12/site-packages/httpcore/_exceptions.py", line 14, in map_exceptions
    raise to_exc(exc) from exc
httpcore.ReadTimeout

The above exception was the direct cause of the following exception:

Traceback (most recent call last):
  File "/home/raftlee/Documentos/Workspace/prototipo-vigia/vision/src/backend_client.py", line 19, in enviar
    resp = await client.post(self.url, json=evento)
           ^^^^^^^^^^^^^^^^^^^^^^^^^^^^^^^^^^^^^^^^
  File "/home/raftlee/Documentos/Workspace/prototipo-vigia/vision/.venv/lib/python3.12/site-packages/httpx/_client.py", line 1859, in post
    return await self.request(
           ^^^^^^^^^^^^^^^^^^^
  File "/home/raftlee/Documentos/Workspace/prototipo-vigia/vision/.venv/lib/python3.12/site-packages/httpx/_client.py", line 1540, in request
    return await self.send(request, auth=auth, follow_redirects=follow_redirects)
           ^^^^^^^^^^^^^^^^^^^^^^^^^^^^^^^^^^^^^^^^^^^^^^^^^^^^^^^^^^^^^^^^^^^^^^
  File "/home/raftlee/Documentos/Workspace/prototipo-vigia/vision/.venv/lib/python3.12/site-packages/httpx/_client.py", line 1629, in send
    response = await self._send_handling_auth(
               ^^^^^^^^^^^^^^^^^^^^^^^^^^^^^^^
  File "/home/raftlee/Documentos/Workspace/prototipo-vigia/vision/.venv/lib/python3.12/site-packages/httpx/_client.py", line 1657, in _send_handling_auth
    response = await self._send_handling_redirects(
               ^^^^^^^^^^^^^^^^^^^^^^^^^^^^^^^^^^^^
  File "/home/raftlee/Documentos/Workspace/prototipo-vigia/vision/.venv/lib/python3.12/site-packages/httpx/_client.py", line 1694, in _send_handling_redirects
    response = await self._send_single_request(request)
               ^^^^^^^^^^^^^^^^^^^^^^^^^^^^^^^^^^^^^^^^
  File "/home/raftlee/Documentos/Workspace/prototipo-vigia/vision/.venv/lib/python3.12/site-packages/httpx/_client.py", line 1730, in _send_single_request
    response = await transport.handle_async_request(request)
               ^^^^^^^^^^^^^^^^^^^^^^^^^^^^^^^^^^^^^^^^^^^^^
  File "/home/raftlee/Documentos/Workspace/prototipo-vigia/vision/.venv/lib/python3.12/site-packages/httpx/_transports/default.py", line 393, in handle_async_request
    with map_httpcore_exceptions():
  File "/usr/lib/python3.12/contextlib.py", line 158, in __exit__
    self.gen.throw(value)
  File "/home/raftlee/Documentos/Workspace/prototipo-vigia/vision/.venv/lib/python3.12/site-packages/httpx/_transports/default.py", line 118, in map_httpcore_exceptions
    raise mapped_exc(message) from exc
httpx.ReadTimeout
2026-08-19 20:21:39,301 src.backend_client ERROR Fallo al enviar evento frame 690
Traceback (most recent call last):
  File "/home/raftlee/Documentos/Workspace/prototipo-vigia/vision/.venv/lib/python3.12/site-packages/httpx/_transports/default.py", line 101, in map_httpcore_exceptions
    yield
  File "/home/raftlee/Documentos/Workspace/prototipo-vigia/vision/.venv/lib/python3.12/site-packages/httpx/_transports/default.py", line 394, in handle_async_request
    resp = await self._pool.handle_async_request(req)
           ^^^^^^^^^^^^^^^^^^^^^^^^^^^^^^^^^^^^^^^^^^
  File "/home/raftlee/Documentos/Workspace/prototipo-vigia/vision/.venv/lib/python3.12/site-packages/httpcore/_async/connection_pool.py", line 256, in handle_async_request
    raise exc from None
  File "/home/raftlee/Documentos/Workspace/prototipo-vigia/vision/.venv/lib/python3.12/site-packages/httpcore/_async/connection_pool.py", line 236, in handle_async_request
    response = await connection.handle_async_request(
               ^^^^^^^^^^^^^^^^^^^^^^^^^^^^^^^^^^^^^^
  File "/home/raftlee/Documentos/Workspace/prototipo-vigia/vision/.venv/lib/python3.12/site-packages/httpcore/_async/connection.py", line 103, in handle_async_request
    return await self._connection.handle_async_request(request)
           ^^^^^^^^^^^^^^^^^^^^^^^^^^^^^^^^^^^^^^^^^^^^^^^^^^^^
  File "/home/raftlee/Documentos/Workspace/prototipo-vigia/vision/.venv/lib/python3.12/site-packages/httpcore/_async/http11.py", line 136, in handle_async_request
    raise exc
  File "/home/raftlee/Documentos/Workspace/prototipo-vigia/vision/.venv/lib/python3.12/site-packages/httpcore/_async/http11.py", line 106, in handle_async_request
    ) = await self._receive_response_headers(**kwargs)
        ^^^^^^^^^^^^^^^^^^^^^^^^^^^^^^^^^^^^^^^^^^^^^^
  File "/home/raftlee/Documentos/Workspace/prototipo-vigia/vision/.venv/lib/python3.12/site-packages/httpcore/_async/http11.py", line 177, in _receive_response_headers
    event = await self._receive_event(timeout=timeout)
            ^^^^^^^^^^^^^^^^^^^^^^^^^^^^^^^^^^^^^^^^^^
  File "/home/raftlee/Documentos/Workspace/prototipo-vigia/vision/.venv/lib/python3.12/site-packages/httpcore/_async/http11.py", line 217, in _receive_event
    data = await self._network_stream.read(
           ^^^^^^^^^^^^^^^^^^^^^^^^^^^^^^^^
  File "/home/raftlee/Documentos/Workspace/prototipo-vigia/vision/.venv/lib/python3.12/site-packages/httpcore/_backends/anyio.py", line 32, in read
    with map_exceptions(exc_map):
  File "/usr/lib/python3.12/contextlib.py", line 158, in __exit__
    self.gen.throw(value)
  File "/home/raftlee/Documentos/Workspace/prototipo-vigia/vision/.venv/lib/python3.12/site-packages/httpcore/_exceptions.py", line 14, in map_exceptions
    raise to_exc(exc) from exc
httpcore.ReadTimeout

The above exception was the direct cause of the following exception:

Traceback (most recent call last):
  File "/home/raftlee/Documentos/Workspace/prototipo-vigia/vision/src/backend_client.py", line 19, in enviar
    resp = await client.post(self.url, json=evento)
           ^^^^^^^^^^^^^^^^^^^^^^^^^^^^^^^^^^^^^^^^
  File "/home/raftlee/Documentos/Workspace/prototipo-vigia/vision/.venv/lib/python3.12/site-packages/httpx/_client.py", line 1859, in post
    return await self.request(
           ^^^^^^^^^^^^^^^^^^^
  File "/home/raftlee/Documentos/Workspace/prototipo-vigia/vision/.venv/lib/python3.12/site-packages/httpx/_client.py", line 1540, in request
    return await self.send(request, auth=auth, follow_redirects=follow_redirects)
           ^^^^^^^^^^^^^^^^^^^^^^^^^^^^^^^^^^^^^^^^^^^^^^^^^^^^^^^^^^^^^^^^^^^^^^
  File "/home/raftlee/Documentos/Workspace/prototipo-vigia/vision/.venv/lib/python3.12/site-packages/httpx/_client.py", line 1629, in send
    response = await self._send_handling_auth(
               ^^^^^^^^^^^^^^^^^^^^^^^^^^^^^^^
  File "/home/raftlee/Documentos/Workspace/prototipo-vigia/vision/.venv/lib/python3.12/site-packages/httpx/_client.py", line 1657, in _send_handling_auth
    response = await self._send_handling_redirects(
               ^^^^^^^^^^^^^^^^^^^^^^^^^^^^^^^^^^^^
  File "/home/raftlee/Documentos/Workspace/prototipo-vigia/vision/.venv/lib/python3.12/site-packages/httpx/_client.py", line 1694, in _send_handling_redirects
    response = await self._send_single_request(request)
               ^^^^^^^^^^^^^^^^^^^^^^^^^^^^^^^^^^^^^^^^
  File "/home/raftlee/Documentos/Workspace/prototipo-vigia/vision/.venv/lib/python3.12/site-packages/httpx/_client.py", line 1730, in _send_single_request
    response = await transport.handle_async_request(request)
               ^^^^^^^^^^^^^^^^^^^^^^^^^^^^^^^^^^^^^^^^^^^^^
  File "/home/raftlee/Documentos/Workspace/prototipo-vigia/vision/.venv/lib/python3.12/site-packages/httpx/_transports/default.py", line 393, in handle_async_request
    with map_httpcore_exceptions():
  File "/usr/lib/python3.12/contextlib.py", line 158, in __exit__
    self.gen.throw(value)
  File "/home/raftlee/Documentos/Workspace/prototipo-vigia/vision/.venv/lib/python3.12/site-packages/httpx/_transports/default.py", line 118, in map_httpcore_exceptions
    raise mapped_exc(message) from exc
httpx.ReadTimeout
2026-08-19 20:21:53,341 src.backend_client ERROR Fallo al enviar evento frame 690
Traceback (most recent call last):
  File "/home/raftlee/Documentos/Workspace/prototipo-vigia/vision/.venv/lib/python3.12/site-packages/httpx/_transports/default.py", line 101, in map_httpcore_exceptions
    yield
  File "/home/raftlee/Documentos/Workspace/prototipo-vigia/vision/.venv/lib/python3.12/site-packages/httpx/_transports/default.py", line 394, in handle_async_request
    resp = await self._pool.handle_async_request(req)
           ^^^^^^^^^^^^^^^^^^^^^^^^^^^^^^^^^^^^^^^^^^
  File "/home/raftlee/Documentos/Workspace/prototipo-vigia/vision/.venv/lib/python3.12/site-packages/httpcore/_async/connection_pool.py", line 256, in handle_async_request
    raise exc from None
  File "/home/raftlee/Documentos/Workspace/prototipo-vigia/vision/.venv/lib/python3.12/site-packages/httpcore/_async/connection_pool.py", line 236, in handle_async_request
    response = await connection.handle_async_request(
               ^^^^^^^^^^^^^^^^^^^^^^^^^^^^^^^^^^^^^^
  File "/home/raftlee/Documentos/Workspace/prototipo-vigia/vision/.venv/lib/python3.12/site-packages/httpcore/_async/connection.py", line 103, in handle_async_request
    return await self._connection.handle_async_request(request)
           ^^^^^^^^^^^^^^^^^^^^^^^^^^^^^^^^^^^^^^^^^^^^^^^^^^^^
  File "/home/raftlee/Documentos/Workspace/prototipo-vigia/vision/.venv/lib/python3.12/site-packages/httpcore/_async/http11.py", line 136, in handle_async_request
    raise exc
  File "/home/raftlee/Documentos/Workspace/prototipo-vigia/vision/.venv/lib/python3.12/site-packages/httpcore/_async/http11.py", line 106, in handle_async_request
    ) = await self._receive_response_headers(**kwargs)
        ^^^^^^^^^^^^^^^^^^^^^^^^^^^^^^^^^^^^^^^^^^^^^^
  File "/home/raftlee/Documentos/Workspace/prototipo-vigia/vision/.venv/lib/python3.12/site-packages/httpcore/_async/http11.py", line 177, in _receive_response_headers
    event = await self._receive_event(timeout=timeout)
            ^^^^^^^^^^^^^^^^^^^^^^^^^^^^^^^^^^^^^^^^^^
  File "/home/raftlee/Documentos/Workspace/prototipo-vigia/vision/.venv/lib/python3.12/site-packages/httpcore/_async/http11.py", line 217, in _receive_event
    data = await self._network_stream.read(
           ^^^^^^^^^^^^^^^^^^^^^^^^^^^^^^^^
  File "/home/raftlee/Documentos/Workspace/prototipo-vigia/vision/.venv/lib/python3.12/site-packages/httpcore/_backends/anyio.py", line 32, in read
    with map_exceptions(exc_map):
  File "/usr/lib/python3.12/contextlib.py", line 158, in __exit__
    self.gen.throw(value)
  File "/home/raftlee/Documentos/Workspace/prototipo-vigia/vision/.venv/lib/python3.12/site-packages/httpcore/_exceptions.py", line 14, in map_exceptions
    raise to_exc(exc) from exc
httpcore.ReadTimeout

The above exception was the direct cause of the following exception:

Traceback (most recent call last):
  File "/home/raftlee/Documentos/Workspace/prototipo-vigia/vision/src/backend_client.py", line 19, in enviar
    resp = await client.post(self.url, json=evento)
           ^^^^^^^^^^^^^^^^^^^^^^^^^^^^^^^^^^^^^^^^
  File "/home/raftlee/Documentos/Workspace/prototipo-vigia/vision/.venv/lib/python3.12/site-packages/httpx/_client.py", line 1859, in post
    return await self.request(
           ^^^^^^^^^^^^^^^^^^^
  File "/home/raftlee/Documentos/Workspace/prototipo-vigia/vision/.venv/lib/python3.12/site-packages/httpx/_client.py", line 1540, in request
    return await self.send(request, auth=auth, follow_redirects=follow_redirects)
           ^^^^^^^^^^^^^^^^^^^^^^^^^^^^^^^^^^^^^^^^^^^^^^^^^^^^^^^^^^^^^^^^^^^^^^
  File "/home/raftlee/Documentos/Workspace/prototipo-vigia/vision/.venv/lib/python3.12/site-packages/httpx/_client.py", line 1629, in send
    response = await self._send_handling_auth(
               ^^^^^^^^^^^^^^^^^^^^^^^^^^^^^^^
  File "/home/raftlee/Documentos/Workspace/prototipo-vigia/vision/.venv/lib/python3.12/site-packages/httpx/_client.py", line 1657, in _send_handling_auth
    response = await self._send_handling_redirects(
               ^^^^^^^^^^^^^^^^^^^^^^^^^^^^^^^^^^^^
  File "/home/raftlee/Documentos/Workspace/prototipo-vigia/vision/.venv/lib/python3.12/site-packages/httpx/_client.py", line 1694, in _send_handling_redirects
    response = await self._send_single_request(request)
               ^^^^^^^^^^^^^^^^^^^^^^^^^^^^^^^^^^^^^^^^
  File "/home/raftlee/Documentos/Workspace/prototipo-vigia/vision/.venv/lib/python3.12/site-packages/httpx/_client.py", line 1730, in _send_single_request
    response = await transport.handle_async_request(request)
               ^^^^^^^^^^^^^^^^^^^^^^^^^^^^^^^^^^^^^^^^^^^^^
  File "/home/raftlee/Documentos/Workspace/prototipo-vigia/vision/.venv/lib/python3.12/site-packages/httpx/_transports/default.py", line 393, in handle_async_request
    with map_httpcore_exceptions():
  File "/usr/lib/python3.12/contextlib.py", line 158, in __exit__
    self.gen.throw(value)
  File "/home/raftlee/Documentos/Workspace/prototipo-vigia/vision/.venv/lib/python3.12/site-packages/httpx/_transports/default.py", line 118, in map_httpcore_exceptions
    raise mapped_exc(message) from exc
httpx.ReadTimeout
2026-08-19 20:22:01,343 src.backend_client ERROR Se agotaron los reintentos para el frame 690
2026-08-19 20:22:01,343 vision INFO frame=690 detectados=9 enviado=False
2026-08-19 20:22:12,021 src.backend_client ERROR Fallo al enviar evento frame 720
Traceback (most recent call last):
  File "/home/raftlee/Documentos/Workspace/prototipo-vigia/vision/.venv/lib/python3.12/site-packages/httpx/_transports/default.py", line 101, in map_httpcore_exceptions
    yield
  File "/home/raftlee/Documentos/Workspace/prototipo-vigia/vision/.venv/lib/python3.12/site-packages/httpx/_transports/default.py", line 394, in handle_async_request
    resp = await self._pool.handle_async_request(req)
           ^^^^^^^^^^^^^^^^^^^^^^^^^^^^^^^^^^^^^^^^^^
  File "/home/raftlee/Documentos/Workspace/prototipo-vigia/vision/.venv/lib/python3.12/site-packages/httpcore/_async/connection_pool.py", line 256, in handle_async_request
    raise exc from None
  File "/home/raftlee/Documentos/Workspace/prototipo-vigia/vision/.venv/lib/python3.12/site-packages/httpcore/_async/connection_pool.py", line 236, in handle_async_request
    response = await connection.handle_async_request(
               ^^^^^^^^^^^^^^^^^^^^^^^^^^^^^^^^^^^^^^
  File "/home/raftlee/Documentos/Workspace/prototipo-vigia/vision/.venv/lib/python3.12/site-packages/httpcore/_async/connection.py", line 103, in handle_async_request
    return await self._connection.handle_async_request(request)
           ^^^^^^^^^^^^^^^^^^^^^^^^^^^^^^^^^^^^^^^^^^^^^^^^^^^^
  File "/home/raftlee/Documentos/Workspace/prototipo-vigia/vision/.venv/lib/python3.12/site-packages/httpcore/_async/http11.py", line 136, in handle_async_request
    raise exc
  File "/home/raftlee/Documentos/Workspace/prototipo-vigia/vision/.venv/lib/python3.12/site-packages/httpcore/_async/http11.py", line 106, in handle_async_request
    ) = await self._receive_response_headers(**kwargs)
        ^^^^^^^^^^^^^^^^^^^^^^^^^^^^^^^^^^^^^^^^^^^^^^
  File "/home/raftlee/Documentos/Workspace/prototipo-vigia/vision/.venv/lib/python3.12/site-packages/httpcore/_async/http11.py", line 177, in _receive_response_headers
    event = await self._receive_event(timeout=timeout)
            ^^^^^^^^^^^^^^^^^^^^^^^^^^^^^^^^^^^^^^^^^^
  File "/home/raftlee/Documentos/Workspace/prototipo-vigia/vision/.venv/lib/python3.12/site-packages/httpcore/_async/http11.py", line 217, in _receive_event
    data = await self._network_stream.read(
           ^^^^^^^^^^^^^^^^^^^^^^^^^^^^^^^^
  File "/home/raftlee/Documentos/Workspace/prototipo-vigia/vision/.venv/lib/python3.12/site-packages/httpcore/_backends/anyio.py", line 32, in read
    with map_exceptions(exc_map):
  File "/usr/lib/python3.12/contextlib.py", line 158, in __exit__
    self.gen.throw(value)
  File "/home/raftlee/Documentos/Workspace/prototipo-vigia/vision/.venv/lib/python3.12/site-packages/httpcore/_exceptions.py", line 14, in map_exceptions
    raise to_exc(exc) from exc
httpcore.ReadTimeout

The above exception was the direct cause of the following exception:

Traceback (most recent call last):
  File "/home/raftlee/Documentos/Workspace/prototipo-vigia/vision/src/backend_client.py", line 19, in enviar
    resp = await client.post(self.url, json=evento)
           ^^^^^^^^^^^^^^^^^^^^^^^^^^^^^^^^^^^^^^^^
  File "/home/raftlee/Documentos/Workspace/prototipo-vigia/vision/.venv/lib/python3.12/site-packages/httpx/_client.py", line 1859, in post
    return await self.request(
           ^^^^^^^^^^^^^^^^^^^
  File "/home/raftlee/Documentos/Workspace/prototipo-vigia/vision/.venv/lib/python3.12/site-packages/httpx/_client.py", line 1540, in request
    return await self.send(request, auth=auth, follow_redirects=follow_redirects)
           ^^^^^^^^^^^^^^^^^^^^^^^^^^^^^^^^^^^^^^^^^^^^^^^^^^^^^^^^^^^^^^^^^^^^^^
  File "/home/raftlee/Documentos/Workspace/prototipo-vigia/vision/.venv/lib/python3.12/site-packages/httpx/_client.py", line 1629, in send
    response = await self._send_handling_auth(
               ^^^^^^^^^^^^^^^^^^^^^^^^^^^^^^^
  File "/home/raftlee/Documentos/Workspace/prototipo-vigia/vision/.venv/lib/python3.12/site-packages/httpx/_client.py", line 1657, in _send_handling_auth
    response = await self._send_handling_redirects(
               ^^^^^^^^^^^^^^^^^^^^^^^^^^^^^^^^^^^^
  File "/home/raftlee/Documentos/Workspace/prototipo-vigia/vision/.venv/lib/python3.12/site-packages/httpx/_client.py", line 1694, in _send_handling_redirects
    response = await self._send_single_request(request)
               ^^^^^^^^^^^^^^^^^^^^^^^^^^^^^^^^^^^^^^^^
  File "/home/raftlee/Documentos/Workspace/prototipo-vigia/vision/.venv/lib/python3.12/site-packages/httpx/_client.py", line 1730, in _send_single_request
    response = await transport.handle_async_request(request)
               ^^^^^^^^^^^^^^^^^^^^^^^^^^^^^^^^^^^^^^^^^^^^^
  File "/home/raftlee/Documentos/Workspace/prototipo-vigia/vision/.venv/lib/python3.12/site-packages/httpx/_transports/default.py", line 393, in handle_async_request
    with map_httpcore_exceptions():
  File "/usr/lib/python3.12/contextlib.py", line 158, in __exit__
    self.gen.throw(value)
  File "/home/raftlee/Documentos/Workspace/prototipo-vigia/vision/.venv/lib/python3.12/site-packages/httpx/_transports/default.py", line 118, in map_httpcore_exceptions
    raise mapped_exc(message) from exc
httpx.ReadTimeout
2026-08-19 20:22:24,060 src.backend_client ERROR Fallo al enviar evento frame 720
Traceback (most recent call last):
  File "/home/raftlee/Documentos/Workspace/prototipo-vigia/vision/.venv/lib/python3.12/site-packages/httpx/_transports/default.py", line 101, in map_httpcore_exceptions
    yield
  File "/home/raftlee/Documentos/Workspace/prototipo-vigia/vision/.venv/lib/python3.12/site-packages/httpx/_transports/default.py", line 394, in handle_async_request
    resp = await self._pool.handle_async_request(req)
           ^^^^^^^^^^^^^^^^^^^^^^^^^^^^^^^^^^^^^^^^^^
  File "/home/raftlee/Documentos/Workspace/prototipo-vigia/vision/.venv/lib/python3.12/site-packages/httpcore/_async/connection_pool.py", line 256, in handle_async_request
    raise exc from None
  File "/home/raftlee/Documentos/Workspace/prototipo-vigia/vision/.venv/lib/python3.12/site-packages/httpcore/_async/connection_pool.py", line 236, in handle_async_request
    response = await connection.handle_async_request(
               ^^^^^^^^^^^^^^^^^^^^^^^^^^^^^^^^^^^^^^
  File "/home/raftlee/Documentos/Workspace/prototipo-vigia/vision/.venv/lib/python3.12/site-packages/httpcore/_async/connection.py", line 103, in handle_async_request
    return await self._connection.handle_async_request(request)
           ^^^^^^^^^^^^^^^^^^^^^^^^^^^^^^^^^^^^^^^^^^^^^^^^^^^^
  File "/home/raftlee/Documentos/Workspace/prototipo-vigia/vision/.venv/lib/python3.12/site-packages/httpcore/_async/http11.py", line 136, in handle_async_request
    raise exc
  File "/home/raftlee/Documentos/Workspace/prototipo-vigia/vision/.venv/lib/python3.12/site-packages/httpcore/_async/http11.py", line 106, in handle_async_request
    ) = await self._receive_response_headers(**kwargs)
        ^^^^^^^^^^^^^^^^^^^^^^^^^^^^^^^^^^^^^^^^^^^^^^
  File "/home/raftlee/Documentos/Workspace/prototipo-vigia/vision/.venv/lib/python3.12/site-packages/httpcore/_async/http11.py", line 177, in _receive_response_headers
    event = await self._receive_event(timeout=timeout)
            ^^^^^^^^^^^^^^^^^^^^^^^^^^^^^^^^^^^^^^^^^^
  File "/home/raftlee/Documentos/Workspace/prototipo-vigia/vision/.venv/lib/python3.12/site-packages/httpcore/_async/http11.py", line 217, in _receive_event
    data = await self._network_stream.read(
           ^^^^^^^^^^^^^^^^^^^^^^^^^^^^^^^^
  File "/home/raftlee/Documentos/Workspace/prototipo-vigia/vision/.venv/lib/python3.12/site-packages/httpcore/_backends/anyio.py", line 32, in read
    with map_exceptions(exc_map):
  File "/usr/lib/python3.12/contextlib.py", line 158, in __exit__
    self.gen.throw(value)
  File "/home/raftlee/Documentos/Workspace/prototipo-vigia/vision/.venv/lib/python3.12/site-packages/httpcore/_exceptions.py", line 14, in map_exceptions
    raise to_exc(exc) from exc
httpcore.ReadTimeout

The above exception was the direct cause of the following exception:

Traceback (most recent call last):
  File "/home/raftlee/Documentos/Workspace/prototipo-vigia/vision/src/backend_client.py", line 19, in enviar
    resp = await client.post(self.url, json=evento)
           ^^^^^^^^^^^^^^^^^^^^^^^^^^^^^^^^^^^^^^^^
  File "/home/raftlee/Documentos/Workspace/prototipo-vigia/vision/.venv/lib/python3.12/site-packages/httpx/_client.py", line 1859, in post
    return await self.request(
           ^^^^^^^^^^^^^^^^^^^
  File "/home/raftlee/Documentos/Workspace/prototipo-vigia/vision/.venv/lib/python3.12/site-packages/httpx/_client.py", line 1540, in request
    return await self.send(request, auth=auth, follow_redirects=follow_redirects)
           ^^^^^^^^^^^^^^^^^^^^^^^^^^^^^^^^^^^^^^^^^^^^^^^^^^^^^^^^^^^^^^^^^^^^^^
  File "/home/raftlee/Documentos/Workspace/prototipo-vigia/vision/.venv/lib/python3.12/site-packages/httpx/_client.py", line 1629, in send
    response = await self._send_handling_auth(
               ^^^^^^^^^^^^^^^^^^^^^^^^^^^^^^^
  File "/home/raftlee/Documentos/Workspace/prototipo-vigia/vision/.venv/lib/python3.12/site-packages/httpx/_client.py", line 1657, in _send_handling_auth
    response = await self._send_handling_redirects(
               ^^^^^^^^^^^^^^^^^^^^^^^^^^^^^^^^^^^^
  File "/home/raftlee/Documentos/Workspace/prototipo-vigia/vision/.venv/lib/python3.12/site-packages/httpx/_client.py", line 1694, in _send_handling_redirects
    response = await self._send_single_request(request)
               ^^^^^^^^^^^^^^^^^^^^^^^^^^^^^^^^^^^^^^^^
  File "/home/raftlee/Documentos/Workspace/prototipo-vigia/vision/.venv/lib/python3.12/site-packages/httpx/_client.py", line 1730, in _send_single_request
    response = await transport.handle_async_request(request)
               ^^^^^^^^^^^^^^^^^^^^^^^^^^^^^^^^^^^^^^^^^^^^^
  File "/home/raftlee/Documentos/Workspace/prototipo-vigia/vision/.venv/lib/python3.12/site-packages/httpx/_transports/default.py", line 393, in handle_async_request
    with map_httpcore_exceptions():
  File "/usr/lib/python3.12/contextlib.py", line 158, in __exit__
    self.gen.throw(value)
  File "/home/raftlee/Documentos/Workspace/prototipo-vigia/vision/.venv/lib/python3.12/site-packages/httpx/_transports/default.py", line 118, in map_httpcore_exceptions
    raise mapped_exc(message) from exc
httpx.ReadTimeout
2026-08-19 20:22:38,093 src.backend_client ERROR Fallo al enviar evento frame 720
Traceback (most recent call last):
  File "/home/raftlee/Documentos/Workspace/prototipo-vigia/vision/.venv/lib/python3.12/site-packages/httpx/_transports/default.py", line 101, in map_httpcore_exceptions
    yield
  File "/home/raftlee/Documentos/Workspace/prototipo-vigia/vision/.venv/lib/python3.12/site-packages/httpx/_transports/default.py", line 394, in handle_async_request
    resp = await self._pool.handle_async_request(req)
           ^^^^^^^^^^^^^^^^^^^^^^^^^^^^^^^^^^^^^^^^^^
  File "/home/raftlee/Documentos/Workspace/prototipo-vigia/vision/.venv/lib/python3.12/site-packages/httpcore/_async/connection_pool.py", line 256, in handle_async_request
    raise exc from None
  File "/home/raftlee/Documentos/Workspace/prototipo-vigia/vision/.venv/lib/python3.12/site-packages/httpcore/_async/connection_pool.py", line 236, in handle_async_request
    response = await connection.handle_async_request(
               ^^^^^^^^^^^^^^^^^^^^^^^^^^^^^^^^^^^^^^
  File "/home/raftlee/Documentos/Workspace/prototipo-vigia/vision/.venv/lib/python3.12/site-packages/httpcore/_async/connection.py", line 103, in handle_async_request
    return await self._connection.handle_async_request(request)
           ^^^^^^^^^^^^^^^^^^^^^^^^^^^^^^^^^^^^^^^^^^^^^^^^^^^^
  File "/home/raftlee/Documentos/Workspace/prototipo-vigia/vision/.venv/lib/python3.12/site-packages/httpcore/_async/http11.py", line 136, in handle_async_request
    raise exc
  File "/home/raftlee/Documentos/Workspace/prototipo-vigia/vision/.venv/lib/python3.12/site-packages/httpcore/_async/http11.py", line 106, in handle_async_request
    ) = await self._receive_response_headers(**kwargs)
        ^^^^^^^^^^^^^^^^^^^^^^^^^^^^^^^^^^^^^^^^^^^^^^
  File "/home/raftlee/Documentos/Workspace/prototipo-vigia/vision/.venv/lib/python3.12/site-packages/httpcore/_async/http11.py", line 177, in _receive_response_headers
    event = await self._receive_event(timeout=timeout)
            ^^^^^^^^^^^^^^^^^^^^^^^^^^^^^^^^^^^^^^^^^^
  File "/home/raftlee/Documentos/Workspace/prototipo-vigia/vision/.venv/lib/python3.12/site-packages/httpcore/_async/http11.py", line 217, in _receive_event
    data = await self._network_stream.read(
           ^^^^^^^^^^^^^^^^^^^^^^^^^^^^^^^^
  File "/home/raftlee/Documentos/Workspace/prototipo-vigia/vision/.venv/lib/python3.12/site-packages/httpcore/_backends/anyio.py", line 32, in read
    with map_exceptions(exc_map):
  File "/usr/lib/python3.12/contextlib.py", line 158, in __exit__
    self.gen.throw(value)
  File "/home/raftlee/Documentos/Workspace/prototipo-vigia/vision/.venv/lib/python3.12/site-packages/httpcore/_exceptions.py", line 14, in map_exceptions
    raise to_exc(exc) from exc
httpcore.ReadTimeout

The above exception was the direct cause of the following exception:

Traceback (most recent call last):
  File "/home/raftlee/Documentos/Workspace/prototipo-vigia/vision/src/backend_client.py", line 19, in enviar
    resp = await client.post(self.url, json=evento)
           ^^^^^^^^^^^^^^^^^^^^^^^^^^^^^^^^^^^^^^^^
  File "/home/raftlee/Documentos/Workspace/prototipo-vigia/vision/.venv/lib/python3.12/site-packages/httpx/_client.py", line 1859, in post
    return await self.request(
           ^^^^^^^^^^^^^^^^^^^
  File "/home/raftlee/Documentos/Workspace/prototipo-vigia/vision/.venv/lib/python3.12/site-packages/httpx/_client.py", line 1540, in request
    return await self.send(request, auth=auth, follow_redirects=follow_redirects)
           ^^^^^^^^^^^^^^^^^^^^^^^^^^^^^^^^^^^^^^^^^^^^^^^^^^^^^^^^^^^^^^^^^^^^^^
  File "/home/raftlee/Documentos/Workspace/prototipo-vigia/vision/.venv/lib/python3.12/site-packages/httpx/_client.py", line 1629, in send
    response = await self._send_handling_auth(
               ^^^^^^^^^^^^^^^^^^^^^^^^^^^^^^^
  File "/home/raftlee/Documentos/Workspace/prototipo-vigia/vision/.venv/lib/python3.12/site-packages/httpx/_client.py", line 1657, in _send_handling_auth
    response = await self._send_handling_redirects(
               ^^^^^^^^^^^^^^^^^^^^^^^^^^^^^^^^^^^^
  File "/home/raftlee/Documentos/Workspace/prototipo-vigia/vision/.venv/lib/python3.12/site-packages/httpx/_client.py", line 1694, in _send_handling_redirects
    response = await self._send_single_request(request)
               ^^^^^^^^^^^^^^^^^^^^^^^^^^^^^^^^^^^^^^^^
  File "/home/raftlee/Documentos/Workspace/prototipo-vigia/vision/.venv/lib/python3.12/site-packages/httpx/_client.py", line 1730, in _send_single_request
    response = await transport.handle_async_request(request)
               ^^^^^^^^^^^^^^^^^^^^^^^^^^^^^^^^^^^^^^^^^^^^^
  File "/home/raftlee/Documentos/Workspace/prototipo-vigia/vision/.venv/lib/python3.12/site-packages/httpx/_transports/default.py", line 393, in handle_async_request
    with map_httpcore_exceptions():
  File "/usr/lib/python3.12/contextlib.py", line 158, in __exit__
    self.gen.throw(value)
  File "/home/raftlee/Documentos/Workspace/prototipo-vigia/vision/.venv/lib/python3.12/site-packages/httpx/_transports/default.py", line 118, in map_httpcore_exceptions
    raise mapped_exc(message) from exc
httpx.ReadTimeout
2026-08-19 20:22:46,095 src.backend_client ERROR Se agotaron los reintentos para el frame 720
2026-08-19 20:22:46,095 vision INFO frame=720 detectados=10 enviado=False
2026-08-19 20:22:56,608 src.backend_client ERROR Fallo al enviar evento frame 750
Traceback (most recent call last):
  File "/home/raftlee/Documentos/Workspace/prototipo-vigia/vision/.venv/lib/python3.12/site-packages/httpx/_transports/default.py", line 101, in map_httpcore_exceptions
    yield
  File "/home/raftlee/Documentos/Workspace/prototipo-vigia/vision/.venv/lib/python3.12/site-packages/httpx/_transports/default.py", line 394, in handle_async_request
    resp = await self._pool.handle_async_request(req)
           ^^^^^^^^^^^^^^^^^^^^^^^^^^^^^^^^^^^^^^^^^^
  File "/home/raftlee/Documentos/Workspace/prototipo-vigia/vision/.venv/lib/python3.12/site-packages/httpcore/_async/connection_pool.py", line 256, in handle_async_request
    raise exc from None
  File "/home/raftlee/Documentos/Workspace/prototipo-vigia/vision/.venv/lib/python3.12/site-packages/httpcore/_async/connection_pool.py", line 236, in handle_async_request
    response = await connection.handle_async_request(
               ^^^^^^^^^^^^^^^^^^^^^^^^^^^^^^^^^^^^^^
  File "/home/raftlee/Documentos/Workspace/prototipo-vigia/vision/.venv/lib/python3.12/site-packages/httpcore/_async/connection.py", line 103, in handle_async_request
    return await self._connection.handle_async_request(request)
           ^^^^^^^^^^^^^^^^^^^^^^^^^^^^^^^^^^^^^^^^^^^^^^^^^^^^
  File "/home/raftlee/Documentos/Workspace/prototipo-vigia/vision/.venv/lib/python3.12/site-packages/httpcore/_async/http11.py", line 136, in handle_async_request
    raise exc
  File "/home/raftlee/Documentos/Workspace/prototipo-vigia/vision/.venv/lib/python3.12/site-packages/httpcore/_async/http11.py", line 106, in handle_async_request
    ) = await self._receive_response_headers(**kwargs)
        ^^^^^^^^^^^^^^^^^^^^^^^^^^^^^^^^^^^^^^^^^^^^^^
  File "/home/raftlee/Documentos/Workspace/prototipo-vigia/vision/.venv/lib/python3.12/site-packages/httpcore/_async/http11.py", line 177, in _receive_response_headers
    event = await self._receive_event(timeout=timeout)
            ^^^^^^^^^^^^^^^^^^^^^^^^^^^^^^^^^^^^^^^^^^
  File "/home/raftlee/Documentos/Workspace/prototipo-vigia/vision/.venv/lib/python3.12/site-packages/httpcore/_async/http11.py", line 217, in _receive_event
    data = await self._network_stream.read(
           ^^^^^^^^^^^^^^^^^^^^^^^^^^^^^^^^
  File "/home/raftlee/Documentos/Workspace/prototipo-vigia/vision/.venv/lib/python3.12/site-packages/httpcore/_backends/anyio.py", line 32, in read
    with map_exceptions(exc_map):
  File "/usr/lib/python3.12/contextlib.py", line 158, in __exit__
    self.gen.throw(value)
  File "/home/raftlee/Documentos/Workspace/prototipo-vigia/vision/.venv/lib/python3.12/site-packages/httpcore/_exceptions.py", line 14, in map_exceptions
    raise to_exc(exc) from exc
httpcore.ReadTimeout

The above exception was the direct cause of the following exception:

Traceback (most recent call last):
  File "/home/raftlee/Documentos/Workspace/prototipo-vigia/vision/src/backend_client.py", line 19, in enviar
    resp = await client.post(self.url, json=evento)
           ^^^^^^^^^^^^^^^^^^^^^^^^^^^^^^^^^^^^^^^^
  File "/home/raftlee/Documentos/Workspace/prototipo-vigia/vision/.venv/lib/python3.12/site-packages/httpx/_client.py", line 1859, in post
    return await self.request(
           ^^^^^^^^^^^^^^^^^^^
  File "/home/raftlee/Documentos/Workspace/prototipo-vigia/vision/.venv/lib/python3.12/site-packages/httpx/_client.py", line 1540, in request
    return await self.send(request, auth=auth, follow_redirects=follow_redirects)
           ^^^^^^^^^^^^^^^^^^^^^^^^^^^^^^^^^^^^^^^^^^^^^^^^^^^^^^^^^^^^^^^^^^^^^^
  File "/home/raftlee/Documentos/Workspace/prototipo-vigia/vision/.venv/lib/python3.12/site-packages/httpx/_client.py", line 1629, in send
    response = await self._send_handling_auth(
               ^^^^^^^^^^^^^^^^^^^^^^^^^^^^^^^
  File "/home/raftlee/Documentos/Workspace/prototipo-vigia/vision/.venv/lib/python3.12/site-packages/httpx/_client.py", line 1657, in _send_handling_auth
    response = await self._send_handling_redirects(
               ^^^^^^^^^^^^^^^^^^^^^^^^^^^^^^^^^^^^
  File "/home/raftlee/Documentos/Workspace/prototipo-vigia/vision/.venv/lib/python3.12/site-packages/httpx/_client.py", line 1694, in _send_handling_redirects
    response = await self._send_single_request(request)
               ^^^^^^^^^^^^^^^^^^^^^^^^^^^^^^^^^^^^^^^^
  File "/home/raftlee/Documentos/Workspace/prototipo-vigia/vision/.venv/lib/python3.12/site-packages/httpx/_client.py", line 1730, in _send_single_request
    response = await transport.handle_async_request(request)
               ^^^^^^^^^^^^^^^^^^^^^^^^^^^^^^^^^^^^^^^^^^^^^
  File "/home/raftlee/Documentos/Workspace/prototipo-vigia/vision/.venv/lib/python3.12/site-packages/httpx/_transports/default.py", line 393, in handle_async_request
    with map_httpcore_exceptions():
  File "/usr/lib/python3.12/contextlib.py", line 158, in __exit__
    self.gen.throw(value)
  File "/home/raftlee/Documentos/Workspace/prototipo-vigia/vision/.venv/lib/python3.12/site-packages/httpx/_transports/default.py", line 118, in map_httpcore_exceptions
    raise mapped_exc(message) from exc
httpx.ReadTimeout
2026-08-19 20:23:08,633 src.backend_client ERROR Fallo al enviar evento frame 750
Traceback (most recent call last):
  File "/home/raftlee/Documentos/Workspace/prototipo-vigia/vision/.venv/lib/python3.12/site-packages/httpx/_transports/default.py", line 101, in map_httpcore_exceptions
    yield
  File "/home/raftlee/Documentos/Workspace/prototipo-vigia/vision/.venv/lib/python3.12/site-packages/httpx/_transports/default.py", line 394, in handle_async_request
    resp = await self._pool.handle_async_request(req)
           ^^^^^^^^^^^^^^^^^^^^^^^^^^^^^^^^^^^^^^^^^^
  File "/home/raftlee/Documentos/Workspace/prototipo-vigia/vision/.venv/lib/python3.12/site-packages/httpcore/_async/connection_pool.py", line 256, in handle_async_request
    raise exc from None
  File "/home/raftlee/Documentos/Workspace/prototipo-vigia/vision/.venv/lib/python3.12/site-packages/httpcore/_async/connection_pool.py", line 236, in handle_async_request
    response = await connection.handle_async_request(
               ^^^^^^^^^^^^^^^^^^^^^^^^^^^^^^^^^^^^^^
  File "/home/raftlee/Documentos/Workspace/prototipo-vigia/vision/.venv/lib/python3.12/site-packages/httpcore/_async/connection.py", line 103, in handle_async_request
    return await self._connection.handle_async_request(request)
           ^^^^^^^^^^^^^^^^^^^^^^^^^^^^^^^^^^^^^^^^^^^^^^^^^^^^
  File "/home/raftlee/Documentos/Workspace/prototipo-vigia/vision/.venv/lib/python3.12/site-packages/httpcore/_async/http11.py", line 136, in handle_async_request
    raise exc
  File "/home/raftlee/Documentos/Workspace/prototipo-vigia/vision/.venv/lib/python3.12/site-packages/httpcore/_async/http11.py", line 106, in handle_async_request
    ) = await self._receive_response_headers(**kwargs)
        ^^^^^^^^^^^^^^^^^^^^^^^^^^^^^^^^^^^^^^^^^^^^^^
  File "/home/raftlee/Documentos/Workspace/prototipo-vigia/vision/.venv/lib/python3.12/site-packages/httpcore/_async/http11.py", line 177, in _receive_response_headers
    event = await self._receive_event(timeout=timeout)
            ^^^^^^^^^^^^^^^^^^^^^^^^^^^^^^^^^^^^^^^^^^
  File "/home/raftlee/Documentos/Workspace/prototipo-vigia/vision/.venv/lib/python3.12/site-packages/httpcore/_async/http11.py", line 217, in _receive_event
    data = await self._network_stream.read(
           ^^^^^^^^^^^^^^^^^^^^^^^^^^^^^^^^
  File "/home/raftlee/Documentos/Workspace/prototipo-vigia/vision/.venv/lib/python3.12/site-packages/httpcore/_backends/anyio.py", line 32, in read
    with map_exceptions(exc_map):
  File "/usr/lib/python3.12/contextlib.py", line 158, in __exit__
    self.gen.throw(value)
  File "/home/raftlee/Documentos/Workspace/prototipo-vigia/vision/.venv/lib/python3.12/site-packages/httpcore/_exceptions.py", line 14, in map_exceptions
    raise to_exc(exc) from exc
httpcore.ReadTimeout

The above exception was the direct cause of the following exception:

Traceback (most recent call last):
  File "/home/raftlee/Documentos/Workspace/prototipo-vigia/vision/src/backend_client.py", line 19, in enviar
    resp = await client.post(self.url, json=evento)
           ^^^^^^^^^^^^^^^^^^^^^^^^^^^^^^^^^^^^^^^^
  File "/home/raftlee/Documentos/Workspace/prototipo-vigia/vision/.venv/lib/python3.12/site-packages/httpx/_client.py", line 1859, in post
    return await self.request(
           ^^^^^^^^^^^^^^^^^^^
  File "/home/raftlee/Documentos/Workspace/prototipo-vigia/vision/.venv/lib/python3.12/site-packages/httpx/_client.py", line 1540, in request
    return await self.send(request, auth=auth, follow_redirects=follow_redirects)
           ^^^^^^^^^^^^^^^^^^^^^^^^^^^^^^^^^^^^^^^^^^^^^^^^^^^^^^^^^^^^^^^^^^^^^^
  File "/home/raftlee/Documentos/Workspace/prototipo-vigia/vision/.venv/lib/python3.12/site-packages/httpx/_client.py", line 1629, in send
    response = await self._send_handling_auth(
               ^^^^^^^^^^^^^^^^^^^^^^^^^^^^^^^
  File "/home/raftlee/Documentos/Workspace/prototipo-vigia/vision/.venv/lib/python3.12/site-packages/httpx/_client.py", line 1657, in _send_handling_auth
    response = await self._send_handling_redirects(
               ^^^^^^^^^^^^^^^^^^^^^^^^^^^^^^^^^^^^
  File "/home/raftlee/Documentos/Workspace/prototipo-vigia/vision/.venv/lib/python3.12/site-packages/httpx/_client.py", line 1694, in _send_handling_redirects
    response = await self._send_single_request(request)
               ^^^^^^^^^^^^^^^^^^^^^^^^^^^^^^^^^^^^^^^^
  File "/home/raftlee/Documentos/Workspace/prototipo-vigia/vision/.venv/lib/python3.12/site-packages/httpx/_client.py", line 1730, in _send_single_request
    response = await transport.handle_async_request(request)
               ^^^^^^^^^^^^^^^^^^^^^^^^^^^^^^^^^^^^^^^^^^^^^
  File "/home/raftlee/Documentos/Workspace/prototipo-vigia/vision/.venv/lib/python3.12/site-packages/httpx/_transports/default.py", line 393, in handle_async_request
    with map_httpcore_exceptions():
  File "/usr/lib/python3.12/contextlib.py", line 158, in __exit__
    self.gen.throw(value)
  File "/home/raftlee/Documentos/Workspace/prototipo-vigia/vision/.venv/lib/python3.12/site-packages/httpx/_transports/default.py", line 118, in map_httpcore_exceptions
    raise mapped_exc(message) from exc
httpx.ReadTimeout
2026-08-19 20:23:22,659 src.backend_client ERROR Fallo al enviar evento frame 750
Traceback (most recent call last):
  File "/home/raftlee/Documentos/Workspace/prototipo-vigia/vision/.venv/lib/python3.12/site-packages/httpx/_transports/default.py", line 101, in map_httpcore_exceptions
    yield
  File "/home/raftlee/Documentos/Workspace/prototipo-vigia/vision/.venv/lib/python3.12/site-packages/httpx/_transports/default.py", line 394, in handle_async_request
    resp = await self._pool.handle_async_request(req)
           ^^^^^^^^^^^^^^^^^^^^^^^^^^^^^^^^^^^^^^^^^^
  File "/home/raftlee/Documentos/Workspace/prototipo-vigia/vision/.venv/lib/python3.12/site-packages/httpcore/_async/connection_pool.py", line 256, in handle_async_request
    raise exc from None
  File "/home/raftlee/Documentos/Workspace/prototipo-vigia/vision/.venv/lib/python3.12/site-packages/httpcore/_async/connection_pool.py", line 236, in handle_async_request
    response = await connection.handle_async_request(
               ^^^^^^^^^^^^^^^^^^^^^^^^^^^^^^^^^^^^^^
  File "/home/raftlee/Documentos/Workspace/prototipo-vigia/vision/.venv/lib/python3.12/site-packages/httpcore/_async/connection.py", line 103, in handle_async_request
    return await self._connection.handle_async_request(request)
           ^^^^^^^^^^^^^^^^^^^^^^^^^^^^^^^^^^^^^^^^^^^^^^^^^^^^
  File "/home/raftlee/Documentos/Workspace/prototipo-vigia/vision/.venv/lib/python3.12/site-packages/httpcore/_async/http11.py", line 136, in handle_async_request
    raise exc
  File "/home/raftlee/Documentos/Workspace/prototipo-vigia/vision/.venv/lib/python3.12/site-packages/httpcore/_async/http11.py", line 106, in handle_async_request
    ) = await self._receive_response_headers(**kwargs)
        ^^^^^^^^^^^^^^^^^^^^^^^^^^^^^^^^^^^^^^^^^^^^^^
  File "/home/raftlee/Documentos/Workspace/prototipo-vigia/vision/.venv/lib/python3.12/site-packages/httpcore/_async/http11.py", line 177, in _receive_response_headers
    event = await self._receive_event(timeout=timeout)
            ^^^^^^^^^^^^^^^^^^^^^^^^^^^^^^^^^^^^^^^^^^
  File "/home/raftlee/Documentos/Workspace/prototipo-vigia/vision/.venv/lib/python3.12/site-packages/httpcore/_async/http11.py", line 217, in _receive_event
    data = await self._network_stream.read(
           ^^^^^^^^^^^^^^^^^^^^^^^^^^^^^^^^
  File "/home/raftlee/Documentos/Workspace/prototipo-vigia/vision/.venv/lib/python3.12/site-packages/httpcore/_backends/anyio.py", line 32, in read
    with map_exceptions(exc_map):
  File "/usr/lib/python3.12/contextlib.py", line 158, in __exit__
    self.gen.throw(value)
  File "/home/raftlee/Documentos/Workspace/prototipo-vigia/vision/.venv/lib/python3.12/site-packages/httpcore/_exceptions.py", line 14, in map_exceptions
    raise to_exc(exc) from exc
httpcore.ReadTimeout

The above exception was the direct cause of the following exception:

Traceback (most recent call last):
  File "/home/raftlee/Documentos/Workspace/prototipo-vigia/vision/src/backend_client.py", line 19, in enviar
    resp = await client.post(self.url, json=evento)
           ^^^^^^^^^^^^^^^^^^^^^^^^^^^^^^^^^^^^^^^^
  File "/home/raftlee/Documentos/Workspace/prototipo-vigia/vision/.venv/lib/python3.12/site-packages/httpx/_client.py", line 1859, in post
    return await self.request(
           ^^^^^^^^^^^^^^^^^^^
  File "/home/raftlee/Documentos/Workspace/prototipo-vigia/vision/.venv/lib/python3.12/site-packages/httpx/_client.py", line 1540, in request
    return await self.send(request, auth=auth, follow_redirects=follow_redirects)
           ^^^^^^^^^^^^^^^^^^^^^^^^^^^^^^^^^^^^^^^^^^^^^^^^^^^^^^^^^^^^^^^^^^^^^^
  File "/home/raftlee/Documentos/Workspace/prototipo-vigia/vision/.venv/lib/python3.12/site-packages/httpx/_client.py", line 1629, in send
    response = await self._send_handling_auth(
               ^^^^^^^^^^^^^^^^^^^^^^^^^^^^^^^
  File "/home/raftlee/Documentos/Workspace/prototipo-vigia/vision/.venv/lib/python3.12/site-packages/httpx/_client.py", line 1657, in _send_handling_auth
    response = await self._send_handling_redirects(
               ^^^^^^^^^^^^^^^^^^^^^^^^^^^^^^^^^^^^
  File "/home/raftlee/Documentos/Workspace/prototipo-vigia/vision/.venv/lib/python3.12/site-packages/httpx/_client.py", line 1694, in _send_handling_redirects
    response = await self._send_single_request(request)
               ^^^^^^^^^^^^^^^^^^^^^^^^^^^^^^^^^^^^^^^^
  File "/home/raftlee/Documentos/Workspace/prototipo-vigia/vision/.venv/lib/python3.12/site-packages/httpx/_client.py", line 1730, in _send_single_request
    response = await transport.handle_async_request(request)
               ^^^^^^^^^^^^^^^^^^^^^^^^^^^^^^^^^^^^^^^^^^^^^
  File "/home/raftlee/Documentos/Workspace/prototipo-vigia/vision/.venv/lib/python3.12/site-packages/httpx/_transports/default.py", line 393, in handle_async_request
    with map_httpcore_exceptions():
  File "/usr/lib/python3.12/contextlib.py", line 158, in __exit__
    self.gen.throw(value)
  File "/home/raftlee/Documentos/Workspace/prototipo-vigia/vision/.venv/lib/python3.12/site-packages/httpx/_transports/default.py", line 118, in map_httpcore_exceptions
    raise mapped_exc(message) from exc
httpx.ReadTimeout
2026-08-19 20:23:30,661 src.backend_client ERROR Se agotaron los reintentos para el frame 750
2026-08-19 20:23:30,661 vision INFO frame=750 detectados=11 enviado=False
2026-08-19 20:23:41,225 src.backend_client ERROR Fallo al enviar evento frame 780
Traceback (most recent call last):
  File "/home/raftlee/Documentos/Workspace/prototipo-vigia/vision/.venv/lib/python3.12/site-packages/httpx/_transports/default.py", line 101, in map_httpcore_exceptions
    yield
  File "/home/raftlee/Documentos/Workspace/prototipo-vigia/vision/.venv/lib/python3.12/site-packages/httpx/_transports/default.py", line 394, in handle_async_request
    resp = await self._pool.handle_async_request(req)
           ^^^^^^^^^^^^^^^^^^^^^^^^^^^^^^^^^^^^^^^^^^
  File "/home/raftlee/Documentos/Workspace/prototipo-vigia/vision/.venv/lib/python3.12/site-packages/httpcore/_async/connection_pool.py", line 256, in handle_async_request
    raise exc from None
  File "/home/raftlee/Documentos/Workspace/prototipo-vigia/vision/.venv/lib/python3.12/site-packages/httpcore/_async/connection_pool.py", line 236, in handle_async_request
    response = await connection.handle_async_request(
               ^^^^^^^^^^^^^^^^^^^^^^^^^^^^^^^^^^^^^^
  File "/home/raftlee/Documentos/Workspace/prototipo-vigia/vision/.venv/lib/python3.12/site-packages/httpcore/_async/connection.py", line 103, in handle_async_request
    return await self._connection.handle_async_request(request)
           ^^^^^^^^^^^^^^^^^^^^^^^^^^^^^^^^^^^^^^^^^^^^^^^^^^^^
  File "/home/raftlee/Documentos/Workspace/prototipo-vigia/vision/.venv/lib/python3.12/site-packages/httpcore/_async/http11.py", line 136, in handle_async_request
    raise exc
  File "/home/raftlee/Documentos/Workspace/prototipo-vigia/vision/.venv/lib/python3.12/site-packages/httpcore/_async/http11.py", line 106, in handle_async_request
    ) = await self._receive_response_headers(**kwargs)
        ^^^^^^^^^^^^^^^^^^^^^^^^^^^^^^^^^^^^^^^^^^^^^^
  File "/home/raftlee/Documentos/Workspace/prototipo-vigia/vision/.venv/lib/python3.12/site-packages/httpcore/_async/http11.py", line 177, in _receive_response_headers
    event = await self._receive_event(timeout=timeout)
            ^^^^^^^^^^^^^^^^^^^^^^^^^^^^^^^^^^^^^^^^^^
  File "/home/raftlee/Documentos/Workspace/prototipo-vigia/vision/.venv/lib/python3.12/site-packages/httpcore/_async/http11.py", line 217, in _receive_event
    data = await self._network_stream.read(
           ^^^^^^^^^^^^^^^^^^^^^^^^^^^^^^^^
  File "/home/raftlee/Documentos/Workspace/prototipo-vigia/vision/.venv/lib/python3.12/site-packages/httpcore/_backends/anyio.py", line 32, in read
    with map_exceptions(exc_map):
  File "/usr/lib/python3.12/contextlib.py", line 158, in __exit__
    self.gen.throw(value)
  File "/home/raftlee/Documentos/Workspace/prototipo-vigia/vision/.venv/lib/python3.12/site-packages/httpcore/_exceptions.py", line 14, in map_exceptions
    raise to_exc(exc) from exc
httpcore.ReadTimeout

The above exception was the direct cause of the following exception:

Traceback (most recent call last):
  File "/home/raftlee/Documentos/Workspace/prototipo-vigia/vision/src/backend_client.py", line 19, in enviar
    resp = await client.post(self.url, json=evento)
           ^^^^^^^^^^^^^^^^^^^^^^^^^^^^^^^^^^^^^^^^
  File "/home/raftlee/Documentos/Workspace/prototipo-vigia/vision/.venv/lib/python3.12/site-packages/httpx/_client.py", line 1859, in post
    return await self.request(
           ^^^^^^^^^^^^^^^^^^^
  File "/home/raftlee/Documentos/Workspace/prototipo-vigia/vision/.venv/lib/python3.12/site-packages/httpx/_client.py", line 1540, in request
    return await self.send(request, auth=auth, follow_redirects=follow_redirects)
           ^^^^^^^^^^^^^^^^^^^^^^^^^^^^^^^^^^^^^^^^^^^^^^^^^^^^^^^^^^^^^^^^^^^^^^
  File "/home/raftlee/Documentos/Workspace/prototipo-vigia/vision/.venv/lib/python3.12/site-packages/httpx/_client.py", line 1629, in send
    response = await self._send_handling_auth(
               ^^^^^^^^^^^^^^^^^^^^^^^^^^^^^^^
  File "/home/raftlee/Documentos/Workspace/prototipo-vigia/vision/.venv/lib/python3.12/site-packages/httpx/_client.py", line 1657, in _send_handling_auth
    response = await self._send_handling_redirects(
               ^^^^^^^^^^^^^^^^^^^^^^^^^^^^^^^^^^^^
  File "/home/raftlee/Documentos/Workspace/prototipo-vigia/vision/.venv/lib/python3.12/site-packages/httpx/_client.py", line 1694, in _send_handling_redirects
    response = await self._send_single_request(request)
               ^^^^^^^^^^^^^^^^^^^^^^^^^^^^^^^^^^^^^^^^
  File "/home/raftlee/Documentos/Workspace/prototipo-vigia/vision/.venv/lib/python3.12/site-packages/httpx/_client.py", line 1730, in _send_single_request
    response = await transport.handle_async_request(request)
               ^^^^^^^^^^^^^^^^^^^^^^^^^^^^^^^^^^^^^^^^^^^^^
  File "/home/raftlee/Documentos/Workspace/prototipo-vigia/vision/.venv/lib/python3.12/site-packages/httpx/_transports/default.py", line 393, in handle_async_request
    with map_httpcore_exceptions():
  File "/usr/lib/python3.12/contextlib.py", line 158, in __exit__
    self.gen.throw(value)
  File "/home/raftlee/Documentos/Workspace/prototipo-vigia/vision/.venv/lib/python3.12/site-packages/httpx/_transports/default.py", line 118, in map_httpcore_exceptions
    raise mapped_exc(message) from exc
httpx.ReadTimeout
2026-08-19 20:23:53,266 src.backend_client ERROR Fallo al enviar evento frame 780
Traceback (most recent call last):
  File "/home/raftlee/Documentos/Workspace/prototipo-vigia/vision/.venv/lib/python3.12/site-packages/httpx/_transports/default.py", line 101, in map_httpcore_exceptions
    yield
  File "/home/raftlee/Documentos/Workspace/prototipo-vigia/vision/.venv/lib/python3.12/site-packages/httpx/_transports/default.py", line 394, in handle_async_request
    resp = await self._pool.handle_async_request(req)
           ^^^^^^^^^^^^^^^^^^^^^^^^^^^^^^^^^^^^^^^^^^
  File "/home/raftlee/Documentos/Workspace/prototipo-vigia/vision/.venv/lib/python3.12/site-packages/httpcore/_async/connection_pool.py", line 256, in handle_async_request
    raise exc from None
  File "/home/raftlee/Documentos/Workspace/prototipo-vigia/vision/.venv/lib/python3.12/site-packages/httpcore/_async/connection_pool.py", line 236, in handle_async_request
    response = await connection.handle_async_request(
               ^^^^^^^^^^^^^^^^^^^^^^^^^^^^^^^^^^^^^^
  File "/home/raftlee/Documentos/Workspace/prototipo-vigia/vision/.venv/lib/python3.12/site-packages/httpcore/_async/connection.py", line 103, in handle_async_request
    return await self._connection.handle_async_request(request)
           ^^^^^^^^^^^^^^^^^^^^^^^^^^^^^^^^^^^^^^^^^^^^^^^^^^^^
  File "/home/raftlee/Documentos/Workspace/prototipo-vigia/vision/.venv/lib/python3.12/site-packages/httpcore/_async/http11.py", line 136, in handle_async_request
    raise exc
  File "/home/raftlee/Documentos/Workspace/prototipo-vigia/vision/.venv/lib/python3.12/site-packages/httpcore/_async/http11.py", line 106, in handle_async_request
    ) = await self._receive_response_headers(**kwargs)
        ^^^^^^^^^^^^^^^^^^^^^^^^^^^^^^^^^^^^^^^^^^^^^^
  File "/home/raftlee/Documentos/Workspace/prototipo-vigia/vision/.venv/lib/python3.12/site-packages/httpcore/_async/http11.py", line 177, in _receive_response_headers
    event = await self._receive_event(timeout=timeout)
            ^^^^^^^^^^^^^^^^^^^^^^^^^^^^^^^^^^^^^^^^^^
  File "/home/raftlee/Documentos/Workspace/prototipo-vigia/vision/.venv/lib/python3.12/site-packages/httpcore/_async/http11.py", line 217, in _receive_event
    data = await self._network_stream.read(
           ^^^^^^^^^^^^^^^^^^^^^^^^^^^^^^^^
  File "/home/raftlee/Documentos/Workspace/prototipo-vigia/vision/.venv/lib/python3.12/site-packages/httpcore/_backends/anyio.py", line 32, in read
    with map_exceptions(exc_map):
  File "/usr/lib/python3.12/contextlib.py", line 158, in __exit__
    self.gen.throw(value)
  File "/home/raftlee/Documentos/Workspace/prototipo-vigia/vision/.venv/lib/python3.12/site-packages/httpcore/_exceptions.py", line 14, in map_exceptions
    raise to_exc(exc) from exc
httpcore.ReadTimeout

The above exception was the direct cause of the following exception:

Traceback (most recent call last):
  File "/home/raftlee/Documentos/Workspace/prototipo-vigia/vision/src/backend_client.py", line 19, in enviar
    resp = await client.post(self.url, json=evento)
           ^^^^^^^^^^^^^^^^^^^^^^^^^^^^^^^^^^^^^^^^
  File "/home/raftlee/Documentos/Workspace/prototipo-vigia/vision/.venv/lib/python3.12/site-packages/httpx/_client.py", line 1859, in post
    return await self.request(
           ^^^^^^^^^^^^^^^^^^^
  File "/home/raftlee/Documentos/Workspace/prototipo-vigia/vision/.venv/lib/python3.12/site-packages/httpx/_client.py", line 1540, in request
    return await self.send(request, auth=auth, follow_redirects=follow_redirects)
           ^^^^^^^^^^^^^^^^^^^^^^^^^^^^^^^^^^^^^^^^^^^^^^^^^^^^^^^^^^^^^^^^^^^^^^
  File "/home/raftlee/Documentos/Workspace/prototipo-vigia/vision/.venv/lib/python3.12/site-packages/httpx/_client.py", line 1629, in send
    response = await self._send_handling_auth(
               ^^^^^^^^^^^^^^^^^^^^^^^^^^^^^^^
  File "/home/raftlee/Documentos/Workspace/prototipo-vigia/vision/.venv/lib/python3.12/site-packages/httpx/_client.py", line 1657, in _send_handling_auth
    response = await self._send_handling_redirects(
               ^^^^^^^^^^^^^^^^^^^^^^^^^^^^^^^^^^^^
  File "/home/raftlee/Documentos/Workspace/prototipo-vigia/vision/.venv/lib/python3.12/site-packages/httpx/_client.py", line 1694, in _send_handling_redirects
    response = await self._send_single_request(request)
               ^^^^^^^^^^^^^^^^^^^^^^^^^^^^^^^^^^^^^^^^
  File "/home/raftlee/Documentos/Workspace/prototipo-vigia/vision/.venv/lib/python3.12/site-packages/httpx/_client.py", line 1730, in _send_single_request
    response = await transport.handle_async_request(request)
               ^^^^^^^^^^^^^^^^^^^^^^^^^^^^^^^^^^^^^^^^^^^^^
  File "/home/raftlee/Documentos/Workspace/prototipo-vigia/vision/.venv/lib/python3.12/site-packages/httpx/_transports/default.py", line 393, in handle_async_request
    with map_httpcore_exceptions():
  File "/usr/lib/python3.12/contextlib.py", line 158, in __exit__
    self.gen.throw(value)
  File "/home/raftlee/Documentos/Workspace/prototipo-vigia/vision/.venv/lib/python3.12/site-packages/httpx/_transports/default.py", line 118, in map_httpcore_exceptions
    raise mapped_exc(message) from exc
httpx.ReadTimeout
2026-08-19 20:24:01,998 httpx INFO HTTP Request: POST http://localhost:8000/api/v1/eventos/ingest "HTTP/1.1 201 Created"
2026-08-19 20:24:01,998 vision INFO frame=780 detectados=10 enviado=True
2026-08-19 20:24:08,238 httpx INFO HTTP Request: POST http://localhost:8000/api/v1/eventos/ingest "HTTP/1.1 201 Created"
2026-08-19 20:24:08,239 vision INFO frame=810 detectados=16 enviado=True
2026-08-19 20:24:14,084 httpx INFO HTTP Request: POST http://localhost:8000/api/v1/eventos/ingest "HTTP/1.1 201 Created"
2026-08-19 20:24:14,085 vision INFO frame=840 detectados=12 enviado=True
2026-08-19 20:24:20,134 httpx INFO HTTP Request: POST http://localhost:8000/api/v1/eventos/ingest "HTTP/1.1 201 Created"
2026-08-19 20:24:20,135 vision INFO frame=870 detectados=5 enviado=True
2026-08-19 20:24:25,346 httpx INFO HTTP Request: POST http://localhost:8000/api/v1/eventos/ingest "HTTP/1.1 201 Created"
2026-08-19 20:24:25,348 vision INFO frame=900 detectados=10 enviado=True
2026-08-19 20:24:30,831 httpx INFO HTTP Request: POST http://localhost:8000/api/v1/eventos/ingest "HTTP/1.1 201 Created"
2026-08-19 20:24:30,832 vision INFO frame=930 detectados=14 enviado=True
2026-08-19 20:24:35,930 httpx INFO HTTP Request: POST http://localhost:8000/api/v1/eventos/ingest "HTTP/1.1 201 Created"
2026-08-19 20:24:35,932 vision INFO frame=960 detectados=11 enviado=True
2026-08-19 20:24:41,647 httpx INFO HTTP Request: POST http://localhost:8000/api/v1/eventos/ingest "HTTP/1.1 201 Created"
2026-08-19 20:24:41,648 vision INFO frame=990 detectados=7 enviado=True
2026-08-19 20:24:47,042 httpx INFO HTTP Request: POST http://localhost:8000/api/v1/eventos/ingest "HTTP/1.1 201 Created"
2026-08-19 20:24:47,043 vision INFO frame=1020 detectados=7 enviado=True
2026-08-19 20:24:52,405 httpx INFO HTTP Request: POST http://localhost:8000/api/v1/eventos/ingest "HTTP/1.1 201 Created"
2026-08-19 20:24:52,406 vision INFO frame=1050 detectados=9 enviado=True
2026-08-19 20:24:57,810 httpx INFO HTTP Request: POST http://localhost:8000/api/v1/eventos/ingest "HTTP/1.1 201 Created"
2026-08-19 20:24:57,812 vision INFO frame=1080 detectados=12 enviado=True
2026-08-19 20:25:03,017 httpx INFO HTTP Request: POST http://localhost:8000/api/v1/eventos/ingest "HTTP/1.1 201 Created"
2026-08-19 20:25:03,019 vision INFO frame=1110 detectados=8 enviado=True
2026-08-19 20:25:08,075 httpx INFO HTTP Request: POST http://localhost:8000/api/v1/eventos/ingest "HTTP/1.1 201 Created"
2026-08-19 20:25:08,077 vision INFO frame=1140 detectados=6 enviado=True
2026-08-19 20:25:13,779 httpx INFO HTTP Request: POST http://localhost:8000/api/v1/eventos/ingest "HTTP/1.1 201 Created"
2026-08-19 20:25:13,780 vision INFO frame=1170 detectados=4 enviado=True
2026-08-19 20:25:13,844 vision INFO Bucle finalizado, reiniciando la fuente…
2026-08-19 20:25:20,427 httpx INFO HTTP Request: POST http://localhost:8000/api/v1/eventos/ingest "HTTP/1.1 201 Created"
2026-08-19 20:25:20,428 vision INFO frame=30 detectados=10 enviado=True
2026-08-19 20:25:31,048 src.backend_client ERROR Fallo al enviar evento frame 60
Traceback (most recent call last):
  File "/home/raftlee/Documentos/Workspace/prototipo-vigia/vision/.venv/lib/python3.12/site-packages/httpx/_transports/default.py", line 101, in map_httpcore_exceptions
    yield
  File "/home/raftlee/Documentos/Workspace/prototipo-vigia/vision/.venv/lib/python3.12/site-packages/httpx/_transports/default.py", line 394, in handle_async_request
    resp = await self._pool.handle_async_request(req)
           ^^^^^^^^^^^^^^^^^^^^^^^^^^^^^^^^^^^^^^^^^^
  File "/home/raftlee/Documentos/Workspace/prototipo-vigia/vision/.venv/lib/python3.12/site-packages/httpcore/_async/connection_pool.py", line 256, in handle_async_request
    raise exc from None
  File "/home/raftlee/Documentos/Workspace/prototipo-vigia/vision/.venv/lib/python3.12/site-packages/httpcore/_async/connection_pool.py", line 236, in handle_async_request
    response = await connection.handle_async_request(
               ^^^^^^^^^^^^^^^^^^^^^^^^^^^^^^^^^^^^^^
  File "/home/raftlee/Documentos/Workspace/prototipo-vigia/vision/.venv/lib/python3.12/site-packages/httpcore/_async/connection.py", line 103, in handle_async_request
    return await self._connection.handle_async_request(request)
           ^^^^^^^^^^^^^^^^^^^^^^^^^^^^^^^^^^^^^^^^^^^^^^^^^^^^
  File "/home/raftlee/Documentos/Workspace/prototipo-vigia/vision/.venv/lib/python3.12/site-packages/httpcore/_async/http11.py", line 136, in handle_async_request
    raise exc
  File "/home/raftlee/Documentos/Workspace/prototipo-vigia/vision/.venv/lib/python3.12/site-packages/httpcore/_async/http11.py", line 106, in handle_async_request
    ) = await self._receive_response_headers(**kwargs)
        ^^^^^^^^^^^^^^^^^^^^^^^^^^^^^^^^^^^^^^^^^^^^^^
  File "/home/raftlee/Documentos/Workspace/prototipo-vigia/vision/.venv/lib/python3.12/site-packages/httpcore/_async/http11.py", line 177, in _receive_response_headers
    event = await self._receive_event(timeout=timeout)
            ^^^^^^^^^^^^^^^^^^^^^^^^^^^^^^^^^^^^^^^^^^
  File "/home/raftlee/Documentos/Workspace/prototipo-vigia/vision/.venv/lib/python3.12/site-packages/httpcore/_async/http11.py", line 217, in _receive_event
    data = await self._network_stream.read(
           ^^^^^^^^^^^^^^^^^^^^^^^^^^^^^^^^
  File "/home/raftlee/Documentos/Workspace/prototipo-vigia/vision/.venv/lib/python3.12/site-packages/httpcore/_backends/anyio.py", line 32, in read
    with map_exceptions(exc_map):
  File "/usr/lib/python3.12/contextlib.py", line 158, in __exit__
    self.gen.throw(value)
  File "/home/raftlee/Documentos/Workspace/prototipo-vigia/vision/.venv/lib/python3.12/site-packages/httpcore/_exceptions.py", line 14, in map_exceptions
    raise to_exc(exc) from exc
httpcore.ReadTimeout

The above exception was the direct cause of the following exception:

Traceback (most recent call last):
  File "/home/raftlee/Documentos/Workspace/prototipo-vigia/vision/src/backend_client.py", line 19, in enviar
    resp = await client.post(self.url, json=evento)
           ^^^^^^^^^^^^^^^^^^^^^^^^^^^^^^^^^^^^^^^^
  File "/home/raftlee/Documentos/Workspace/prototipo-vigia/vision/.venv/lib/python3.12/site-packages/httpx/_client.py", line 1859, in post
    return await self.request(
           ^^^^^^^^^^^^^^^^^^^
  File "/home/raftlee/Documentos/Workspace/prototipo-vigia/vision/.venv/lib/python3.12/site-packages/httpx/_client.py", line 1540, in request
    return await self.send(request, auth=auth, follow_redirects=follow_redirects)
           ^^^^^^^^^^^^^^^^^^^^^^^^^^^^^^^^^^^^^^^^^^^^^^^^^^^^^^^^^^^^^^^^^^^^^^
  File "/home/raftlee/Documentos/Workspace/prototipo-vigia/vision/.venv/lib/python3.12/site-packages/httpx/_client.py", line 1629, in send
    response = await self._send_handling_auth(
               ^^^^^^^^^^^^^^^^^^^^^^^^^^^^^^^
  File "/home/raftlee/Documentos/Workspace/prototipo-vigia/vision/.venv/lib/python3.12/site-packages/httpx/_client.py", line 1657, in _send_handling_auth
    response = await self._send_handling_redirects(
               ^^^^^^^^^^^^^^^^^^^^^^^^^^^^^^^^^^^^
  File "/home/raftlee/Documentos/Workspace/prototipo-vigia/vision/.venv/lib/python3.12/site-packages/httpx/_client.py", line 1694, in _send_handling_redirects
    response = await self._send_single_request(request)
               ^^^^^^^^^^^^^^^^^^^^^^^^^^^^^^^^^^^^^^^^
  File "/home/raftlee/Documentos/Workspace/prototipo-vigia/vision/.venv/lib/python3.12/site-packages/httpx/_client.py", line 1730, in _send_single_request
    response = await transport.handle_async_request(request)
               ^^^^^^^^^^^^^^^^^^^^^^^^^^^^^^^^^^^^^^^^^^^^^
  File "/home/raftlee/Documentos/Workspace/prototipo-vigia/vision/.venv/lib/python3.12/site-packages/httpx/_transports/default.py", line 393, in handle_async_request
    with map_httpcore_exceptions():
  File "/usr/lib/python3.12/contextlib.py", line 158, in __exit__
    self.gen.throw(value)
  File "/home/raftlee/Documentos/Workspace/prototipo-vigia/vision/.venv/lib/python3.12/site-packages/httpx/_transports/default.py", line 118, in map_httpcore_exceptions
    raise mapped_exc(message) from exc
httpx.ReadTimeout
2026-08-19 20:25:43,108 src.backend_client ERROR Fallo al enviar evento frame 60
Traceback (most recent call last):
  File "/home/raftlee/Documentos/Workspace/prototipo-vigia/vision/.venv/lib/python3.12/site-packages/httpx/_transports/default.py", line 101, in map_httpcore_exceptions
    yield
  File "/home/raftlee/Documentos/Workspace/prototipo-vigia/vision/.venv/lib/python3.12/site-packages/httpx/_transports/default.py", line 394, in handle_async_request
    resp = await self._pool.handle_async_request(req)
           ^^^^^^^^^^^^^^^^^^^^^^^^^^^^^^^^^^^^^^^^^^
  File "/home/raftlee/Documentos/Workspace/prototipo-vigia/vision/.venv/lib/python3.12/site-packages/httpcore/_async/connection_pool.py", line 256, in handle_async_request
    raise exc from None
  File "/home/raftlee/Documentos/Workspace/prototipo-vigia/vision/.venv/lib/python3.12/site-packages/httpcore/_async/connection_pool.py", line 236, in handle_async_request
    response = await connection.handle_async_request(
               ^^^^^^^^^^^^^^^^^^^^^^^^^^^^^^^^^^^^^^
  File "/home/raftlee/Documentos/Workspace/prototipo-vigia/vision/.venv/lib/python3.12/site-packages/httpcore/_async/connection.py", line 103, in handle_async_request
    return await self._connection.handle_async_request(request)
           ^^^^^^^^^^^^^^^^^^^^^^^^^^^^^^^^^^^^^^^^^^^^^^^^^^^^
  File "/home/raftlee/Documentos/Workspace/prototipo-vigia/vision/.venv/lib/python3.12/site-packages/httpcore/_async/http11.py", line 136, in handle_async_request
    raise exc
  File "/home/raftlee/Documentos/Workspace/prototipo-vigia/vision/.venv/lib/python3.12/site-packages/httpcore/_async/http11.py", line 106, in handle_async_request
    ) = await self._receive_response_headers(**kwargs)
        ^^^^^^^^^^^^^^^^^^^^^^^^^^^^^^^^^^^^^^^^^^^^^^
  File "/home/raftlee/Documentos/Workspace/prototipo-vigia/vision/.venv/lib/python3.12/site-packages/httpcore/_async/http11.py", line 177, in _receive_response_headers
    event = await self._receive_event(timeout=timeout)
            ^^^^^^^^^^^^^^^^^^^^^^^^^^^^^^^^^^^^^^^^^^
  File "/home/raftlee/Documentos/Workspace/prototipo-vigia/vision/.venv/lib/python3.12/site-packages/httpcore/_async/http11.py", line 217, in _receive_event
    data = await self._network_stream.read(
           ^^^^^^^^^^^^^^^^^^^^^^^^^^^^^^^^
  File "/home/raftlee/Documentos/Workspace/prototipo-vigia/vision/.venv/lib/python3.12/site-packages/httpcore/_backends/anyio.py", line 32, in read
    with map_exceptions(exc_map):
  File "/usr/lib/python3.12/contextlib.py", line 158, in __exit__
    self.gen.throw(value)
  File "/home/raftlee/Documentos/Workspace/prototipo-vigia/vision/.venv/lib/python3.12/site-packages/httpcore/_exceptions.py", line 14, in map_exceptions
    raise to_exc(exc) from exc
httpcore.ReadTimeout

The above exception was the direct cause of the following exception:

Traceback (most recent call last):
  File "/home/raftlee/Documentos/Workspace/prototipo-vigia/vision/src/backend_client.py", line 19, in enviar
    resp = await client.post(self.url, json=evento)
           ^^^^^^^^^^^^^^^^^^^^^^^^^^^^^^^^^^^^^^^^
  File "/home/raftlee/Documentos/Workspace/prototipo-vigia/vision/.venv/lib/python3.12/site-packages/httpx/_client.py", line 1859, in post
    return await self.request(
           ^^^^^^^^^^^^^^^^^^^
  File "/home/raftlee/Documentos/Workspace/prototipo-vigia/vision/.venv/lib/python3.12/site-packages/httpx/_client.py", line 1540, in request
    return await self.send(request, auth=auth, follow_redirects=follow_redirects)
           ^^^^^^^^^^^^^^^^^^^^^^^^^^^^^^^^^^^^^^^^^^^^^^^^^^^^^^^^^^^^^^^^^^^^^^
  File "/home/raftlee/Documentos/Workspace/prototipo-vigia/vision/.venv/lib/python3.12/site-packages/httpx/_client.py", line 1629, in send
    response = await self._send_handling_auth(
               ^^^^^^^^^^^^^^^^^^^^^^^^^^^^^^^
  File "/home/raftlee/Documentos/Workspace/prototipo-vigia/vision/.venv/lib/python3.12/site-packages/httpx/_client.py", line 1657, in _send_handling_auth
    response = await self._send_handling_redirects(
               ^^^^^^^^^^^^^^^^^^^^^^^^^^^^^^^^^^^^
  File "/home/raftlee/Documentos/Workspace/prototipo-vigia/vision/.venv/lib/python3.12/site-packages/httpx/_client.py", line 1694, in _send_handling_redirects
    response = await self._send_single_request(request)
               ^^^^^^^^^^^^^^^^^^^^^^^^^^^^^^^^^^^^^^^^
  File "/home/raftlee/Documentos/Workspace/prototipo-vigia/vision/.venv/lib/python3.12/site-packages/httpx/_client.py", line 1730, in _send_single_request
    response = await transport.handle_async_request(request)
               ^^^^^^^^^^^^^^^^^^^^^^^^^^^^^^^^^^^^^^^^^^^^^
  File "/home/raftlee/Documentos/Workspace/prototipo-vigia/vision/.venv/lib/python3.12/site-packages/httpx/_transports/default.py", line 393, in handle_async_request
    with map_httpcore_exceptions():
  File "/usr/lib/python3.12/contextlib.py", line 158, in __exit__
    self.gen.throw(value)
  File "/home/raftlee/Documentos/Workspace/prototipo-vigia/vision/.venv/lib/python3.12/site-packages/httpx/_transports/default.py", line 118, in map_httpcore_exceptions
    raise mapped_exc(message) from exc
httpx.ReadTimeout
2026-08-19 20:25:52,069 httpx INFO HTTP Request: POST http://localhost:8000/api/v1/eventos/ingest "HTTP/1.1 201 Created"
2026-08-19 20:25:52,070 vision INFO frame=60 detectados=6 enviado=True
2026-08-19 20:25:57,102 httpx INFO HTTP Request: POST http://localhost:8000/api/v1/eventos/ingest "HTTP/1.1 201 Created"
2026-08-19 20:25:57,103 vision INFO frame=90 detectados=8 enviado=True
2026-08-19 20:26:02,226 httpx INFO HTTP Request: POST http://localhost:8000/api/v1/eventos/ingest "HTTP/1.1 201 Created"
2026-08-19 20:26:02,227 vision INFO frame=120 detectados=10 enviado=True
2026-08-19 20:26:07,283 httpx INFO HTTP Request: POST http://localhost:8000/api/v1/eventos/ingest "HTTP/1.1 201 Created"
2026-08-19 20:26:07,284 vision INFO frame=150 detectados=7 enviado=True
2026-08-19 20:26:12,410 httpx INFO HTTP Request: POST http://localhost:8000/api/v1/eventos/ingest "HTTP/1.1 201 Created"
2026-08-19 20:26:12,411 vision INFO frame=180 detectados=9 enviado=True
2026-08-19 20:26:17,523 httpx INFO HTTP Request: POST http://localhost:8000/api/v1/eventos/ingest "HTTP/1.1 201 Created"
2026-08-19 20:26:17,524 vision INFO frame=210 detectados=10 enviado=True
2026-08-19 20:26:22,615 httpx INFO HTTP Request: POST http://localhost:8000/api/v1/eventos/ingest "HTTP/1.1 201 Created"
2026-08-19 20:26:22,616 vision INFO frame=240 detectados=8 enviado=True
2026-08-19 20:26:27,790 httpx INFO HTTP Request: POST http://localhost:8000/api/v1/eventos/ingest "HTTP/1.1 201 Created"
2026-08-19 20:26:27,792 vision INFO frame=270 detectados=9 enviado=True
2026-08-19 20:26:32,942 httpx INFO HTTP Request: POST http://localhost:8000/api/v1/eventos/ingest "HTTP/1.1 201 Created"
2026-08-19 20:26:32,943 vision INFO frame=300 detectados=10 enviado=True
2026-08-19 20:26:38,503 httpx INFO HTTP Request: POST http://localhost:8000/api/v1/eventos/ingest "HTTP/1.1 201 Created"
2026-08-19 20:26:38,504 vision INFO frame=330 detectados=8 enviado=True
2026-08-19 20:26:43,805 httpx INFO HTTP Request: POST http://localhost:8000/api/v1/eventos/ingest "HTTP/1.1 201 Created"
2026-08-19 20:26:43,807 vision INFO frame=360 detectados=9 enviado=True
2026-08-19 20:26:48,894 httpx INFO HTTP Request: POST http://localhost:8000/api/v1/eventos/ingest "HTTP/1.1 201 Created"
2026-08-19 20:26:48,894 vision INFO frame=390 detectados=10 enviado=True
2026-08-19 20:26:54,018 httpx INFO HTTP Request: POST http://localhost:8000/api/v1/eventos/ingest "HTTP/1.1 201 Created"
2026-08-19 20:26:54,019 vision INFO frame=420 detectados=11 enviado=True
2026-08-19 20:26:59,469 httpx INFO HTTP Request: POST http://localhost:8000/api/v1/eventos/ingest "HTTP/1.1 201 Created"
2026-08-19 20:26:59,471 vision INFO frame=450 detectados=11 enviado=True
2026-08-19 20:27:00,073 httpx INFO HTTP Request: POST http://localhost:8000/api/v1/eventos/ingest "HTTP/1.1 201 Created"
2026-08-19 20:27:00,074 vision INFO frame=480 detectados=14 enviado=True
2026-08-19 20:27:00,621 httpx INFO HTTP Request: POST http://localhost:8000/api/v1/eventos/ingest "HTTP/1.1 201 Created"
2026-08-19 20:27:00,622 vision INFO frame=510 detectados=14 enviado=True
2026-08-19 20:27:06,141 httpx INFO HTTP Request: POST http://localhost:8000/api/v1/eventos/ingest "HTTP/1.1 201 Created"
2026-08-19 20:27:06,142 vision INFO frame=540 detectados=13 enviado=True
2026-08-19 20:27:11,528 httpx INFO HTTP Request: POST http://localhost:8000/api/v1/eventos/ingest "HTTP/1.1 201 Created"
2026-08-19 20:27:11,529 vision INFO frame=570 detectados=11 enviado=True
2026-08-19 20:27:16,727 httpx INFO HTTP Request: POST http://localhost:8000/api/v1/eventos/ingest "HTTP/1.1 201 Created"
2026-08-19 20:27:16,728 vision INFO frame=600 detectados=15 enviado=True
2026-08-19 20:27:21,925 httpx INFO HTTP Request: POST http://localhost:8000/api/v1/eventos/ingest "HTTP/1.1 201 Created"
2026-08-19 20:27:21,927 vision INFO frame=630 detectados=12 enviado=True
2026-08-19 20:27:27,213 httpx INFO HTTP Request: POST http://localhost:8000/api/v1/eventos/ingest "HTTP/1.1 201 Created"
2026-08-19 20:27:27,214 vision INFO frame=660 detectados=10 enviado=True
2026-08-19 20:27:32,883 httpx INFO HTTP Request: POST http://localhost:8000/api/v1/eventos/ingest "HTTP/1.1 201 Created"
2026-08-19 20:27:32,884 vision INFO frame=690 detectados=9 enviado=True
2026-08-19 20:27:38,021 httpx INFO HTTP Request: POST http://localhost:8000/api/v1/eventos/ingest "HTTP/1.1 201 Created"
2026-08-19 20:27:38,022 vision INFO frame=720 detectados=10 enviado=True
2026-08-19 20:27:43,132 httpx INFO HTTP Request: POST http://localhost:8000/api/v1/eventos/ingest "HTTP/1.1 201 Created"
2026-08-19 20:27:43,133 vision INFO frame=750 detectados=11 enviado=True
2026-08-19 20:27:48,263 httpx INFO HTTP Request: POST http://localhost:8000/api/v1/eventos/ingest "HTTP/1.1 201 Created"
2026-08-19 20:27:48,264 vision INFO frame=780 detectados=10 enviado=True
2026-08-19 20:27:53,400 httpx INFO HTTP Request: POST http://localhost:8000/api/v1/eventos/ingest "HTTP/1.1 201 Created"
2026-08-19 20:27:53,401 vision INFO frame=810 detectados=16 enviado=True
2026-08-19 20:27:58,541 httpx INFO HTTP Request: POST http://localhost:8000/api/v1/eventos/ingest "HTTP/1.1 201 Created"
2026-08-19 20:27:58,542 vision INFO frame=840 detectados=12 enviado=True
2026-08-19 20:28:03,662 httpx INFO HTTP Request: POST http://localhost:8000/api/v1/eventos/ingest "HTTP/1.1 201 Created"
2026-08-19 20:28:03,663 vision INFO frame=870 detectados=5 enviado=True
2026-08-19 20:28:14,187 src.backend_client ERROR Fallo al enviar evento frame 900
Traceback (most recent call last):
  File "/home/raftlee/Documentos/Workspace/prototipo-vigia/vision/.venv/lib/python3.12/site-packages/httpx/_transports/default.py", line 101, in map_httpcore_exceptions
    yield
  File "/home/raftlee/Documentos/Workspace/prototipo-vigia/vision/.venv/lib/python3.12/site-packages/httpx/_transports/default.py", line 394, in handle_async_request
    resp = await self._pool.handle_async_request(req)
           ^^^^^^^^^^^^^^^^^^^^^^^^^^^^^^^^^^^^^^^^^^
  File "/home/raftlee/Documentos/Workspace/prototipo-vigia/vision/.venv/lib/python3.12/site-packages/httpcore/_async/connection_pool.py", line 256, in handle_async_request
    raise exc from None
  File "/home/raftlee/Documentos/Workspace/prototipo-vigia/vision/.venv/lib/python3.12/site-packages/httpcore/_async/connection_pool.py", line 236, in handle_async_request
    response = await connection.handle_async_request(
               ^^^^^^^^^^^^^^^^^^^^^^^^^^^^^^^^^^^^^^
  File "/home/raftlee/Documentos/Workspace/prototipo-vigia/vision/.venv/lib/python3.12/site-packages/httpcore/_async/connection.py", line 103, in handle_async_request
    return await self._connection.handle_async_request(request)
           ^^^^^^^^^^^^^^^^^^^^^^^^^^^^^^^^^^^^^^^^^^^^^^^^^^^^
  File "/home/raftlee/Documentos/Workspace/prototipo-vigia/vision/.venv/lib/python3.12/site-packages/httpcore/_async/http11.py", line 136, in handle_async_request
    raise exc
  File "/home/raftlee/Documentos/Workspace/prototipo-vigia/vision/.venv/lib/python3.12/site-packages/httpcore/_async/http11.py", line 106, in handle_async_request
    ) = await self._receive_response_headers(**kwargs)
        ^^^^^^^^^^^^^^^^^^^^^^^^^^^^^^^^^^^^^^^^^^^^^^
  File "/home/raftlee/Documentos/Workspace/prototipo-vigia/vision/.venv/lib/python3.12/site-packages/httpcore/_async/http11.py", line 177, in _receive_response_headers
    event = await self._receive_event(timeout=timeout)
            ^^^^^^^^^^^^^^^^^^^^^^^^^^^^^^^^^^^^^^^^^^
  File "/home/raftlee/Documentos/Workspace/prototipo-vigia/vision/.venv/lib/python3.12/site-packages/httpcore/_async/http11.py", line 217, in _receive_event
    data = await self._network_stream.read(
           ^^^^^^^^^^^^^^^^^^^^^^^^^^^^^^^^
  File "/home/raftlee/Documentos/Workspace/prototipo-vigia/vision/.venv/lib/python3.12/site-packages/httpcore/_backends/anyio.py", line 32, in read
    with map_exceptions(exc_map):
  File "/usr/lib/python3.12/contextlib.py", line 158, in __exit__
    self.gen.throw(value)
  File "/home/raftlee/Documentos/Workspace/prototipo-vigia/vision/.venv/lib/python3.12/site-packages/httpcore/_exceptions.py", line 14, in map_exceptions
    raise to_exc(exc) from exc
httpcore.ReadTimeout

The above exception was the direct cause of the following exception:

Traceback (most recent call last):
  File "/home/raftlee/Documentos/Workspace/prototipo-vigia/vision/src/backend_client.py", line 19, in enviar
    resp = await client.post(self.url, json=evento)
           ^^^^^^^^^^^^^^^^^^^^^^^^^^^^^^^^^^^^^^^^
  File "/home/raftlee/Documentos/Workspace/prototipo-vigia/vision/.venv/lib/python3.12/site-packages/httpx/_client.py", line 1859, in post
    return await self.request(
           ^^^^^^^^^^^^^^^^^^^
  File "/home/raftlee/Documentos/Workspace/prototipo-vigia/vision/.venv/lib/python3.12/site-packages/httpx/_client.py", line 1540, in request
    return await self.send(request, auth=auth, follow_redirects=follow_redirects)
           ^^^^^^^^^^^^^^^^^^^^^^^^^^^^^^^^^^^^^^^^^^^^^^^^^^^^^^^^^^^^^^^^^^^^^^
  File "/home/raftlee/Documentos/Workspace/prototipo-vigia/vision/.venv/lib/python3.12/site-packages/httpx/_client.py", line 1629, in send
    response = await self._send_handling_auth(
               ^^^^^^^^^^^^^^^^^^^^^^^^^^^^^^^
  File "/home/raftlee/Documentos/Workspace/prototipo-vigia/vision/.venv/lib/python3.12/site-packages/httpx/_client.py", line 1657, in _send_handling_auth
    response = await self._send_handling_redirects(
               ^^^^^^^^^^^^^^^^^^^^^^^^^^^^^^^^^^^^
  File "/home/raftlee/Documentos/Workspace/prototipo-vigia/vision/.venv/lib/python3.12/site-packages/httpx/_client.py", line 1694, in _send_handling_redirects
    response = await self._send_single_request(request)
               ^^^^^^^^^^^^^^^^^^^^^^^^^^^^^^^^^^^^^^^^
  File "/home/raftlee/Documentos/Workspace/prototipo-vigia/vision/.venv/lib/python3.12/site-packages/httpx/_client.py", line 1730, in _send_single_request
    response = await transport.handle_async_request(request)
               ^^^^^^^^^^^^^^^^^^^^^^^^^^^^^^^^^^^^^^^^^^^^^
  File "/home/raftlee/Documentos/Workspace/prototipo-vigia/vision/.venv/lib/python3.12/site-packages/httpx/_transports/default.py", line 393, in handle_async_request
    with map_httpcore_exceptions():
  File "/usr/lib/python3.12/contextlib.py", line 158, in __exit__
    self.gen.throw(value)
  File "/home/raftlee/Documentos/Workspace/prototipo-vigia/vision/.venv/lib/python3.12/site-packages/httpx/_transports/default.py", line 118, in map_httpcore_exceptions
    raise mapped_exc(message) from exc
httpx.ReadTimeout
2026-08-19 20:28:21,017 httpx INFO HTTP Request: POST http://localhost:8000/api/v1/eventos/ingest "HTTP/1.1 201 Created"
2026-08-19 20:28:21,019 vision INFO frame=900 detectados=10 enviado=True
2026-08-19 20:28:26,713 httpx INFO HTTP Request: POST http://localhost:8000/api/v1/eventos/ingest "HTTP/1.1 201 Created"
2026-08-19 20:28:26,714 vision INFO frame=930 detectados=14 enviado=True
2026-08-19 20:28:37,343 src.backend_client ERROR Fallo al enviar evento frame 960
Traceback (most recent call last):
  File "/home/raftlee/Documentos/Workspace/prototipo-vigia/vision/.venv/lib/python3.12/site-packages/httpx/_transports/default.py", line 101, in map_httpcore_exceptions
    yield
  File "/home/raftlee/Documentos/Workspace/prototipo-vigia/vision/.venv/lib/python3.12/site-packages/httpx/_transports/default.py", line 394, in handle_async_request
    resp = await self._pool.handle_async_request(req)
           ^^^^^^^^^^^^^^^^^^^^^^^^^^^^^^^^^^^^^^^^^^
  File "/home/raftlee/Documentos/Workspace/prototipo-vigia/vision/.venv/lib/python3.12/site-packages/httpcore/_async/connection_pool.py", line 256, in handle_async_request
    raise exc from None
  File "/home/raftlee/Documentos/Workspace/prototipo-vigia/vision/.venv/lib/python3.12/site-packages/httpcore/_async/connection_pool.py", line 236, in handle_async_request
    response = await connection.handle_async_request(
               ^^^^^^^^^^^^^^^^^^^^^^^^^^^^^^^^^^^^^^
  File "/home/raftlee/Documentos/Workspace/prototipo-vigia/vision/.venv/lib/python3.12/site-packages/httpcore/_async/connection.py", line 103, in handle_async_request
    return await self._connection.handle_async_request(request)
           ^^^^^^^^^^^^^^^^^^^^^^^^^^^^^^^^^^^^^^^^^^^^^^^^^^^^
  File "/home/raftlee/Documentos/Workspace/prototipo-vigia/vision/.venv/lib/python3.12/site-packages/httpcore/_async/http11.py", line 136, in handle_async_request
    raise exc
  File "/home/raftlee/Documentos/Workspace/prototipo-vigia/vision/.venv/lib/python3.12/site-packages/httpcore/_async/http11.py", line 106, in handle_async_request
    ) = await self._receive_response_headers(**kwargs)
        ^^^^^^^^^^^^^^^^^^^^^^^^^^^^^^^^^^^^^^^^^^^^^^
  File "/home/raftlee/Documentos/Workspace/prototipo-vigia/vision/.venv/lib/python3.12/site-packages/httpcore/_async/http11.py", line 177, in _receive_response_headers
    event = await self._receive_event(timeout=timeout)
            ^^^^^^^^^^^^^^^^^^^^^^^^^^^^^^^^^^^^^^^^^^
  File "/home/raftlee/Documentos/Workspace/prototipo-vigia/vision/.venv/lib/python3.12/site-packages/httpcore/_async/http11.py", line 217, in _receive_event
    data = await self._network_stream.read(
           ^^^^^^^^^^^^^^^^^^^^^^^^^^^^^^^^
  File "/home/raftlee/Documentos/Workspace/prototipo-vigia/vision/.venv/lib/python3.12/site-packages/httpcore/_backends/anyio.py", line 32, in read
    with map_exceptions(exc_map):
  File "/usr/lib/python3.12/contextlib.py", line 158, in __exit__
    self.gen.throw(value)
  File "/home/raftlee/Documentos/Workspace/prototipo-vigia/vision/.venv/lib/python3.12/site-packages/httpcore/_exceptions.py", line 14, in map_exceptions
    raise to_exc(exc) from exc
httpcore.ReadTimeout

The above exception was the direct cause of the following exception:

Traceback (most recent call last):
  File "/home/raftlee/Documentos/Workspace/prototipo-vigia/vision/src/backend_client.py", line 19, in enviar
    resp = await client.post(self.url, json=evento)
           ^^^^^^^^^^^^^^^^^^^^^^^^^^^^^^^^^^^^^^^^
  File "/home/raftlee/Documentos/Workspace/prototipo-vigia/vision/.venv/lib/python3.12/site-packages/httpx/_client.py", line 1859, in post
    return await self.request(
           ^^^^^^^^^^^^^^^^^^^
  File "/home/raftlee/Documentos/Workspace/prototipo-vigia/vision/.venv/lib/python3.12/site-packages/httpx/_client.py", line 1540, in request
    return await self.send(request, auth=auth, follow_redirects=follow_redirects)
           ^^^^^^^^^^^^^^^^^^^^^^^^^^^^^^^^^^^^^^^^^^^^^^^^^^^^^^^^^^^^^^^^^^^^^^
  File "/home/raftlee/Documentos/Workspace/prototipo-vigia/vision/.venv/lib/python3.12/site-packages/httpx/_client.py", line 1629, in send
    response = await self._send_handling_auth(
               ^^^^^^^^^^^^^^^^^^^^^^^^^^^^^^^
  File "/home/raftlee/Documentos/Workspace/prototipo-vigia/vision/.venv/lib/python3.12/site-packages/httpx/_client.py", line 1657, in _send_handling_auth
    response = await self._send_handling_redirects(
               ^^^^^^^^^^^^^^^^^^^^^^^^^^^^^^^^^^^^
  File "/home/raftlee/Documentos/Workspace/prototipo-vigia/vision/.venv/lib/python3.12/site-packages/httpx/_client.py", line 1694, in _send_handling_redirects
    response = await self._send_single_request(request)
               ^^^^^^^^^^^^^^^^^^^^^^^^^^^^^^^^^^^^^^^^
  File "/home/raftlee/Documentos/Workspace/prototipo-vigia/vision/.venv/lib/python3.12/site-packages/httpx/_client.py", line 1730, in _send_single_request
    response = await transport.handle_async_request(request)
               ^^^^^^^^^^^^^^^^^^^^^^^^^^^^^^^^^^^^^^^^^^^^^
  File "/home/raftlee/Documentos/Workspace/prototipo-vigia/vision/.venv/lib/python3.12/site-packages/httpx/_transports/default.py", line 393, in handle_async_request
    with map_httpcore_exceptions():
  File "/usr/lib/python3.12/contextlib.py", line 158, in __exit__
    self.gen.throw(value)
  File "/home/raftlee/Documentos/Workspace/prototipo-vigia/vision/.venv/lib/python3.12/site-packages/httpx/_transports/default.py", line 118, in map_httpcore_exceptions
    raise mapped_exc(message) from exc
httpx.ReadTimeout
2026-08-19 20:28:44,519 httpx INFO HTTP Request: POST http://localhost:8000/api/v1/eventos/ingest "HTTP/1.1 201 Created"
2026-08-19 20:28:44,521 vision INFO frame=960 detectados=11 enviado=True
2026-08-19 20:28:49,781 httpx INFO HTTP Request: POST http://localhost:8000/api/v1/eventos/ingest "HTTP/1.1 201 Created"
2026-08-19 20:28:49,783 vision INFO frame=990 detectados=7 enviado=True
2026-08-19 20:28:54,892 httpx INFO HTTP Request: POST http://localhost:8000/api/v1/eventos/ingest "HTTP/1.1 201 Created"
2026-08-19 20:28:54,894 vision INFO frame=1020 detectados=7 enviado=True
2026-08-19 20:29:00,016 httpx INFO HTTP Request: POST http://localhost:8000/api/v1/eventos/ingest "HTTP/1.1 201 Created"
2026-08-19 20:29:00,018 vision INFO frame=1050 detectados=9 enviado=True
2026-08-19 20:29:05,023 httpx INFO HTTP Request: POST http://localhost:8000/api/v1/eventos/ingest "HTTP/1.1 201 Created"
2026-08-19 20:29:05,024 vision INFO frame=1080 detectados=12 enviado=True
2026-08-19 20:29:10,138 httpx INFO HTTP Request: POST http://localhost:8000/api/v1/eventos/ingest "HTTP/1.1 201 Created"
2026-08-19 20:29:10,139 vision INFO frame=1110 detectados=8 enviado=True
2026-08-19 20:29:15,190 httpx INFO HTTP Request: POST http://localhost:8000/api/v1/eventos/ingest "HTTP/1.1 201 Created"
2026-08-19 20:29:15,191 vision INFO frame=1140 detectados=6 enviado=True
2026-08-19 20:29:20,159 httpx INFO HTTP Request: POST http://localhost:8000/api/v1/eventos/ingest "HTTP/1.1 201 Created"
2026-08-19 20:29:20,160 vision INFO frame=1170 detectados=4 enviado=True
2026-08-19 20:29:20,210 vision INFO Bucle finalizado, reiniciando la fuente…
2026-08-19 20:29:26,197 httpx INFO HTTP Request: POST http://localhost:8000/api/v1/eventos/ingest "HTTP/1.1 201 Created"
2026-08-19 20:29:26,198 vision INFO frame=30 detectados=10 enviado=True
2026-08-19 20:29:31,183 httpx INFO HTTP Request: POST http://localhost:8000/api/v1/eventos/ingest "HTTP/1.1 201 Created"
2026-08-19 20:29:31,184 vision INFO frame=60 detectados=6 enviado=True
2026-08-19 20:29:36,362 httpx INFO HTTP Request: POST http://localhost:8000/api/v1/eventos/ingest "HTTP/1.1 201 Created"
2026-08-19 20:29:36,363 vision INFO frame=90 detectados=8 enviado=True
2026-08-19 20:29:41,677 httpx INFO HTTP Request: POST http://localhost:8000/api/v1/eventos/ingest "HTTP/1.1 201 Created"
2026-08-19 20:29:41,678 vision INFO frame=120 detectados=10 enviado=True
2026-08-19 20:29:47,080 httpx INFO HTTP Request: POST http://localhost:8000/api/v1/eventos/ingest "HTTP/1.1 201 Created"
2026-08-19 20:29:47,081 vision INFO frame=150 detectados=7 enviado=True
2026-08-19 20:29:52,288 httpx INFO HTTP Request: POST http://localhost:8000/api/v1/eventos/ingest "HTTP/1.1 201 Created"
2026-08-19 20:29:52,289 vision INFO frame=180 detectados=9 enviado=True
2026-08-19 20:29:57,340 httpx INFO HTTP Request: POST http://localhost:8000/api/v1/eventos/ingest "HTTP/1.1 201 Created"
2026-08-19 20:29:57,341 vision INFO frame=210 detectados=10 enviado=True
2026-08-19 20:30:03,544 httpx INFO HTTP Request: POST http://localhost:8000/api/v1/eventos/ingest "HTTP/1.1 201 Created"
2026-08-19 20:30:03,546 vision INFO frame=240 detectados=8 enviado=True
2026-08-19 20:30:09,916 httpx INFO HTTP Request: POST http://localhost:8000/api/v1/eventos/ingest "HTTP/1.1 201 Created"
2026-08-19 20:30:09,917 vision INFO frame=270 detectados=9 enviado=True
2026-08-19 20:30:15,147 httpx INFO HTTP Request: POST http://localhost:8000/api/v1/eventos/ingest "HTTP/1.1 201 Created"
2026-08-19 20:30:15,149 vision INFO frame=300 detectados=10 enviado=True
2026-08-19 20:30:22,256 httpx INFO HTTP Request: POST http://localhost:8000/api/v1/eventos/ingest "HTTP/1.1 201 Created"
2026-08-19 20:30:22,258 vision INFO frame=330 detectados=8 enviado=True
2026-08-19 20:30:28,484 httpx INFO HTTP Request: POST http://localhost:8000/api/v1/eventos/ingest "HTTP/1.1 201 Created"
2026-08-19 20:30:28,485 vision INFO frame=360 detectados=9 enviado=True
2026-08-19 20:30:37,778 httpx INFO HTTP Request: POST http://localhost:8000/api/v1/eventos/ingest "HTTP/1.1 201 Created"
2026-08-19 20:30:37,780 vision INFO frame=390 detectados=10 enviado=True
2026-08-19 20:30:46,310 httpx INFO HTTP Request: POST http://localhost:8000/api/v1/eventos/ingest "HTTP/1.1 201 Created"
2026-08-19 20:30:46,312 vision INFO frame=420 detectados=11 enviado=True
2026-08-19 20:30:53,057 httpx INFO HTTP Request: POST http://localhost:8000/api/v1/eventos/ingest "HTTP/1.1 201 Created"
2026-08-19 20:30:53,058 vision INFO frame=450 detectados=11 enviado=True
2026-08-19 20:30:53,665 httpx INFO HTTP Request: POST http://localhost:8000/api/v1/eventos/ingest "HTTP/1.1 201 Created"
2026-08-19 20:30:53,666 vision INFO frame=480 detectados=14 enviado=True
2026-08-19 20:30:54,298 httpx INFO HTTP Request: POST http://localhost:8000/api/v1/eventos/ingest "HTTP/1.1 201 Created"
2026-08-19 20:30:54,299 vision INFO frame=510 detectados=14 enviado=True
2026-08-19 20:31:03,215 httpx INFO HTTP Request: POST http://localhost:8000/api/v1/eventos/ingest "HTTP/1.1 201 Created"
2026-08-19 20:31:03,216 vision INFO frame=540 detectados=13 enviado=True
2026-08-19 20:31:13,718 src.backend_client ERROR Fallo al enviar evento frame 570
Traceback (most recent call last):
  File "/home/raftlee/Documentos/Workspace/prototipo-vigia/vision/.venv/lib/python3.12/site-packages/httpx/_transports/default.py", line 101, in map_httpcore_exceptions
    yield
  File "/home/raftlee/Documentos/Workspace/prototipo-vigia/vision/.venv/lib/python3.12/site-packages/httpx/_transports/default.py", line 394, in handle_async_request
    resp = await self._pool.handle_async_request(req)
           ^^^^^^^^^^^^^^^^^^^^^^^^^^^^^^^^^^^^^^^^^^
  File "/home/raftlee/Documentos/Workspace/prototipo-vigia/vision/.venv/lib/python3.12/site-packages/httpcore/_async/connection_pool.py", line 256, in handle_async_request
    raise exc from None
  File "/home/raftlee/Documentos/Workspace/prototipo-vigia/vision/.venv/lib/python3.12/site-packages/httpcore/_async/connection_pool.py", line 236, in handle_async_request
    response = await connection.handle_async_request(
               ^^^^^^^^^^^^^^^^^^^^^^^^^^^^^^^^^^^^^^
  File "/home/raftlee/Documentos/Workspace/prototipo-vigia/vision/.venv/lib/python3.12/site-packages/httpcore/_async/connection.py", line 103, in handle_async_request
    return await self._connection.handle_async_request(request)
           ^^^^^^^^^^^^^^^^^^^^^^^^^^^^^^^^^^^^^^^^^^^^^^^^^^^^
  File "/home/raftlee/Documentos/Workspace/prototipo-vigia/vision/.venv/lib/python3.12/site-packages/httpcore/_async/http11.py", line 136, in handle_async_request
    raise exc
  File "/home/raftlee/Documentos/Workspace/prototipo-vigia/vision/.venv/lib/python3.12/site-packages/httpcore/_async/http11.py", line 106, in handle_async_request
    ) = await self._receive_response_headers(**kwargs)
        ^^^^^^^^^^^^^^^^^^^^^^^^^^^^^^^^^^^^^^^^^^^^^^
  File "/home/raftlee/Documentos/Workspace/prototipo-vigia/vision/.venv/lib/python3.12/site-packages/httpcore/_async/http11.py", line 177, in _receive_response_headers
    event = await self._receive_event(timeout=timeout)
            ^^^^^^^^^^^^^^^^^^^^^^^^^^^^^^^^^^^^^^^^^^
  File "/home/raftlee/Documentos/Workspace/prototipo-vigia/vision/.venv/lib/python3.12/site-packages/httpcore/_async/http11.py", line 217, in _receive_event
    data = await self._network_stream.read(
           ^^^^^^^^^^^^^^^^^^^^^^^^^^^^^^^^
  File "/home/raftlee/Documentos/Workspace/prototipo-vigia/vision/.venv/lib/python3.12/site-packages/httpcore/_backends/anyio.py", line 32, in read
    with map_exceptions(exc_map):
  File "/usr/lib/python3.12/contextlib.py", line 158, in __exit__
    self.gen.throw(value)
  File "/home/raftlee/Documentos/Workspace/prototipo-vigia/vision/.venv/lib/python3.12/site-packages/httpcore/_exceptions.py", line 14, in map_exceptions
    raise to_exc(exc) from exc
httpcore.ReadTimeout

The above exception was the direct cause of the following exception:

Traceback (most recent call last):
  File "/home/raftlee/Documentos/Workspace/prototipo-vigia/vision/src/backend_client.py", line 19, in enviar
    resp = await client.post(self.url, json=evento)
           ^^^^^^^^^^^^^^^^^^^^^^^^^^^^^^^^^^^^^^^^
  File "/home/raftlee/Documentos/Workspace/prototipo-vigia/vision/.venv/lib/python3.12/site-packages/httpx/_client.py", line 1859, in post
    return await self.request(
           ^^^^^^^^^^^^^^^^^^^
  File "/home/raftlee/Documentos/Workspace/prototipo-vigia/vision/.venv/lib/python3.12/site-packages/httpx/_client.py", line 1540, in request
    return await self.send(request, auth=auth, follow_redirects=follow_redirects)
           ^^^^^^^^^^^^^^^^^^^^^^^^^^^^^^^^^^^^^^^^^^^^^^^^^^^^^^^^^^^^^^^^^^^^^^
  File "/home/raftlee/Documentos/Workspace/prototipo-vigia/vision/.venv/lib/python3.12/site-packages/httpx/_client.py", line 1629, in send
    response = await self._send_handling_auth(
               ^^^^^^^^^^^^^^^^^^^^^^^^^^^^^^^
  File "/home/raftlee/Documentos/Workspace/prototipo-vigia/vision/.venv/lib/python3.12/site-packages/httpx/_client.py", line 1657, in _send_handling_auth
    response = await self._send_handling_redirects(
               ^^^^^^^^^^^^^^^^^^^^^^^^^^^^^^^^^^^^
  File "/home/raftlee/Documentos/Workspace/prototipo-vigia/vision/.venv/lib/python3.12/site-packages/httpx/_client.py", line 1694, in _send_handling_redirects
    response = await self._send_single_request(request)
               ^^^^^^^^^^^^^^^^^^^^^^^^^^^^^^^^^^^^^^^^
  File "/home/raftlee/Documentos/Workspace/prototipo-vigia/vision/.venv/lib/python3.12/site-packages/httpx/_client.py", line 1730, in _send_single_request
    response = await transport.handle_async_request(request)
               ^^^^^^^^^^^^^^^^^^^^^^^^^^^^^^^^^^^^^^^^^^^^^
  File "/home/raftlee/Documentos/Workspace/prototipo-vigia/vision/.venv/lib/python3.12/site-packages/httpx/_transports/default.py", line 393, in handle_async_request
    with map_httpcore_exceptions():
  File "/usr/lib/python3.12/contextlib.py", line 158, in __exit__
    self.gen.throw(value)
  File "/home/raftlee/Documentos/Workspace/prototipo-vigia/vision/.venv/lib/python3.12/site-packages/httpx/_transports/default.py", line 118, in map_httpcore_exceptions
    raise mapped_exc(message) from exc
httpx.ReadTimeout
2026-08-19 20:31:25,750 src.backend_client ERROR Fallo al enviar evento frame 570
Traceback (most recent call last):
  File "/home/raftlee/Documentos/Workspace/prototipo-vigia/vision/.venv/lib/python3.12/site-packages/httpx/_transports/default.py", line 101, in map_httpcore_exceptions
    yield
  File "/home/raftlee/Documentos/Workspace/prototipo-vigia/vision/.venv/lib/python3.12/site-packages/httpx/_transports/default.py", line 394, in handle_async_request
    resp = await self._pool.handle_async_request(req)
           ^^^^^^^^^^^^^^^^^^^^^^^^^^^^^^^^^^^^^^^^^^
  File "/home/raftlee/Documentos/Workspace/prototipo-vigia/vision/.venv/lib/python3.12/site-packages/httpcore/_async/connection_pool.py", line 256, in handle_async_request
    raise exc from None
  File "/home/raftlee/Documentos/Workspace/prototipo-vigia/vision/.venv/lib/python3.12/site-packages/httpcore/_async/connection_pool.py", line 236, in handle_async_request
    response = await connection.handle_async_request(
               ^^^^^^^^^^^^^^^^^^^^^^^^^^^^^^^^^^^^^^
  File "/home/raftlee/Documentos/Workspace/prototipo-vigia/vision/.venv/lib/python3.12/site-packages/httpcore/_async/connection.py", line 103, in handle_async_request
    return await self._connection.handle_async_request(request)
           ^^^^^^^^^^^^^^^^^^^^^^^^^^^^^^^^^^^^^^^^^^^^^^^^^^^^
  File "/home/raftlee/Documentos/Workspace/prototipo-vigia/vision/.venv/lib/python3.12/site-packages/httpcore/_async/http11.py", line 136, in handle_async_request
    raise exc
  File "/home/raftlee/Documentos/Workspace/prototipo-vigia/vision/.venv/lib/python3.12/site-packages/httpcore/_async/http11.py", line 106, in handle_async_request
    ) = await self._receive_response_headers(**kwargs)
        ^^^^^^^^^^^^^^^^^^^^^^^^^^^^^^^^^^^^^^^^^^^^^^
  File "/home/raftlee/Documentos/Workspace/prototipo-vigia/vision/.venv/lib/python3.12/site-packages/httpcore/_async/http11.py", line 177, in _receive_response_headers
    event = await self._receive_event(timeout=timeout)
            ^^^^^^^^^^^^^^^^^^^^^^^^^^^^^^^^^^^^^^^^^^
  File "/home/raftlee/Documentos/Workspace/prototipo-vigia/vision/.venv/lib/python3.12/site-packages/httpcore/_async/http11.py", line 217, in _receive_event
    data = await self._network_stream.read(
           ^^^^^^^^^^^^^^^^^^^^^^^^^^^^^^^^
  File "/home/raftlee/Documentos/Workspace/prototipo-vigia/vision/.venv/lib/python3.12/site-packages/httpcore/_backends/anyio.py", line 32, in read
    with map_exceptions(exc_map):
  File "/usr/lib/python3.12/contextlib.py", line 158, in __exit__
    self.gen.throw(value)
  File "/home/raftlee/Documentos/Workspace/prototipo-vigia/vision/.venv/lib/python3.12/site-packages/httpcore/_exceptions.py", line 14, in map_exceptions
    raise to_exc(exc) from exc
httpcore.ReadTimeout

The above exception was the direct cause of the following exception:

Traceback (most recent call last):
  File "/home/raftlee/Documentos/Workspace/prototipo-vigia/vision/src/backend_client.py", line 19, in enviar
    resp = await client.post(self.url, json=evento)
           ^^^^^^^^^^^^^^^^^^^^^^^^^^^^^^^^^^^^^^^^
  File "/home/raftlee/Documentos/Workspace/prototipo-vigia/vision/.venv/lib/python3.12/site-packages/httpx/_client.py", line 1859, in post
    return await self.request(
           ^^^^^^^^^^^^^^^^^^^
  File "/home/raftlee/Documentos/Workspace/prototipo-vigia/vision/.venv/lib/python3.12/site-packages/httpx/_client.py", line 1540, in request
    return await self.send(request, auth=auth, follow_redirects=follow_redirects)
           ^^^^^^^^^^^^^^^^^^^^^^^^^^^^^^^^^^^^^^^^^^^^^^^^^^^^^^^^^^^^^^^^^^^^^^
  File "/home/raftlee/Documentos/Workspace/prototipo-vigia/vision/.venv/lib/python3.12/site-packages/httpx/_client.py", line 1629, in send
    response = await self._send_handling_auth(
               ^^^^^^^^^^^^^^^^^^^^^^^^^^^^^^^
  File "/home/raftlee/Documentos/Workspace/prototipo-vigia/vision/.venv/lib/python3.12/site-packages/httpx/_client.py", line 1657, in _send_handling_auth
    response = await self._send_handling_redirects(
               ^^^^^^^^^^^^^^^^^^^^^^^^^^^^^^^^^^^^
  File "/home/raftlee/Documentos/Workspace/prototipo-vigia/vision/.venv/lib/python3.12/site-packages/httpx/_client.py", line 1694, in _send_handling_redirects
    response = await self._send_single_request(request)
               ^^^^^^^^^^^^^^^^^^^^^^^^^^^^^^^^^^^^^^^^
  File "/home/raftlee/Documentos/Workspace/prototipo-vigia/vision/.venv/lib/python3.12/site-packages/httpx/_client.py", line 1730, in _send_single_request
    response = await transport.handle_async_request(request)
               ^^^^^^^^^^^^^^^^^^^^^^^^^^^^^^^^^^^^^^^^^^^^^
  File "/home/raftlee/Documentos/Workspace/prototipo-vigia/vision/.venv/lib/python3.12/site-packages/httpx/_transports/default.py", line 393, in handle_async_request
    with map_httpcore_exceptions():
  File "/usr/lib/python3.12/contextlib.py", line 158, in __exit__
    self.gen.throw(value)
  File "/home/raftlee/Documentos/Workspace/prototipo-vigia/vision/.venv/lib/python3.12/site-packages/httpx/_transports/default.py", line 118, in map_httpcore_exceptions
    raise mapped_exc(message) from exc
httpx.ReadTimeout
2026-08-19 20:31:39,776 src.backend_client ERROR Fallo al enviar evento frame 570
Traceback (most recent call last):
  File "/home/raftlee/Documentos/Workspace/prototipo-vigia/vision/.venv/lib/python3.12/site-packages/httpx/_transports/default.py", line 101, in map_httpcore_exceptions
    yield
  File "/home/raftlee/Documentos/Workspace/prototipo-vigia/vision/.venv/lib/python3.12/site-packages/httpx/_transports/default.py", line 394, in handle_async_request
    resp = await self._pool.handle_async_request(req)
           ^^^^^^^^^^^^^^^^^^^^^^^^^^^^^^^^^^^^^^^^^^
  File "/home/raftlee/Documentos/Workspace/prototipo-vigia/vision/.venv/lib/python3.12/site-packages/httpcore/_async/connection_pool.py", line 256, in handle_async_request
    raise exc from None
  File "/home/raftlee/Documentos/Workspace/prototipo-vigia/vision/.venv/lib/python3.12/site-packages/httpcore/_async/connection_pool.py", line 236, in handle_async_request
    response = await connection.handle_async_request(
               ^^^^^^^^^^^^^^^^^^^^^^^^^^^^^^^^^^^^^^
  File "/home/raftlee/Documentos/Workspace/prototipo-vigia/vision/.venv/lib/python3.12/site-packages/httpcore/_async/connection.py", line 103, in handle_async_request
    return await self._connection.handle_async_request(request)
           ^^^^^^^^^^^^^^^^^^^^^^^^^^^^^^^^^^^^^^^^^^^^^^^^^^^^
  File "/home/raftlee/Documentos/Workspace/prototipo-vigia/vision/.venv/lib/python3.12/site-packages/httpcore/_async/http11.py", line 136, in handle_async_request
    raise exc
  File "/home/raftlee/Documentos/Workspace/prototipo-vigia/vision/.venv/lib/python3.12/site-packages/httpcore/_async/http11.py", line 106, in handle_async_request
    ) = await self._receive_response_headers(**kwargs)
        ^^^^^^^^^^^^^^^^^^^^^^^^^^^^^^^^^^^^^^^^^^^^^^
  File "/home/raftlee/Documentos/Workspace/prototipo-vigia/vision/.venv/lib/python3.12/site-packages/httpcore/_async/http11.py", line 177, in _receive_response_headers
    event = await self._receive_event(timeout=timeout)
            ^^^^^^^^^^^^^^^^^^^^^^^^^^^^^^^^^^^^^^^^^^
  File "/home/raftlee/Documentos/Workspace/prototipo-vigia/vision/.venv/lib/python3.12/site-packages/httpcore/_async/http11.py", line 217, in _receive_event
    data = await self._network_stream.read(
           ^^^^^^^^^^^^^^^^^^^^^^^^^^^^^^^^
  File "/home/raftlee/Documentos/Workspace/prototipo-vigia/vision/.venv/lib/python3.12/site-packages/httpcore/_backends/anyio.py", line 32, in read
    with map_exceptions(exc_map):
  File "/usr/lib/python3.12/contextlib.py", line 158, in __exit__
    self.gen.throw(value)
  File "/home/raftlee/Documentos/Workspace/prototipo-vigia/vision/.venv/lib/python3.12/site-packages/httpcore/_exceptions.py", line 14, in map_exceptions
    raise to_exc(exc) from exc
httpcore.ReadTimeout

The above exception was the direct cause of the following exception:

Traceback (most recent call last):
  File "/home/raftlee/Documentos/Workspace/prototipo-vigia/vision/src/backend_client.py", line 19, in enviar
    resp = await client.post(self.url, json=evento)
           ^^^^^^^^^^^^^^^^^^^^^^^^^^^^^^^^^^^^^^^^
  File "/home/raftlee/Documentos/Workspace/prototipo-vigia/vision/.venv/lib/python3.12/site-packages/httpx/_client.py", line 1859, in post
    return await self.request(
           ^^^^^^^^^^^^^^^^^^^
  File "/home/raftlee/Documentos/Workspace/prototipo-vigia/vision/.venv/lib/python3.12/site-packages/httpx/_client.py", line 1540, in request
    return await self.send(request, auth=auth, follow_redirects=follow_redirects)
           ^^^^^^^^^^^^^^^^^^^^^^^^^^^^^^^^^^^^^^^^^^^^^^^^^^^^^^^^^^^^^^^^^^^^^^
  File "/home/raftlee/Documentos/Workspace/prototipo-vigia/vision/.venv/lib/python3.12/site-packages/httpx/_client.py", line 1629, in send
    response = await self._send_handling_auth(
               ^^^^^^^^^^^^^^^^^^^^^^^^^^^^^^^
  File "/home/raftlee/Documentos/Workspace/prototipo-vigia/vision/.venv/lib/python3.12/site-packages/httpx/_client.py", line 1657, in _send_handling_auth
    response = await self._send_handling_redirects(
               ^^^^^^^^^^^^^^^^^^^^^^^^^^^^^^^^^^^^
  File "/home/raftlee/Documentos/Workspace/prototipo-vigia/vision/.venv/lib/python3.12/site-packages/httpx/_client.py", line 1694, in _send_handling_redirects
    response = await self._send_single_request(request)
               ^^^^^^^^^^^^^^^^^^^^^^^^^^^^^^^^^^^^^^^^
  File "/home/raftlee/Documentos/Workspace/prototipo-vigia/vision/.venv/lib/python3.12/site-packages/httpx/_client.py", line 1730, in _send_single_request
    response = await transport.handle_async_request(request)
               ^^^^^^^^^^^^^^^^^^^^^^^^^^^^^^^^^^^^^^^^^^^^^
  File "/home/raftlee/Documentos/Workspace/prototipo-vigia/vision/.venv/lib/python3.12/site-packages/httpx/_transports/default.py", line 393, in handle_async_request
    with map_httpcore_exceptions():
  File "/usr/lib/python3.12/contextlib.py", line 158, in __exit__
    self.gen.throw(value)
  File "/home/raftlee/Documentos/Workspace/prototipo-vigia/vision/.venv/lib/python3.12/site-packages/httpx/_transports/default.py", line 118, in map_httpcore_exceptions
    raise mapped_exc(message) from exc
httpx.ReadTimeout
2026-08-19 20:31:47,789 src.backend_client ERROR Se agotaron los reintentos para el frame 570
2026-08-19 20:31:47,789 vision INFO frame=570 detectados=11 enviado=False
2026-08-19 20:31:58,860 src.backend_client ERROR Fallo al enviar evento frame 600
Traceback (most recent call last):
  File "/home/raftlee/Documentos/Workspace/prototipo-vigia/vision/.venv/lib/python3.12/site-packages/httpx/_transports/default.py", line 101, in map_httpcore_exceptions
    yield
  File "/home/raftlee/Documentos/Workspace/prototipo-vigia/vision/.venv/lib/python3.12/site-packages/httpx/_transports/default.py", line 394, in handle_async_request
    resp = await self._pool.handle_async_request(req)
           ^^^^^^^^^^^^^^^^^^^^^^^^^^^^^^^^^^^^^^^^^^
  File "/home/raftlee/Documentos/Workspace/prototipo-vigia/vision/.venv/lib/python3.12/site-packages/httpcore/_async/connection_pool.py", line 256, in handle_async_request
    raise exc from None
  File "/home/raftlee/Documentos/Workspace/prototipo-vigia/vision/.venv/lib/python3.12/site-packages/httpcore/_async/connection_pool.py", line 236, in handle_async_request
    response = await connection.handle_async_request(
               ^^^^^^^^^^^^^^^^^^^^^^^^^^^^^^^^^^^^^^
  File "/home/raftlee/Documentos/Workspace/prototipo-vigia/vision/.venv/lib/python3.12/site-packages/httpcore/_async/connection.py", line 103, in handle_async_request
    return await self._connection.handle_async_request(request)
           ^^^^^^^^^^^^^^^^^^^^^^^^^^^^^^^^^^^^^^^^^^^^^^^^^^^^
  File "/home/raftlee/Documentos/Workspace/prototipo-vigia/vision/.venv/lib/python3.12/site-packages/httpcore/_async/http11.py", line 136, in handle_async_request
    raise exc
  File "/home/raftlee/Documentos/Workspace/prototipo-vigia/vision/.venv/lib/python3.12/site-packages/httpcore/_async/http11.py", line 106, in handle_async_request
    ) = await self._receive_response_headers(**kwargs)
        ^^^^^^^^^^^^^^^^^^^^^^^^^^^^^^^^^^^^^^^^^^^^^^
  File "/home/raftlee/Documentos/Workspace/prototipo-vigia/vision/.venv/lib/python3.12/site-packages/httpcore/_async/http11.py", line 177, in _receive_response_headers
    event = await self._receive_event(timeout=timeout)
            ^^^^^^^^^^^^^^^^^^^^^^^^^^^^^^^^^^^^^^^^^^
  File "/home/raftlee/Documentos/Workspace/prototipo-vigia/vision/.venv/lib/python3.12/site-packages/httpcore/_async/http11.py", line 217, in _receive_event
    data = await self._network_stream.read(
           ^^^^^^^^^^^^^^^^^^^^^^^^^^^^^^^^
  File "/home/raftlee/Documentos/Workspace/prototipo-vigia/vision/.venv/lib/python3.12/site-packages/httpcore/_backends/anyio.py", line 32, in read
    with map_exceptions(exc_map):
  File "/usr/lib/python3.12/contextlib.py", line 158, in __exit__
    self.gen.throw(value)
  File "/home/raftlee/Documentos/Workspace/prototipo-vigia/vision/.venv/lib/python3.12/site-packages/httpcore/_exceptions.py", line 14, in map_exceptions
    raise to_exc(exc) from exc
httpcore.ReadTimeout

The above exception was the direct cause of the following exception:

Traceback (most recent call last):
  File "/home/raftlee/Documentos/Workspace/prototipo-vigia/vision/src/backend_client.py", line 19, in enviar
    resp = await client.post(self.url, json=evento)
           ^^^^^^^^^^^^^^^^^^^^^^^^^^^^^^^^^^^^^^^^
  File "/home/raftlee/Documentos/Workspace/prototipo-vigia/vision/.venv/lib/python3.12/site-packages/httpx/_client.py", line 1859, in post
    return await self.request(
           ^^^^^^^^^^^^^^^^^^^
  File "/home/raftlee/Documentos/Workspace/prototipo-vigia/vision/.venv/lib/python3.12/site-packages/httpx/_client.py", line 1540, in request
    return await self.send(request, auth=auth, follow_redirects=follow_redirects)
           ^^^^^^^^^^^^^^^^^^^^^^^^^^^^^^^^^^^^^^^^^^^^^^^^^^^^^^^^^^^^^^^^^^^^^^
  File "/home/raftlee/Documentos/Workspace/prototipo-vigia/vision/.venv/lib/python3.12/site-packages/httpx/_client.py", line 1629, in send
    response = await self._send_handling_auth(
               ^^^^^^^^^^^^^^^^^^^^^^^^^^^^^^^
  File "/home/raftlee/Documentos/Workspace/prototipo-vigia/vision/.venv/lib/python3.12/site-packages/httpx/_client.py", line 1657, in _send_handling_auth
    response = await self._send_handling_redirects(
               ^^^^^^^^^^^^^^^^^^^^^^^^^^^^^^^^^^^^
  File "/home/raftlee/Documentos/Workspace/prototipo-vigia/vision/.venv/lib/python3.12/site-packages/httpx/_client.py", line 1694, in _send_handling_redirects
    response = await self._send_single_request(request)
               ^^^^^^^^^^^^^^^^^^^^^^^^^^^^^^^^^^^^^^^^
  File "/home/raftlee/Documentos/Workspace/prototipo-vigia/vision/.venv/lib/python3.12/site-packages/httpx/_client.py", line 1730, in _send_single_request
    response = await transport.handle_async_request(request)
               ^^^^^^^^^^^^^^^^^^^^^^^^^^^^^^^^^^^^^^^^^^^^^
  File "/home/raftlee/Documentos/Workspace/prototipo-vigia/vision/.venv/lib/python3.12/site-packages/httpx/_transports/default.py", line 393, in handle_async_request
    with map_httpcore_exceptions():
  File "/usr/lib/python3.12/contextlib.py", line 158, in __exit__
    self.gen.throw(value)
  File "/home/raftlee/Documentos/Workspace/prototipo-vigia/vision/.venv/lib/python3.12/site-packages/httpx/_transports/default.py", line 118, in map_httpcore_exceptions
    raise mapped_exc(message) from exc
httpx.ReadTimeout
2026-08-19 20:32:10,888 src.backend_client ERROR Fallo al enviar evento frame 600
Traceback (most recent call last):
  File "/home/raftlee/Documentos/Workspace/prototipo-vigia/vision/.venv/lib/python3.12/site-packages/httpx/_transports/default.py", line 101, in map_httpcore_exceptions
    yield
  File "/home/raftlee/Documentos/Workspace/prototipo-vigia/vision/.venv/lib/python3.12/site-packages/httpx/_transports/default.py", line 394, in handle_async_request
    resp = await self._pool.handle_async_request(req)
           ^^^^^^^^^^^^^^^^^^^^^^^^^^^^^^^^^^^^^^^^^^
  File "/home/raftlee/Documentos/Workspace/prototipo-vigia/vision/.venv/lib/python3.12/site-packages/httpcore/_async/connection_pool.py", line 256, in handle_async_request
    raise exc from None
  File "/home/raftlee/Documentos/Workspace/prototipo-vigia/vision/.venv/lib/python3.12/site-packages/httpcore/_async/connection_pool.py", line 236, in handle_async_request
    response = await connection.handle_async_request(
               ^^^^^^^^^^^^^^^^^^^^^^^^^^^^^^^^^^^^^^
  File "/home/raftlee/Documentos/Workspace/prototipo-vigia/vision/.venv/lib/python3.12/site-packages/httpcore/_async/connection.py", line 103, in handle_async_request
    return await self._connection.handle_async_request(request)
           ^^^^^^^^^^^^^^^^^^^^^^^^^^^^^^^^^^^^^^^^^^^^^^^^^^^^
  File "/home/raftlee/Documentos/Workspace/prototipo-vigia/vision/.venv/lib/python3.12/site-packages/httpcore/_async/http11.py", line 136, in handle_async_request
    raise exc
  File "/home/raftlee/Documentos/Workspace/prototipo-vigia/vision/.venv/lib/python3.12/site-packages/httpcore/_async/http11.py", line 106, in handle_async_request
    ) = await self._receive_response_headers(**kwargs)
        ^^^^^^^^^^^^^^^^^^^^^^^^^^^^^^^^^^^^^^^^^^^^^^
  File "/home/raftlee/Documentos/Workspace/prototipo-vigia/vision/.venv/lib/python3.12/site-packages/httpcore/_async/http11.py", line 177, in _receive_response_headers
    event = await self._receive_event(timeout=timeout)
            ^^^^^^^^^^^^^^^^^^^^^^^^^^^^^^^^^^^^^^^^^^
  File "/home/raftlee/Documentos/Workspace/prototipo-vigia/vision/.venv/lib/python3.12/site-packages/httpcore/_async/http11.py", line 217, in _receive_event
    data = await self._network_stream.read(
           ^^^^^^^^^^^^^^^^^^^^^^^^^^^^^^^^
  File "/home/raftlee/Documentos/Workspace/prototipo-vigia/vision/.venv/lib/python3.12/site-packages/httpcore/_backends/anyio.py", line 32, in read
    with map_exceptions(exc_map):
  File "/usr/lib/python3.12/contextlib.py", line 158, in __exit__
    self.gen.throw(value)
  File "/home/raftlee/Documentos/Workspace/prototipo-vigia/vision/.venv/lib/python3.12/site-packages/httpcore/_exceptions.py", line 14, in map_exceptions
    raise to_exc(exc) from exc
httpcore.ReadTimeout

The above exception was the direct cause of the following exception:

Traceback (most recent call last):
  File "/home/raftlee/Documentos/Workspace/prototipo-vigia/vision/src/backend_client.py", line 19, in enviar
    resp = await client.post(self.url, json=evento)
           ^^^^^^^^^^^^^^^^^^^^^^^^^^^^^^^^^^^^^^^^
  File "/home/raftlee/Documentos/Workspace/prototipo-vigia/vision/.venv/lib/python3.12/site-packages/httpx/_client.py", line 1859, in post
    return await self.request(
           ^^^^^^^^^^^^^^^^^^^
  File "/home/raftlee/Documentos/Workspace/prototipo-vigia/vision/.venv/lib/python3.12/site-packages/httpx/_client.py", line 1540, in request
    return await self.send(request, auth=auth, follow_redirects=follow_redirects)
           ^^^^^^^^^^^^^^^^^^^^^^^^^^^^^^^^^^^^^^^^^^^^^^^^^^^^^^^^^^^^^^^^^^^^^^
  File "/home/raftlee/Documentos/Workspace/prototipo-vigia/vision/.venv/lib/python3.12/site-packages/httpx/_client.py", line 1629, in send
    response = await self._send_handling_auth(
               ^^^^^^^^^^^^^^^^^^^^^^^^^^^^^^^
  File "/home/raftlee/Documentos/Workspace/prototipo-vigia/vision/.venv/lib/python3.12/site-packages/httpx/_client.py", line 1657, in _send_handling_auth
    response = await self._send_handling_redirects(
               ^^^^^^^^^^^^^^^^^^^^^^^^^^^^^^^^^^^^
  File "/home/raftlee/Documentos/Workspace/prototipo-vigia/vision/.venv/lib/python3.12/site-packages/httpx/_client.py", line 1694, in _send_handling_redirects
    response = await self._send_single_request(request)
               ^^^^^^^^^^^^^^^^^^^^^^^^^^^^^^^^^^^^^^^^
  File "/home/raftlee/Documentos/Workspace/prototipo-vigia/vision/.venv/lib/python3.12/site-packages/httpx/_client.py", line 1730, in _send_single_request
    response = await transport.handle_async_request(request)
               ^^^^^^^^^^^^^^^^^^^^^^^^^^^^^^^^^^^^^^^^^^^^^
  File "/home/raftlee/Documentos/Workspace/prototipo-vigia/vision/.venv/lib/python3.12/site-packages/httpx/_transports/default.py", line 393, in handle_async_request
    with map_httpcore_exceptions():
  File "/usr/lib/python3.12/contextlib.py", line 158, in __exit__
    self.gen.throw(value)
  File "/home/raftlee/Documentos/Workspace/prototipo-vigia/vision/.venv/lib/python3.12/site-packages/httpx/_transports/default.py", line 118, in map_httpcore_exceptions
    raise mapped_exc(message) from exc
httpx.ReadTimeout
2026-08-19 20:32:24,916 src.backend_client ERROR Fallo al enviar evento frame 600
Traceback (most recent call last):
  File "/home/raftlee/Documentos/Workspace/prototipo-vigia/vision/.venv/lib/python3.12/site-packages/httpx/_transports/default.py", line 101, in map_httpcore_exceptions
    yield
  File "/home/raftlee/Documentos/Workspace/prototipo-vigia/vision/.venv/lib/python3.12/site-packages/httpx/_transports/default.py", line 394, in handle_async_request
    resp = await self._pool.handle_async_request(req)
           ^^^^^^^^^^^^^^^^^^^^^^^^^^^^^^^^^^^^^^^^^^
  File "/home/raftlee/Documentos/Workspace/prototipo-vigia/vision/.venv/lib/python3.12/site-packages/httpcore/_async/connection_pool.py", line 256, in handle_async_request
    raise exc from None
  File "/home/raftlee/Documentos/Workspace/prototipo-vigia/vision/.venv/lib/python3.12/site-packages/httpcore/_async/connection_pool.py", line 236, in handle_async_request
    response = await connection.handle_async_request(
               ^^^^^^^^^^^^^^^^^^^^^^^^^^^^^^^^^^^^^^
  File "/home/raftlee/Documentos/Workspace/prototipo-vigia/vision/.venv/lib/python3.12/site-packages/httpcore/_async/connection.py", line 103, in handle_async_request
    return await self._connection.handle_async_request(request)
           ^^^^^^^^^^^^^^^^^^^^^^^^^^^^^^^^^^^^^^^^^^^^^^^^^^^^
  File "/home/raftlee/Documentos/Workspace/prototipo-vigia/vision/.venv/lib/python3.12/site-packages/httpcore/_async/http11.py", line 136, in handle_async_request
    raise exc
  File "/home/raftlee/Documentos/Workspace/prototipo-vigia/vision/.venv/lib/python3.12/site-packages/httpcore/_async/http11.py", line 106, in handle_async_request
    ) = await self._receive_response_headers(**kwargs)
        ^^^^^^^^^^^^^^^^^^^^^^^^^^^^^^^^^^^^^^^^^^^^^^
  File "/home/raftlee/Documentos/Workspace/prototipo-vigia/vision/.venv/lib/python3.12/site-packages/httpcore/_async/http11.py", line 177, in _receive_response_headers
    event = await self._receive_event(timeout=timeout)
            ^^^^^^^^^^^^^^^^^^^^^^^^^^^^^^^^^^^^^^^^^^
  File "/home/raftlee/Documentos/Workspace/prototipo-vigia/vision/.venv/lib/python3.12/site-packages/httpcore/_async/http11.py", line 217, in _receive_event
    data = await self._network_stream.read(
           ^^^^^^^^^^^^^^^^^^^^^^^^^^^^^^^^
  File "/home/raftlee/Documentos/Workspace/prototipo-vigia/vision/.venv/lib/python3.12/site-packages/httpcore/_backends/anyio.py", line 32, in read
    with map_exceptions(exc_map):
  File "/usr/lib/python3.12/contextlib.py", line 158, in __exit__
    self.gen.throw(value)
  File "/home/raftlee/Documentos/Workspace/prototipo-vigia/vision/.venv/lib/python3.12/site-packages/httpcore/_exceptions.py", line 14, in map_exceptions
    raise to_exc(exc) from exc
httpcore.ReadTimeout

The above exception was the direct cause of the following exception:

Traceback (most recent call last):
  File "/home/raftlee/Documentos/Workspace/prototipo-vigia/vision/src/backend_client.py", line 19, in enviar
    resp = await client.post(self.url, json=evento)
           ^^^^^^^^^^^^^^^^^^^^^^^^^^^^^^^^^^^^^^^^
  File "/home/raftlee/Documentos/Workspace/prototipo-vigia/vision/.venv/lib/python3.12/site-packages/httpx/_client.py", line 1859, in post
    return await self.request(
           ^^^^^^^^^^^^^^^^^^^
  File "/home/raftlee/Documentos/Workspace/prototipo-vigia/vision/.venv/lib/python3.12/site-packages/httpx/_client.py", line 1540, in request
    return await self.send(request, auth=auth, follow_redirects=follow_redirects)
           ^^^^^^^^^^^^^^^^^^^^^^^^^^^^^^^^^^^^^^^^^^^^^^^^^^^^^^^^^^^^^^^^^^^^^^
  File "/home/raftlee/Documentos/Workspace/prototipo-vigia/vision/.venv/lib/python3.12/site-packages/httpx/_client.py", line 1629, in send
    response = await self._send_handling_auth(
               ^^^^^^^^^^^^^^^^^^^^^^^^^^^^^^^
  File "/home/raftlee/Documentos/Workspace/prototipo-vigia/vision/.venv/lib/python3.12/site-packages/httpx/_client.py", line 1657, in _send_handling_auth
    response = await self._send_handling_redirects(
               ^^^^^^^^^^^^^^^^^^^^^^^^^^^^^^^^^^^^
  File "/home/raftlee/Documentos/Workspace/prototipo-vigia/vision/.venv/lib/python3.12/site-packages/httpx/_client.py", line 1694, in _send_handling_redirects
    response = await self._send_single_request(request)
               ^^^^^^^^^^^^^^^^^^^^^^^^^^^^^^^^^^^^^^^^
  File "/home/raftlee/Documentos/Workspace/prototipo-vigia/vision/.venv/lib/python3.12/site-packages/httpx/_client.py", line 1730, in _send_single_request
    response = await transport.handle_async_request(request)
               ^^^^^^^^^^^^^^^^^^^^^^^^^^^^^^^^^^^^^^^^^^^^^
  File "/home/raftlee/Documentos/Workspace/prototipo-vigia/vision/.venv/lib/python3.12/site-packages/httpx/_transports/default.py", line 393, in handle_async_request
    with map_httpcore_exceptions():
  File "/usr/lib/python3.12/contextlib.py", line 158, in __exit__
    self.gen.throw(value)
  File "/home/raftlee/Documentos/Workspace/prototipo-vigia/vision/.venv/lib/python3.12/site-packages/httpx/_transports/default.py", line 118, in map_httpcore_exceptions
    raise mapped_exc(message) from exc
httpx.ReadTimeout
2026-08-19 20:32:32,919 src.backend_client ERROR Se agotaron los reintentos para el frame 600
2026-08-19 20:32:32,920 vision INFO frame=600 detectados=15 enviado=False
2026-08-19 20:32:44,115 src.backend_client ERROR Fallo al enviar evento frame 630
Traceback (most recent call last):
  File "/home/raftlee/Documentos/Workspace/prototipo-vigia/vision/.venv/lib/python3.12/site-packages/httpx/_transports/default.py", line 101, in map_httpcore_exceptions
    yield
  File "/home/raftlee/Documentos/Workspace/prototipo-vigia/vision/.venv/lib/python3.12/site-packages/httpx/_transports/default.py", line 394, in handle_async_request
    resp = await self._pool.handle_async_request(req)
           ^^^^^^^^^^^^^^^^^^^^^^^^^^^^^^^^^^^^^^^^^^
  File "/home/raftlee/Documentos/Workspace/prototipo-vigia/vision/.venv/lib/python3.12/site-packages/httpcore/_async/connection_pool.py", line 256, in handle_async_request
    raise exc from None
  File "/home/raftlee/Documentos/Workspace/prototipo-vigia/vision/.venv/lib/python3.12/site-packages/httpcore/_async/connection_pool.py", line 236, in handle_async_request
    response = await connection.handle_async_request(
               ^^^^^^^^^^^^^^^^^^^^^^^^^^^^^^^^^^^^^^
  File "/home/raftlee/Documentos/Workspace/prototipo-vigia/vision/.venv/lib/python3.12/site-packages/httpcore/_async/connection.py", line 103, in handle_async_request
    return await self._connection.handle_async_request(request)
           ^^^^^^^^^^^^^^^^^^^^^^^^^^^^^^^^^^^^^^^^^^^^^^^^^^^^
  File "/home/raftlee/Documentos/Workspace/prototipo-vigia/vision/.venv/lib/python3.12/site-packages/httpcore/_async/http11.py", line 136, in handle_async_request
    raise exc
  File "/home/raftlee/Documentos/Workspace/prototipo-vigia/vision/.venv/lib/python3.12/site-packages/httpcore/_async/http11.py", line 106, in handle_async_request
    ) = await self._receive_response_headers(**kwargs)
        ^^^^^^^^^^^^^^^^^^^^^^^^^^^^^^^^^^^^^^^^^^^^^^
  File "/home/raftlee/Documentos/Workspace/prototipo-vigia/vision/.venv/lib/python3.12/site-packages/httpcore/_async/http11.py", line 177, in _receive_response_headers
    event = await self._receive_event(timeout=timeout)
            ^^^^^^^^^^^^^^^^^^^^^^^^^^^^^^^^^^^^^^^^^^
  File "/home/raftlee/Documentos/Workspace/prototipo-vigia/vision/.venv/lib/python3.12/site-packages/httpcore/_async/http11.py", line 217, in _receive_event
    data = await self._network_stream.read(
           ^^^^^^^^^^^^^^^^^^^^^^^^^^^^^^^^
  File "/home/raftlee/Documentos/Workspace/prototipo-vigia/vision/.venv/lib/python3.12/site-packages/httpcore/_backends/anyio.py", line 32, in read
    with map_exceptions(exc_map):
  File "/usr/lib/python3.12/contextlib.py", line 158, in __exit__
    self.gen.throw(value)
  File "/home/raftlee/Documentos/Workspace/prototipo-vigia/vision/.venv/lib/python3.12/site-packages/httpcore/_exceptions.py", line 14, in map_exceptions
    raise to_exc(exc) from exc
httpcore.ReadTimeout

The above exception was the direct cause of the following exception:

Traceback (most recent call last):
  File "/home/raftlee/Documentos/Workspace/prototipo-vigia/vision/src/backend_client.py", line 19, in enviar
    resp = await client.post(self.url, json=evento)
           ^^^^^^^^^^^^^^^^^^^^^^^^^^^^^^^^^^^^^^^^
  File "/home/raftlee/Documentos/Workspace/prototipo-vigia/vision/.venv/lib/python3.12/site-packages/httpx/_client.py", line 1859, in post
    return await self.request(
           ^^^^^^^^^^^^^^^^^^^
  File "/home/raftlee/Documentos/Workspace/prototipo-vigia/vision/.venv/lib/python3.12/site-packages/httpx/_client.py", line 1540, in request
    return await self.send(request, auth=auth, follow_redirects=follow_redirects)
           ^^^^^^^^^^^^^^^^^^^^^^^^^^^^^^^^^^^^^^^^^^^^^^^^^^^^^^^^^^^^^^^^^^^^^^
  File "/home/raftlee/Documentos/Workspace/prototipo-vigia/vision/.venv/lib/python3.12/site-packages/httpx/_client.py", line 1629, in send
    response = await self._send_handling_auth(
               ^^^^^^^^^^^^^^^^^^^^^^^^^^^^^^^
  File "/home/raftlee/Documentos/Workspace/prototipo-vigia/vision/.venv/lib/python3.12/site-packages/httpx/_client.py", line 1657, in _send_handling_auth
    response = await self._send_handling_redirects(
               ^^^^^^^^^^^^^^^^^^^^^^^^^^^^^^^^^^^^
  File "/home/raftlee/Documentos/Workspace/prototipo-vigia/vision/.venv/lib/python3.12/site-packages/httpx/_client.py", line 1694, in _send_handling_redirects
    response = await self._send_single_request(request)
               ^^^^^^^^^^^^^^^^^^^^^^^^^^^^^^^^^^^^^^^^
  File "/home/raftlee/Documentos/Workspace/prototipo-vigia/vision/.venv/lib/python3.12/site-packages/httpx/_client.py", line 1730, in _send_single_request
    response = await transport.handle_async_request(request)
               ^^^^^^^^^^^^^^^^^^^^^^^^^^^^^^^^^^^^^^^^^^^^^
  File "/home/raftlee/Documentos/Workspace/prototipo-vigia/vision/.venv/lib/python3.12/site-packages/httpx/_transports/default.py", line 393, in handle_async_request
    with map_httpcore_exceptions():
  File "/usr/lib/python3.12/contextlib.py", line 158, in __exit__
    self.gen.throw(value)
  File "/home/raftlee/Documentos/Workspace/prototipo-vigia/vision/.venv/lib/python3.12/site-packages/httpx/_transports/default.py", line 118, in map_httpcore_exceptions
    raise mapped_exc(message) from exc
httpx.ReadTimeout
2026-08-19 20:32:56,152 src.backend_client ERROR Fallo al enviar evento frame 630
Traceback (most recent call last):
  File "/home/raftlee/Documentos/Workspace/prototipo-vigia/vision/.venv/lib/python3.12/site-packages/httpx/_transports/default.py", line 101, in map_httpcore_exceptions
    yield
  File "/home/raftlee/Documentos/Workspace/prototipo-vigia/vision/.venv/lib/python3.12/site-packages/httpx/_transports/default.py", line 394, in handle_async_request
    resp = await self._pool.handle_async_request(req)
           ^^^^^^^^^^^^^^^^^^^^^^^^^^^^^^^^^^^^^^^^^^
  File "/home/raftlee/Documentos/Workspace/prototipo-vigia/vision/.venv/lib/python3.12/site-packages/httpcore/_async/connection_pool.py", line 256, in handle_async_request
    raise exc from None
  File "/home/raftlee/Documentos/Workspace/prototipo-vigia/vision/.venv/lib/python3.12/site-packages/httpcore/_async/connection_pool.py", line 236, in handle_async_request
    response = await connection.handle_async_request(
               ^^^^^^^^^^^^^^^^^^^^^^^^^^^^^^^^^^^^^^
  File "/home/raftlee/Documentos/Workspace/prototipo-vigia/vision/.venv/lib/python3.12/site-packages/httpcore/_async/connection.py", line 103, in handle_async_request
    return await self._connection.handle_async_request(request)
           ^^^^^^^^^^^^^^^^^^^^^^^^^^^^^^^^^^^^^^^^^^^^^^^^^^^^
  File "/home/raftlee/Documentos/Workspace/prototipo-vigia/vision/.venv/lib/python3.12/site-packages/httpcore/_async/http11.py", line 136, in handle_async_request
    raise exc
  File "/home/raftlee/Documentos/Workspace/prototipo-vigia/vision/.venv/lib/python3.12/site-packages/httpcore/_async/http11.py", line 106, in handle_async_request
    ) = await self._receive_response_headers(**kwargs)
        ^^^^^^^^^^^^^^^^^^^^^^^^^^^^^^^^^^^^^^^^^^^^^^
  File "/home/raftlee/Documentos/Workspace/prototipo-vigia/vision/.venv/lib/python3.12/site-packages/httpcore/_async/http11.py", line 177, in _receive_response_headers
    event = await self._receive_event(timeout=timeout)
            ^^^^^^^^^^^^^^^^^^^^^^^^^^^^^^^^^^^^^^^^^^
  File "/home/raftlee/Documentos/Workspace/prototipo-vigia/vision/.venv/lib/python3.12/site-packages/httpcore/_async/http11.py", line 217, in _receive_event
    data = await self._network_stream.read(
           ^^^^^^^^^^^^^^^^^^^^^^^^^^^^^^^^
  File "/home/raftlee/Documentos/Workspace/prototipo-vigia/vision/.venv/lib/python3.12/site-packages/httpcore/_backends/anyio.py", line 32, in read
    with map_exceptions(exc_map):
  File "/usr/lib/python3.12/contextlib.py", line 158, in __exit__
    self.gen.throw(value)
  File "/home/raftlee/Documentos/Workspace/prototipo-vigia/vision/.venv/lib/python3.12/site-packages/httpcore/_exceptions.py", line 14, in map_exceptions
    raise to_exc(exc) from exc
httpcore.ReadTimeout

The above exception was the direct cause of the following exception:

Traceback (most recent call last):
  File "/home/raftlee/Documentos/Workspace/prototipo-vigia/vision/src/backend_client.py", line 19, in enviar
    resp = await client.post(self.url, json=evento)
           ^^^^^^^^^^^^^^^^^^^^^^^^^^^^^^^^^^^^^^^^
  File "/home/raftlee/Documentos/Workspace/prototipo-vigia/vision/.venv/lib/python3.12/site-packages/httpx/_client.py", line 1859, in post
    return await self.request(
           ^^^^^^^^^^^^^^^^^^^
  File "/home/raftlee/Documentos/Workspace/prototipo-vigia/vision/.venv/lib/python3.12/site-packages/httpx/_client.py", line 1540, in request
    return await self.send(request, auth=auth, follow_redirects=follow_redirects)
           ^^^^^^^^^^^^^^^^^^^^^^^^^^^^^^^^^^^^^^^^^^^^^^^^^^^^^^^^^^^^^^^^^^^^^^
  File "/home/raftlee/Documentos/Workspace/prototipo-vigia/vision/.venv/lib/python3.12/site-packages/httpx/_client.py", line 1629, in send
    response = await self._send_handling_auth(
               ^^^^^^^^^^^^^^^^^^^^^^^^^^^^^^^
  File "/home/raftlee/Documentos/Workspace/prototipo-vigia/vision/.venv/lib/python3.12/site-packages/httpx/_client.py", line 1657, in _send_handling_auth
    response = await self._send_handling_redirects(
               ^^^^^^^^^^^^^^^^^^^^^^^^^^^^^^^^^^^^
  File "/home/raftlee/Documentos/Workspace/prototipo-vigia/vision/.venv/lib/python3.12/site-packages/httpx/_client.py", line 1694, in _send_handling_redirects
    response = await self._send_single_request(request)
               ^^^^^^^^^^^^^^^^^^^^^^^^^^^^^^^^^^^^^^^^
  File "/home/raftlee/Documentos/Workspace/prototipo-vigia/vision/.venv/lib/python3.12/site-packages/httpx/_client.py", line 1730, in _send_single_request
    response = await transport.handle_async_request(request)
               ^^^^^^^^^^^^^^^^^^^^^^^^^^^^^^^^^^^^^^^^^^^^^
  File "/home/raftlee/Documentos/Workspace/prototipo-vigia/vision/.venv/lib/python3.12/site-packages/httpx/_transports/default.py", line 393, in handle_async_request
    with map_httpcore_exceptions():
  File "/usr/lib/python3.12/contextlib.py", line 158, in __exit__
    self.gen.throw(value)
  File "/home/raftlee/Documentos/Workspace/prototipo-vigia/vision/.venv/lib/python3.12/site-packages/httpx/_transports/default.py", line 118, in map_httpcore_exceptions
    raise mapped_exc(message) from exc
httpx.ReadTimeout
2026-08-19 20:33:10,186 src.backend_client ERROR Fallo al enviar evento frame 630
Traceback (most recent call last):
  File "/home/raftlee/Documentos/Workspace/prototipo-vigia/vision/.venv/lib/python3.12/site-packages/httpx/_transports/default.py", line 101, in map_httpcore_exceptions
    yield
  File "/home/raftlee/Documentos/Workspace/prototipo-vigia/vision/.venv/lib/python3.12/site-packages/httpx/_transports/default.py", line 394, in handle_async_request
    resp = await self._pool.handle_async_request(req)
           ^^^^^^^^^^^^^^^^^^^^^^^^^^^^^^^^^^^^^^^^^^
  File "/home/raftlee/Documentos/Workspace/prototipo-vigia/vision/.venv/lib/python3.12/site-packages/httpcore/_async/connection_pool.py", line 256, in handle_async_request
    raise exc from None
  File "/home/raftlee/Documentos/Workspace/prototipo-vigia/vision/.venv/lib/python3.12/site-packages/httpcore/_async/connection_pool.py", line 236, in handle_async_request
    response = await connection.handle_async_request(
               ^^^^^^^^^^^^^^^^^^^^^^^^^^^^^^^^^^^^^^
  File "/home/raftlee/Documentos/Workspace/prototipo-vigia/vision/.venv/lib/python3.12/site-packages/httpcore/_async/connection.py", line 103, in handle_async_request
    return await self._connection.handle_async_request(request)
           ^^^^^^^^^^^^^^^^^^^^^^^^^^^^^^^^^^^^^^^^^^^^^^^^^^^^
  File "/home/raftlee/Documentos/Workspace/prototipo-vigia/vision/.venv/lib/python3.12/site-packages/httpcore/_async/http11.py", line 136, in handle_async_request
    raise exc
  File "/home/raftlee/Documentos/Workspace/prototipo-vigia/vision/.venv/lib/python3.12/site-packages/httpcore/_async/http11.py", line 106, in handle_async_request
    ) = await self._receive_response_headers(**kwargs)
        ^^^^^^^^^^^^^^^^^^^^^^^^^^^^^^^^^^^^^^^^^^^^^^
  File "/home/raftlee/Documentos/Workspace/prototipo-vigia/vision/.venv/lib/python3.12/site-packages/httpcore/_async/http11.py", line 177, in _receive_response_headers
    event = await self._receive_event(timeout=timeout)
            ^^^^^^^^^^^^^^^^^^^^^^^^^^^^^^^^^^^^^^^^^^
  File "/home/raftlee/Documentos/Workspace/prototipo-vigia/vision/.venv/lib/python3.12/site-packages/httpcore/_async/http11.py", line 217, in _receive_event
    data = await self._network_stream.read(
           ^^^^^^^^^^^^^^^^^^^^^^^^^^^^^^^^
  File "/home/raftlee/Documentos/Workspace/prototipo-vigia/vision/.venv/lib/python3.12/site-packages/httpcore/_backends/anyio.py", line 32, in read
    with map_exceptions(exc_map):
  File "/usr/lib/python3.12/contextlib.py", line 158, in __exit__
    self.gen.throw(value)
  File "/home/raftlee/Documentos/Workspace/prototipo-vigia/vision/.venv/lib/python3.12/site-packages/httpcore/_exceptions.py", line 14, in map_exceptions
    raise to_exc(exc) from exc
httpcore.ReadTimeout

The above exception was the direct cause of the following exception:

Traceback (most recent call last):
  File "/home/raftlee/Documentos/Workspace/prototipo-vigia/vision/src/backend_client.py", line 19, in enviar
    resp = await client.post(self.url, json=evento)
           ^^^^^^^^^^^^^^^^^^^^^^^^^^^^^^^^^^^^^^^^
  File "/home/raftlee/Documentos/Workspace/prototipo-vigia/vision/.venv/lib/python3.12/site-packages/httpx/_client.py", line 1859, in post
    return await self.request(
           ^^^^^^^^^^^^^^^^^^^
  File "/home/raftlee/Documentos/Workspace/prototipo-vigia/vision/.venv/lib/python3.12/site-packages/httpx/_client.py", line 1540, in request
    return await self.send(request, auth=auth, follow_redirects=follow_redirects)
           ^^^^^^^^^^^^^^^^^^^^^^^^^^^^^^^^^^^^^^^^^^^^^^^^^^^^^^^^^^^^^^^^^^^^^^
  File "/home/raftlee/Documentos/Workspace/prototipo-vigia/vision/.venv/lib/python3.12/site-packages/httpx/_client.py", line 1629, in send
    response = await self._send_handling_auth(
               ^^^^^^^^^^^^^^^^^^^^^^^^^^^^^^^
  File "/home/raftlee/Documentos/Workspace/prototipo-vigia/vision/.venv/lib/python3.12/site-packages/httpx/_client.py", line 1657, in _send_handling_auth
    response = await self._send_handling_redirects(
               ^^^^^^^^^^^^^^^^^^^^^^^^^^^^^^^^^^^^
  File "/home/raftlee/Documentos/Workspace/prototipo-vigia/vision/.venv/lib/python3.12/site-packages/httpx/_client.py", line 1694, in _send_handling_redirects
    response = await self._send_single_request(request)
               ^^^^^^^^^^^^^^^^^^^^^^^^^^^^^^^^^^^^^^^^
  File "/home/raftlee/Documentos/Workspace/prototipo-vigia/vision/.venv/lib/python3.12/site-packages/httpx/_client.py", line 1730, in _send_single_request
    response = await transport.handle_async_request(request)
               ^^^^^^^^^^^^^^^^^^^^^^^^^^^^^^^^^^^^^^^^^^^^^
  File "/home/raftlee/Documentos/Workspace/prototipo-vigia/vision/.venv/lib/python3.12/site-packages/httpx/_transports/default.py", line 393, in handle_async_request
    with map_httpcore_exceptions():
  File "/usr/lib/python3.12/contextlib.py", line 158, in __exit__
    self.gen.throw(value)
  File "/home/raftlee/Documentos/Workspace/prototipo-vigia/vision/.venv/lib/python3.12/site-packages/httpx/_transports/default.py", line 118, in map_httpcore_exceptions
    raise mapped_exc(message) from exc
httpx.ReadTimeout
2026-08-19 20:33:18,188 src.backend_client ERROR Se agotaron los reintentos para el frame 630
2026-08-19 20:33:18,189 vision INFO frame=630 detectados=12 enviado=False
2026-08-19 20:33:25,783 httpx INFO HTTP Request: POST http://localhost:8000/api/v1/eventos/ingest "HTTP/1.1 201 Created"
2026-08-19 20:33:25,785 vision INFO frame=660 detectados=10 enviado=True
2026-08-19 20:33:31,619 httpx INFO HTTP Request: POST http://localhost:8000/api/v1/eventos/ingest "HTTP/1.1 201 Created"
2026-08-19 20:33:31,621 vision INFO frame=690 detectados=9 enviado=True
2026-08-19 20:33:38,273 httpx INFO HTTP Request: POST http://localhost:8000/api/v1/eventos/ingest "HTTP/1.1 201 Created"
2026-08-19 20:33:38,275 vision INFO frame=720 detectados=10 enviado=True
2026-08-19 20:33:43,950 httpx INFO HTTP Request: POST http://localhost:8000/api/v1/eventos/ingest "HTTP/1.1 201 Created"
2026-08-19 20:33:43,952 vision INFO frame=750 detectados=11 enviado=True
2026-08-19 20:33:49,722 httpx INFO HTTP Request: POST http://localhost:8000/api/v1/eventos/ingest "HTTP/1.1 201 Created"
2026-08-19 20:33:49,724 vision INFO frame=780 detectados=10 enviado=True
2026-08-19 20:33:56,193 httpx INFO HTTP Request: POST http://localhost:8000/api/v1/eventos/ingest "HTTP/1.1 201 Created"
2026-08-19 20:33:56,195 vision INFO frame=810 detectados=16 enviado=True
2026-08-19 20:34:02,766 httpx INFO HTTP Request: POST http://localhost:8000/api/v1/eventos/ingest "HTTP/1.1 201 Created"
2026-08-19 20:34:02,767 vision INFO frame=840 detectados=12 enviado=True
2026-08-19 20:34:08,723 httpx INFO HTTP Request: POST http://localhost:8000/api/v1/eventos/ingest "HTTP/1.1 201 Created"
2026-08-19 20:34:08,725 vision INFO frame=870 detectados=5 enviado=True
2026-08-19 20:34:14,727 httpx INFO HTTP Request: POST http://localhost:8000/api/v1/eventos/ingest "HTTP/1.1 201 Created"
2026-08-19 20:34:14,728 vision INFO frame=900 detectados=10 enviado=True
2026-08-19 20:34:23,625 httpx INFO HTTP Request: POST http://localhost:8000/api/v1/eventos/ingest "HTTP/1.1 201 Created"
2026-08-19 20:34:23,626 vision INFO frame=930 detectados=14 enviado=True
2026-08-19 20:34:32,273 httpx INFO HTTP Request: POST http://localhost:8000/api/v1/eventos/ingest "HTTP/1.1 201 Created"
2026-08-19 20:34:32,275 vision INFO frame=960 detectados=11 enviado=True
2026-08-19 20:34:41,896 httpx INFO HTTP Request: POST http://localhost:8000/api/v1/eventos/ingest "HTTP/1.1 201 Created"
2026-08-19 20:34:41,897 vision INFO frame=990 detectados=7 enviado=True
2026-08-19 20:34:53,135 src.backend_client ERROR Fallo al enviar evento frame 1020
Traceback (most recent call last):
  File "/home/raftlee/Documentos/Workspace/prototipo-vigia/vision/.venv/lib/python3.12/site-packages/httpx/_transports/default.py", line 101, in map_httpcore_exceptions
    yield
  File "/home/raftlee/Documentos/Workspace/prototipo-vigia/vision/.venv/lib/python3.12/site-packages/httpx/_transports/default.py", line 394, in handle_async_request
    resp = await self._pool.handle_async_request(req)
           ^^^^^^^^^^^^^^^^^^^^^^^^^^^^^^^^^^^^^^^^^^
  File "/home/raftlee/Documentos/Workspace/prototipo-vigia/vision/.venv/lib/python3.12/site-packages/httpcore/_async/connection_pool.py", line 256, in handle_async_request
    raise exc from None
  File "/home/raftlee/Documentos/Workspace/prototipo-vigia/vision/.venv/lib/python3.12/site-packages/httpcore/_async/connection_pool.py", line 236, in handle_async_request
    response = await connection.handle_async_request(
               ^^^^^^^^^^^^^^^^^^^^^^^^^^^^^^^^^^^^^^
  File "/home/raftlee/Documentos/Workspace/prototipo-vigia/vision/.venv/lib/python3.12/site-packages/httpcore/_async/connection.py", line 103, in handle_async_request
    return await self._connection.handle_async_request(request)
           ^^^^^^^^^^^^^^^^^^^^^^^^^^^^^^^^^^^^^^^^^^^^^^^^^^^^
  File "/home/raftlee/Documentos/Workspace/prototipo-vigia/vision/.venv/lib/python3.12/site-packages/httpcore/_async/http11.py", line 136, in handle_async_request
    raise exc
  File "/home/raftlee/Documentos/Workspace/prototipo-vigia/vision/.venv/lib/python3.12/site-packages/httpcore/_async/http11.py", line 106, in handle_async_request
    ) = await self._receive_response_headers(**kwargs)
        ^^^^^^^^^^^^^^^^^^^^^^^^^^^^^^^^^^^^^^^^^^^^^^
  File "/home/raftlee/Documentos/Workspace/prototipo-vigia/vision/.venv/lib/python3.12/site-packages/httpcore/_async/http11.py", line 177, in _receive_response_headers
    event = await self._receive_event(timeout=timeout)
            ^^^^^^^^^^^^^^^^^^^^^^^^^^^^^^^^^^^^^^^^^^
  File "/home/raftlee/Documentos/Workspace/prototipo-vigia/vision/.venv/lib/python3.12/site-packages/httpcore/_async/http11.py", line 217, in _receive_event
    data = await self._network_stream.read(
           ^^^^^^^^^^^^^^^^^^^^^^^^^^^^^^^^
  File "/home/raftlee/Documentos/Workspace/prototipo-vigia/vision/.venv/lib/python3.12/site-packages/httpcore/_backends/anyio.py", line 32, in read
    with map_exceptions(exc_map):
  File "/usr/lib/python3.12/contextlib.py", line 158, in __exit__
    self.gen.throw(value)
  File "/home/raftlee/Documentos/Workspace/prototipo-vigia/vision/.venv/lib/python3.12/site-packages/httpcore/_exceptions.py", line 14, in map_exceptions
    raise to_exc(exc) from exc
httpcore.ReadTimeout

The above exception was the direct cause of the following exception:

Traceback (most recent call last):
  File "/home/raftlee/Documentos/Workspace/prototipo-vigia/vision/src/backend_client.py", line 19, in enviar
    resp = await client.post(self.url, json=evento)
           ^^^^^^^^^^^^^^^^^^^^^^^^^^^^^^^^^^^^^^^^
  File "/home/raftlee/Documentos/Workspace/prototipo-vigia/vision/.venv/lib/python3.12/site-packages/httpx/_client.py", line 1859, in post
    return await self.request(
           ^^^^^^^^^^^^^^^^^^^
  File "/home/raftlee/Documentos/Workspace/prototipo-vigia/vision/.venv/lib/python3.12/site-packages/httpx/_client.py", line 1540, in request
    return await self.send(request, auth=auth, follow_redirects=follow_redirects)
           ^^^^^^^^^^^^^^^^^^^^^^^^^^^^^^^^^^^^^^^^^^^^^^^^^^^^^^^^^^^^^^^^^^^^^^
  File "/home/raftlee/Documentos/Workspace/prototipo-vigia/vision/.venv/lib/python3.12/site-packages/httpx/_client.py", line 1629, in send
    response = await self._send_handling_auth(
               ^^^^^^^^^^^^^^^^^^^^^^^^^^^^^^^
  File "/home/raftlee/Documentos/Workspace/prototipo-vigia/vision/.venv/lib/python3.12/site-packages/httpx/_client.py", line 1657, in _send_handling_auth
    response = await self._send_handling_redirects(
               ^^^^^^^^^^^^^^^^^^^^^^^^^^^^^^^^^^^^
  File "/home/raftlee/Documentos/Workspace/prototipo-vigia/vision/.venv/lib/python3.12/site-packages/httpx/_client.py", line 1694, in _send_handling_redirects
    response = await self._send_single_request(request)
               ^^^^^^^^^^^^^^^^^^^^^^^^^^^^^^^^^^^^^^^^
  File "/home/raftlee/Documentos/Workspace/prototipo-vigia/vision/.venv/lib/python3.12/site-packages/httpx/_client.py", line 1730, in _send_single_request
    response = await transport.handle_async_request(request)
               ^^^^^^^^^^^^^^^^^^^^^^^^^^^^^^^^^^^^^^^^^^^^^
  File "/home/raftlee/Documentos/Workspace/prototipo-vigia/vision/.venv/lib/python3.12/site-packages/httpx/_transports/default.py", line 393, in handle_async_request
    with map_httpcore_exceptions():
  File "/usr/lib/python3.12/contextlib.py", line 158, in __exit__
    self.gen.throw(value)
  File "/home/raftlee/Documentos/Workspace/prototipo-vigia/vision/.venv/lib/python3.12/site-packages/httpx/_transports/default.py", line 118, in map_httpcore_exceptions
    raise mapped_exc(message) from exc
httpx.ReadTimeout
2026-08-19 20:35:05,165 src.backend_client ERROR Fallo al enviar evento frame 1020
Traceback (most recent call last):
  File "/home/raftlee/Documentos/Workspace/prototipo-vigia/vision/.venv/lib/python3.12/site-packages/httpx/_transports/default.py", line 101, in map_httpcore_exceptions
    yield
  File "/home/raftlee/Documentos/Workspace/prototipo-vigia/vision/.venv/lib/python3.12/site-packages/httpx/_transports/default.py", line 394, in handle_async_request
    resp = await self._pool.handle_async_request(req)
           ^^^^^^^^^^^^^^^^^^^^^^^^^^^^^^^^^^^^^^^^^^
  File "/home/raftlee/Documentos/Workspace/prototipo-vigia/vision/.venv/lib/python3.12/site-packages/httpcore/_async/connection_pool.py", line 256, in handle_async_request
    raise exc from None
  File "/home/raftlee/Documentos/Workspace/prototipo-vigia/vision/.venv/lib/python3.12/site-packages/httpcore/_async/connection_pool.py", line 236, in handle_async_request
    response = await connection.handle_async_request(
               ^^^^^^^^^^^^^^^^^^^^^^^^^^^^^^^^^^^^^^
  File "/home/raftlee/Documentos/Workspace/prototipo-vigia/vision/.venv/lib/python3.12/site-packages/httpcore/_async/connection.py", line 103, in handle_async_request
    return await self._connection.handle_async_request(request)
           ^^^^^^^^^^^^^^^^^^^^^^^^^^^^^^^^^^^^^^^^^^^^^^^^^^^^
  File "/home/raftlee/Documentos/Workspace/prototipo-vigia/vision/.venv/lib/python3.12/site-packages/httpcore/_async/http11.py", line 136, in handle_async_request
    raise exc
  File "/home/raftlee/Documentos/Workspace/prototipo-vigia/vision/.venv/lib/python3.12/site-packages/httpcore/_async/http11.py", line 106, in handle_async_request
    ) = await self._receive_response_headers(**kwargs)
        ^^^^^^^^^^^^^^^^^^^^^^^^^^^^^^^^^^^^^^^^^^^^^^
  File "/home/raftlee/Documentos/Workspace/prototipo-vigia/vision/.venv/lib/python3.12/site-packages/httpcore/_async/http11.py", line 177, in _receive_response_headers
    event = await self._receive_event(timeout=timeout)
            ^^^^^^^^^^^^^^^^^^^^^^^^^^^^^^^^^^^^^^^^^^
  File "/home/raftlee/Documentos/Workspace/prototipo-vigia/vision/.venv/lib/python3.12/site-packages/httpcore/_async/http11.py", line 217, in _receive_event
    data = await self._network_stream.read(
           ^^^^^^^^^^^^^^^^^^^^^^^^^^^^^^^^
  File "/home/raftlee/Documentos/Workspace/prototipo-vigia/vision/.venv/lib/python3.12/site-packages/httpcore/_backends/anyio.py", line 32, in read
    with map_exceptions(exc_map):
  File "/usr/lib/python3.12/contextlib.py", line 158, in __exit__
    self.gen.throw(value)
  File "/home/raftlee/Documentos/Workspace/prototipo-vigia/vision/.venv/lib/python3.12/site-packages/httpcore/_exceptions.py", line 14, in map_exceptions
    raise to_exc(exc) from exc
httpcore.ReadTimeout

The above exception was the direct cause of the following exception:

Traceback (most recent call last):
  File "/home/raftlee/Documentos/Workspace/prototipo-vigia/vision/src/backend_client.py", line 19, in enviar
    resp = await client.post(self.url, json=evento)
           ^^^^^^^^^^^^^^^^^^^^^^^^^^^^^^^^^^^^^^^^
  File "/home/raftlee/Documentos/Workspace/prototipo-vigia/vision/.venv/lib/python3.12/site-packages/httpx/_client.py", line 1859, in post
    return await self.request(
           ^^^^^^^^^^^^^^^^^^^
  File "/home/raftlee/Documentos/Workspace/prototipo-vigia/vision/.venv/lib/python3.12/site-packages/httpx/_client.py", line 1540, in request
    return await self.send(request, auth=auth, follow_redirects=follow_redirects)
           ^^^^^^^^^^^^^^^^^^^^^^^^^^^^^^^^^^^^^^^^^^^^^^^^^^^^^^^^^^^^^^^^^^^^^^
  File "/home/raftlee/Documentos/Workspace/prototipo-vigia/vision/.venv/lib/python3.12/site-packages/httpx/_client.py", line 1629, in send
    response = await self._send_handling_auth(
               ^^^^^^^^^^^^^^^^^^^^^^^^^^^^^^^
  File "/home/raftlee/Documentos/Workspace/prototipo-vigia/vision/.venv/lib/python3.12/site-packages/httpx/_client.py", line 1657, in _send_handling_auth
    response = await self._send_handling_redirects(
               ^^^^^^^^^^^^^^^^^^^^^^^^^^^^^^^^^^^^
  File "/home/raftlee/Documentos/Workspace/prototipo-vigia/vision/.venv/lib/python3.12/site-packages/httpx/_client.py", line 1694, in _send_handling_redirects
    response = await self._send_single_request(request)
               ^^^^^^^^^^^^^^^^^^^^^^^^^^^^^^^^^^^^^^^^
  File "/home/raftlee/Documentos/Workspace/prototipo-vigia/vision/.venv/lib/python3.12/site-packages/httpx/_client.py", line 1730, in _send_single_request
    response = await transport.handle_async_request(request)
               ^^^^^^^^^^^^^^^^^^^^^^^^^^^^^^^^^^^^^^^^^^^^^
  File "/home/raftlee/Documentos/Workspace/prototipo-vigia/vision/.venv/lib/python3.12/site-packages/httpx/_transports/default.py", line 393, in handle_async_request
    with map_httpcore_exceptions():
  File "/usr/lib/python3.12/contextlib.py", line 158, in __exit__
    self.gen.throw(value)
  File "/home/raftlee/Documentos/Workspace/prototipo-vigia/vision/.venv/lib/python3.12/site-packages/httpx/_transports/default.py", line 118, in map_httpcore_exceptions
    raise mapped_exc(message) from exc
httpx.ReadTimeout
2026-08-19 20:35:19,212 src.backend_client ERROR Fallo al enviar evento frame 1020
Traceback (most recent call last):
  File "/home/raftlee/Documentos/Workspace/prototipo-vigia/vision/.venv/lib/python3.12/site-packages/httpx/_transports/default.py", line 101, in map_httpcore_exceptions
    yield
  File "/home/raftlee/Documentos/Workspace/prototipo-vigia/vision/.venv/lib/python3.12/site-packages/httpx/_transports/default.py", line 394, in handle_async_request
    resp = await self._pool.handle_async_request(req)
           ^^^^^^^^^^^^^^^^^^^^^^^^^^^^^^^^^^^^^^^^^^
  File "/home/raftlee/Documentos/Workspace/prototipo-vigia/vision/.venv/lib/python3.12/site-packages/httpcore/_async/connection_pool.py", line 256, in handle_async_request
    raise exc from None
  File "/home/raftlee/Documentos/Workspace/prototipo-vigia/vision/.venv/lib/python3.12/site-packages/httpcore/_async/connection_pool.py", line 236, in handle_async_request
    response = await connection.handle_async_request(
               ^^^^^^^^^^^^^^^^^^^^^^^^^^^^^^^^^^^^^^
  File "/home/raftlee/Documentos/Workspace/prototipo-vigia/vision/.venv/lib/python3.12/site-packages/httpcore/_async/connection.py", line 103, in handle_async_request
    return await self._connection.handle_async_request(request)
           ^^^^^^^^^^^^^^^^^^^^^^^^^^^^^^^^^^^^^^^^^^^^^^^^^^^^
  File "/home/raftlee/Documentos/Workspace/prototipo-vigia/vision/.venv/lib/python3.12/site-packages/httpcore/_async/http11.py", line 136, in handle_async_request
    raise exc
  File "/home/raftlee/Documentos/Workspace/prototipo-vigia/vision/.venv/lib/python3.12/site-packages/httpcore/_async/http11.py", line 106, in handle_async_request
    ) = await self._receive_response_headers(**kwargs)
        ^^^^^^^^^^^^^^^^^^^^^^^^^^^^^^^^^^^^^^^^^^^^^^
  File "/home/raftlee/Documentos/Workspace/prototipo-vigia/vision/.venv/lib/python3.12/site-packages/httpcore/_async/http11.py", line 177, in _receive_response_headers
    event = await self._receive_event(timeout=timeout)
            ^^^^^^^^^^^^^^^^^^^^^^^^^^^^^^^^^^^^^^^^^^
  File "/home/raftlee/Documentos/Workspace/prototipo-vigia/vision/.venv/lib/python3.12/site-packages/httpcore/_async/http11.py", line 217, in _receive_event
    data = await self._network_stream.read(
           ^^^^^^^^^^^^^^^^^^^^^^^^^^^^^^^^
  File "/home/raftlee/Documentos/Workspace/prototipo-vigia/vision/.venv/lib/python3.12/site-packages/httpcore/_backends/anyio.py", line 32, in read
    with map_exceptions(exc_map):
  File "/usr/lib/python3.12/contextlib.py", line 158, in __exit__
    self.gen.throw(value)
  File "/home/raftlee/Documentos/Workspace/prototipo-vigia/vision/.venv/lib/python3.12/site-packages/httpcore/_exceptions.py", line 14, in map_exceptions
    raise to_exc(exc) from exc
httpcore.ReadTimeout

The above exception was the direct cause of the following exception:

Traceback (most recent call last):
  File "/home/raftlee/Documentos/Workspace/prototipo-vigia/vision/src/backend_client.py", line 19, in enviar
    resp = await client.post(self.url, json=evento)
           ^^^^^^^^^^^^^^^^^^^^^^^^^^^^^^^^^^^^^^^^
  File "/home/raftlee/Documentos/Workspace/prototipo-vigia/vision/.venv/lib/python3.12/site-packages/httpx/_client.py", line 1859, in post
    return await self.request(
           ^^^^^^^^^^^^^^^^^^^
  File "/home/raftlee/Documentos/Workspace/prototipo-vigia/vision/.venv/lib/python3.12/site-packages/httpx/_client.py", line 1540, in request
    return await self.send(request, auth=auth, follow_redirects=follow_redirects)
           ^^^^^^^^^^^^^^^^^^^^^^^^^^^^^^^^^^^^^^^^^^^^^^^^^^^^^^^^^^^^^^^^^^^^^^
  File "/home/raftlee/Documentos/Workspace/prototipo-vigia/vision/.venv/lib/python3.12/site-packages/httpx/_client.py", line 1629, in send
    response = await self._send_handling_auth(
               ^^^^^^^^^^^^^^^^^^^^^^^^^^^^^^^
  File "/home/raftlee/Documentos/Workspace/prototipo-vigia/vision/.venv/lib/python3.12/site-packages/httpx/_client.py", line 1657, in _send_handling_auth
    response = await self._send_handling_redirects(
               ^^^^^^^^^^^^^^^^^^^^^^^^^^^^^^^^^^^^
  File "/home/raftlee/Documentos/Workspace/prototipo-vigia/vision/.venv/lib/python3.12/site-packages/httpx/_client.py", line 1694, in _send_handling_redirects
    response = await self._send_single_request(request)
               ^^^^^^^^^^^^^^^^^^^^^^^^^^^^^^^^^^^^^^^^
  File "/home/raftlee/Documentos/Workspace/prototipo-vigia/vision/.venv/lib/python3.12/site-packages/httpx/_client.py", line 1730, in _send_single_request
    response = await transport.handle_async_request(request)
               ^^^^^^^^^^^^^^^^^^^^^^^^^^^^^^^^^^^^^^^^^^^^^
  File "/home/raftlee/Documentos/Workspace/prototipo-vigia/vision/.venv/lib/python3.12/site-packages/httpx/_transports/default.py", line 393, in handle_async_request
    with map_httpcore_exceptions():
  File "/usr/lib/python3.12/contextlib.py", line 158, in __exit__
    self.gen.throw(value)
  File "/home/raftlee/Documentos/Workspace/prototipo-vigia/vision/.venv/lib/python3.12/site-packages/httpx/_transports/default.py", line 118, in map_httpcore_exceptions
    raise mapped_exc(message) from exc
httpx.ReadTimeout
2026-08-19 20:35:27,214 src.backend_client ERROR Se agotaron los reintentos para el frame 1020
2026-08-19 20:35:27,215 vision INFO frame=1020 detectados=7 enviado=False
2026-08-19 20:35:38,865 src.backend_client ERROR Fallo al enviar evento frame 1050
Traceback (most recent call last):
  File "/home/raftlee/Documentos/Workspace/prototipo-vigia/vision/.venv/lib/python3.12/site-packages/httpx/_transports/default.py", line 101, in map_httpcore_exceptions
    yield
  File "/home/raftlee/Documentos/Workspace/prototipo-vigia/vision/.venv/lib/python3.12/site-packages/httpx/_transports/default.py", line 394, in handle_async_request
    resp = await self._pool.handle_async_request(req)
           ^^^^^^^^^^^^^^^^^^^^^^^^^^^^^^^^^^^^^^^^^^
  File "/home/raftlee/Documentos/Workspace/prototipo-vigia/vision/.venv/lib/python3.12/site-packages/httpcore/_async/connection_pool.py", line 256, in handle_async_request
    raise exc from None
  File "/home/raftlee/Documentos/Workspace/prototipo-vigia/vision/.venv/lib/python3.12/site-packages/httpcore/_async/connection_pool.py", line 236, in handle_async_request
    response = await connection.handle_async_request(
               ^^^^^^^^^^^^^^^^^^^^^^^^^^^^^^^^^^^^^^
  File "/home/raftlee/Documentos/Workspace/prototipo-vigia/vision/.venv/lib/python3.12/site-packages/httpcore/_async/connection.py", line 103, in handle_async_request
    return await self._connection.handle_async_request(request)
           ^^^^^^^^^^^^^^^^^^^^^^^^^^^^^^^^^^^^^^^^^^^^^^^^^^^^
  File "/home/raftlee/Documentos/Workspace/prototipo-vigia/vision/.venv/lib/python3.12/site-packages/httpcore/_async/http11.py", line 136, in handle_async_request
    raise exc
  File "/home/raftlee/Documentos/Workspace/prototipo-vigia/vision/.venv/lib/python3.12/site-packages/httpcore/_async/http11.py", line 106, in handle_async_request
    ) = await self._receive_response_headers(**kwargs)
        ^^^^^^^^^^^^^^^^^^^^^^^^^^^^^^^^^^^^^^^^^^^^^^
  File "/home/raftlee/Documentos/Workspace/prototipo-vigia/vision/.venv/lib/python3.12/site-packages/httpcore/_async/http11.py", line 177, in _receive_response_headers
    event = await self._receive_event(timeout=timeout)
            ^^^^^^^^^^^^^^^^^^^^^^^^^^^^^^^^^^^^^^^^^^
  File "/home/raftlee/Documentos/Workspace/prototipo-vigia/vision/.venv/lib/python3.12/site-packages/httpcore/_async/http11.py", line 217, in _receive_event
    data = await self._network_stream.read(
           ^^^^^^^^^^^^^^^^^^^^^^^^^^^^^^^^
  File "/home/raftlee/Documentos/Workspace/prototipo-vigia/vision/.venv/lib/python3.12/site-packages/httpcore/_backends/anyio.py", line 32, in read
    with map_exceptions(exc_map):
  File "/usr/lib/python3.12/contextlib.py", line 158, in __exit__
    self.gen.throw(value)
  File "/home/raftlee/Documentos/Workspace/prototipo-vigia/vision/.venv/lib/python3.12/site-packages/httpcore/_exceptions.py", line 14, in map_exceptions
    raise to_exc(exc) from exc
httpcore.ReadTimeout

The above exception was the direct cause of the following exception:

Traceback (most recent call last):
  File "/home/raftlee/Documentos/Workspace/prototipo-vigia/vision/src/backend_client.py", line 19, in enviar
    resp = await client.post(self.url, json=evento)
           ^^^^^^^^^^^^^^^^^^^^^^^^^^^^^^^^^^^^^^^^
  File "/home/raftlee/Documentos/Workspace/prototipo-vigia/vision/.venv/lib/python3.12/site-packages/httpx/_client.py", line 1859, in post
    return await self.request(
           ^^^^^^^^^^^^^^^^^^^
  File "/home/raftlee/Documentos/Workspace/prototipo-vigia/vision/.venv/lib/python3.12/site-packages/httpx/_client.py", line 1540, in request
    return await self.send(request, auth=auth, follow_redirects=follow_redirects)
           ^^^^^^^^^^^^^^^^^^^^^^^^^^^^^^^^^^^^^^^^^^^^^^^^^^^^^^^^^^^^^^^^^^^^^^
  File "/home/raftlee/Documentos/Workspace/prototipo-vigia/vision/.venv/lib/python3.12/site-packages/httpx/_client.py", line 1629, in send
    response = await self._send_handling_auth(
               ^^^^^^^^^^^^^^^^^^^^^^^^^^^^^^^
  File "/home/raftlee/Documentos/Workspace/prototipo-vigia/vision/.venv/lib/python3.12/site-packages/httpx/_client.py", line 1657, in _send_handling_auth
    response = await self._send_handling_redirects(
               ^^^^^^^^^^^^^^^^^^^^^^^^^^^^^^^^^^^^
  File "/home/raftlee/Documentos/Workspace/prototipo-vigia/vision/.venv/lib/python3.12/site-packages/httpx/_client.py", line 1694, in _send_handling_redirects
    response = await self._send_single_request(request)
               ^^^^^^^^^^^^^^^^^^^^^^^^^^^^^^^^^^^^^^^^
  File "/home/raftlee/Documentos/Workspace/prototipo-vigia/vision/.venv/lib/python3.12/site-packages/httpx/_client.py", line 1730, in _send_single_request
    response = await transport.handle_async_request(request)
               ^^^^^^^^^^^^^^^^^^^^^^^^^^^^^^^^^^^^^^^^^^^^^
  File "/home/raftlee/Documentos/Workspace/prototipo-vigia/vision/.venv/lib/python3.12/site-packages/httpx/_transports/default.py", line 393, in handle_async_request
    with map_httpcore_exceptions():
  File "/usr/lib/python3.12/contextlib.py", line 158, in __exit__
    self.gen.throw(value)
  File "/home/raftlee/Documentos/Workspace/prototipo-vigia/vision/.venv/lib/python3.12/site-packages/httpx/_transports/default.py", line 118, in map_httpcore_exceptions
    raise mapped_exc(message) from exc
httpx.ReadTimeout
2026-08-19 20:35:50,895 src.backend_client ERROR Fallo al enviar evento frame 1050
Traceback (most recent call last):
  File "/home/raftlee/Documentos/Workspace/prototipo-vigia/vision/.venv/lib/python3.12/site-packages/httpx/_transports/default.py", line 101, in map_httpcore_exceptions
    yield
  File "/home/raftlee/Documentos/Workspace/prototipo-vigia/vision/.venv/lib/python3.12/site-packages/httpx/_transports/default.py", line 394, in handle_async_request
    resp = await self._pool.handle_async_request(req)
           ^^^^^^^^^^^^^^^^^^^^^^^^^^^^^^^^^^^^^^^^^^
  File "/home/raftlee/Documentos/Workspace/prototipo-vigia/vision/.venv/lib/python3.12/site-packages/httpcore/_async/connection_pool.py", line 256, in handle_async_request
    raise exc from None
  File "/home/raftlee/Documentos/Workspace/prototipo-vigia/vision/.venv/lib/python3.12/site-packages/httpcore/_async/connection_pool.py", line 236, in handle_async_request
    response = await connection.handle_async_request(
               ^^^^^^^^^^^^^^^^^^^^^^^^^^^^^^^^^^^^^^
  File "/home/raftlee/Documentos/Workspace/prototipo-vigia/vision/.venv/lib/python3.12/site-packages/httpcore/_async/connection.py", line 103, in handle_async_request
    return await self._connection.handle_async_request(request)
           ^^^^^^^^^^^^^^^^^^^^^^^^^^^^^^^^^^^^^^^^^^^^^^^^^^^^
  File "/home/raftlee/Documentos/Workspace/prototipo-vigia/vision/.venv/lib/python3.12/site-packages/httpcore/_async/http11.py", line 136, in handle_async_request
    raise exc
  File "/home/raftlee/Documentos/Workspace/prototipo-vigia/vision/.venv/lib/python3.12/site-packages/httpcore/_async/http11.py", line 106, in handle_async_request
    ) = await self._receive_response_headers(**kwargs)
        ^^^^^^^^^^^^^^^^^^^^^^^^^^^^^^^^^^^^^^^^^^^^^^
  File "/home/raftlee/Documentos/Workspace/prototipo-vigia/vision/.venv/lib/python3.12/site-packages/httpcore/_async/http11.py", line 177, in _receive_response_headers
    event = await self._receive_event(timeout=timeout)
            ^^^^^^^^^^^^^^^^^^^^^^^^^^^^^^^^^^^^^^^^^^
  File "/home/raftlee/Documentos/Workspace/prototipo-vigia/vision/.venv/lib/python3.12/site-packages/httpcore/_async/http11.py", line 217, in _receive_event
    data = await self._network_stream.read(
           ^^^^^^^^^^^^^^^^^^^^^^^^^^^^^^^^
  File "/home/raftlee/Documentos/Workspace/prototipo-vigia/vision/.venv/lib/python3.12/site-packages/httpcore/_backends/anyio.py", line 32, in read
    with map_exceptions(exc_map):
  File "/usr/lib/python3.12/contextlib.py", line 158, in __exit__
    self.gen.throw(value)
  File "/home/raftlee/Documentos/Workspace/prototipo-vigia/vision/.venv/lib/python3.12/site-packages/httpcore/_exceptions.py", line 14, in map_exceptions
    raise to_exc(exc) from exc
httpcore.ReadTimeout

The above exception was the direct cause of the following exception:

Traceback (most recent call last):
  File "/home/raftlee/Documentos/Workspace/prototipo-vigia/vision/src/backend_client.py", line 19, in enviar
    resp = await client.post(self.url, json=evento)
           ^^^^^^^^^^^^^^^^^^^^^^^^^^^^^^^^^^^^^^^^
  File "/home/raftlee/Documentos/Workspace/prototipo-vigia/vision/.venv/lib/python3.12/site-packages/httpx/_client.py", line 1859, in post
    return await self.request(
           ^^^^^^^^^^^^^^^^^^^
  File "/home/raftlee/Documentos/Workspace/prototipo-vigia/vision/.venv/lib/python3.12/site-packages/httpx/_client.py", line 1540, in request
    return await self.send(request, auth=auth, follow_redirects=follow_redirects)
           ^^^^^^^^^^^^^^^^^^^^^^^^^^^^^^^^^^^^^^^^^^^^^^^^^^^^^^^^^^^^^^^^^^^^^^
  File "/home/raftlee/Documentos/Workspace/prototipo-vigia/vision/.venv/lib/python3.12/site-packages/httpx/_client.py", line 1629, in send
    response = await self._send_handling_auth(
               ^^^^^^^^^^^^^^^^^^^^^^^^^^^^^^^
  File "/home/raftlee/Documentos/Workspace/prototipo-vigia/vision/.venv/lib/python3.12/site-packages/httpx/_client.py", line 1657, in _send_handling_auth
    response = await self._send_handling_redirects(
               ^^^^^^^^^^^^^^^^^^^^^^^^^^^^^^^^^^^^
  File "/home/raftlee/Documentos/Workspace/prototipo-vigia/vision/.venv/lib/python3.12/site-packages/httpx/_client.py", line 1694, in _send_handling_redirects
    response = await self._send_single_request(request)
               ^^^^^^^^^^^^^^^^^^^^^^^^^^^^^^^^^^^^^^^^
  File "/home/raftlee/Documentos/Workspace/prototipo-vigia/vision/.venv/lib/python3.12/site-packages/httpx/_client.py", line 1730, in _send_single_request
    response = await transport.handle_async_request(request)
               ^^^^^^^^^^^^^^^^^^^^^^^^^^^^^^^^^^^^^^^^^^^^^
  File "/home/raftlee/Documentos/Workspace/prototipo-vigia/vision/.venv/lib/python3.12/site-packages/httpx/_transports/default.py", line 393, in handle_async_request
    with map_httpcore_exceptions():
  File "/usr/lib/python3.12/contextlib.py", line 158, in __exit__
    self.gen.throw(value)
  File "/home/raftlee/Documentos/Workspace/prototipo-vigia/vision/.venv/lib/python3.12/site-packages/httpx/_transports/default.py", line 118, in map_httpcore_exceptions
    raise mapped_exc(message) from exc
httpx.ReadTimeout
2026-08-19 20:36:04,925 src.backend_client ERROR Fallo al enviar evento frame 1050
Traceback (most recent call last):
  File "/home/raftlee/Documentos/Workspace/prototipo-vigia/vision/.venv/lib/python3.12/site-packages/httpx/_transports/default.py", line 101, in map_httpcore_exceptions
    yield
  File "/home/raftlee/Documentos/Workspace/prototipo-vigia/vision/.venv/lib/python3.12/site-packages/httpx/_transports/default.py", line 394, in handle_async_request
    resp = await self._pool.handle_async_request(req)
           ^^^^^^^^^^^^^^^^^^^^^^^^^^^^^^^^^^^^^^^^^^
  File "/home/raftlee/Documentos/Workspace/prototipo-vigia/vision/.venv/lib/python3.12/site-packages/httpcore/_async/connection_pool.py", line 256, in handle_async_request
    raise exc from None
  File "/home/raftlee/Documentos/Workspace/prototipo-vigia/vision/.venv/lib/python3.12/site-packages/httpcore/_async/connection_pool.py", line 236, in handle_async_request
    response = await connection.handle_async_request(
               ^^^^^^^^^^^^^^^^^^^^^^^^^^^^^^^^^^^^^^
  File "/home/raftlee/Documentos/Workspace/prototipo-vigia/vision/.venv/lib/python3.12/site-packages/httpcore/_async/connection.py", line 103, in handle_async_request
    return await self._connection.handle_async_request(request)
           ^^^^^^^^^^^^^^^^^^^^^^^^^^^^^^^^^^^^^^^^^^^^^^^^^^^^
  File "/home/raftlee/Documentos/Workspace/prototipo-vigia/vision/.venv/lib/python3.12/site-packages/httpcore/_async/http11.py", line 136, in handle_async_request
    raise exc
  File "/home/raftlee/Documentos/Workspace/prototipo-vigia/vision/.venv/lib/python3.12/site-packages/httpcore/_async/http11.py", line 106, in handle_async_request
    ) = await self._receive_response_headers(**kwargs)
        ^^^^^^^^^^^^^^^^^^^^^^^^^^^^^^^^^^^^^^^^^^^^^^
  File "/home/raftlee/Documentos/Workspace/prototipo-vigia/vision/.venv/lib/python3.12/site-packages/httpcore/_async/http11.py", line 177, in _receive_response_headers
    event = await self._receive_event(timeout=timeout)
            ^^^^^^^^^^^^^^^^^^^^^^^^^^^^^^^^^^^^^^^^^^
  File "/home/raftlee/Documentos/Workspace/prototipo-vigia/vision/.venv/lib/python3.12/site-packages/httpcore/_async/http11.py", line 217, in _receive_event
    data = await self._network_stream.read(
           ^^^^^^^^^^^^^^^^^^^^^^^^^^^^^^^^
  File "/home/raftlee/Documentos/Workspace/prototipo-vigia/vision/.venv/lib/python3.12/site-packages/httpcore/_backends/anyio.py", line 32, in read
    with map_exceptions(exc_map):
  File "/usr/lib/python3.12/contextlib.py", line 158, in __exit__
    self.gen.throw(value)
  File "/home/raftlee/Documentos/Workspace/prototipo-vigia/vision/.venv/lib/python3.12/site-packages/httpcore/_exceptions.py", line 14, in map_exceptions
    raise to_exc(exc) from exc
httpcore.ReadTimeout

The above exception was the direct cause of the following exception:

Traceback (most recent call last):
  File "/home/raftlee/Documentos/Workspace/prototipo-vigia/vision/src/backend_client.py", line 19, in enviar
    resp = await client.post(self.url, json=evento)
           ^^^^^^^^^^^^^^^^^^^^^^^^^^^^^^^^^^^^^^^^
  File "/home/raftlee/Documentos/Workspace/prototipo-vigia/vision/.venv/lib/python3.12/site-packages/httpx/_client.py", line 1859, in post
    return await self.request(
           ^^^^^^^^^^^^^^^^^^^
  File "/home/raftlee/Documentos/Workspace/prototipo-vigia/vision/.venv/lib/python3.12/site-packages/httpx/_client.py", line 1540, in request
    return await self.send(request, auth=auth, follow_redirects=follow_redirects)
           ^^^^^^^^^^^^^^^^^^^^^^^^^^^^^^^^^^^^^^^^^^^^^^^^^^^^^^^^^^^^^^^^^^^^^^
  File "/home/raftlee/Documentos/Workspace/prototipo-vigia/vision/.venv/lib/python3.12/site-packages/httpx/_client.py", line 1629, in send
    response = await self._send_handling_auth(
               ^^^^^^^^^^^^^^^^^^^^^^^^^^^^^^^
  File "/home/raftlee/Documentos/Workspace/prototipo-vigia/vision/.venv/lib/python3.12/site-packages/httpx/_client.py", line 1657, in _send_handling_auth
    response = await self._send_handling_redirects(
               ^^^^^^^^^^^^^^^^^^^^^^^^^^^^^^^^^^^^
  File "/home/raftlee/Documentos/Workspace/prototipo-vigia/vision/.venv/lib/python3.12/site-packages/httpx/_client.py", line 1694, in _send_handling_redirects
    response = await self._send_single_request(request)
               ^^^^^^^^^^^^^^^^^^^^^^^^^^^^^^^^^^^^^^^^
  File "/home/raftlee/Documentos/Workspace/prototipo-vigia/vision/.venv/lib/python3.12/site-packages/httpx/_client.py", line 1730, in _send_single_request
    response = await transport.handle_async_request(request)
               ^^^^^^^^^^^^^^^^^^^^^^^^^^^^^^^^^^^^^^^^^^^^^
  File "/home/raftlee/Documentos/Workspace/prototipo-vigia/vision/.venv/lib/python3.12/site-packages/httpx/_transports/default.py", line 393, in handle_async_request
    with map_httpcore_exceptions():
  File "/usr/lib/python3.12/contextlib.py", line 158, in __exit__
    self.gen.throw(value)
  File "/home/raftlee/Documentos/Workspace/prototipo-vigia/vision/.venv/lib/python3.12/site-packages/httpx/_transports/default.py", line 118, in map_httpcore_exceptions
    raise mapped_exc(message) from exc
httpx.ReadTimeout
2026-08-19 20:36:12,927 src.backend_client ERROR Se agotaron los reintentos para el frame 1050
2026-08-19 20:36:12,927 vision INFO frame=1050 detectados=9 enviado=False
2026-08-19 20:36:24,011 src.backend_client ERROR Fallo al enviar evento frame 1080
Traceback (most recent call last):
  File "/home/raftlee/Documentos/Workspace/prototipo-vigia/vision/.venv/lib/python3.12/site-packages/httpx/_transports/default.py", line 101, in map_httpcore_exceptions
    yield
  File "/home/raftlee/Documentos/Workspace/prototipo-vigia/vision/.venv/lib/python3.12/site-packages/httpx/_transports/default.py", line 394, in handle_async_request
    resp = await self._pool.handle_async_request(req)
           ^^^^^^^^^^^^^^^^^^^^^^^^^^^^^^^^^^^^^^^^^^
  File "/home/raftlee/Documentos/Workspace/prototipo-vigia/vision/.venv/lib/python3.12/site-packages/httpcore/_async/connection_pool.py", line 256, in handle_async_request
    raise exc from None
  File "/home/raftlee/Documentos/Workspace/prototipo-vigia/vision/.venv/lib/python3.12/site-packages/httpcore/_async/connection_pool.py", line 236, in handle_async_request
    response = await connection.handle_async_request(
               ^^^^^^^^^^^^^^^^^^^^^^^^^^^^^^^^^^^^^^
  File "/home/raftlee/Documentos/Workspace/prototipo-vigia/vision/.venv/lib/python3.12/site-packages/httpcore/_async/connection.py", line 103, in handle_async_request
    return await self._connection.handle_async_request(request)
           ^^^^^^^^^^^^^^^^^^^^^^^^^^^^^^^^^^^^^^^^^^^^^^^^^^^^
  File "/home/raftlee/Documentos/Workspace/prototipo-vigia/vision/.venv/lib/python3.12/site-packages/httpcore/_async/http11.py", line 136, in handle_async_request
    raise exc
  File "/home/raftlee/Documentos/Workspace/prototipo-vigia/vision/.venv/lib/python3.12/site-packages/httpcore/_async/http11.py", line 106, in handle_async_request
    ) = await self._receive_response_headers(**kwargs)
        ^^^^^^^^^^^^^^^^^^^^^^^^^^^^^^^^^^^^^^^^^^^^^^
  File "/home/raftlee/Documentos/Workspace/prototipo-vigia/vision/.venv/lib/python3.12/site-packages/httpcore/_async/http11.py", line 177, in _receive_response_headers
    event = await self._receive_event(timeout=timeout)
            ^^^^^^^^^^^^^^^^^^^^^^^^^^^^^^^^^^^^^^^^^^
  File "/home/raftlee/Documentos/Workspace/prototipo-vigia/vision/.venv/lib/python3.12/site-packages/httpcore/_async/http11.py", line 217, in _receive_event
    data = await self._network_stream.read(
           ^^^^^^^^^^^^^^^^^^^^^^^^^^^^^^^^
  File "/home/raftlee/Documentos/Workspace/prototipo-vigia/vision/.venv/lib/python3.12/site-packages/httpcore/_backends/anyio.py", line 32, in read
    with map_exceptions(exc_map):
  File "/usr/lib/python3.12/contextlib.py", line 158, in __exit__
    self.gen.throw(value)
  File "/home/raftlee/Documentos/Workspace/prototipo-vigia/vision/.venv/lib/python3.12/site-packages/httpcore/_exceptions.py", line 14, in map_exceptions
    raise to_exc(exc) from exc
httpcore.ReadTimeout

The above exception was the direct cause of the following exception:

Traceback (most recent call last):
  File "/home/raftlee/Documentos/Workspace/prototipo-vigia/vision/src/backend_client.py", line 19, in enviar
    resp = await client.post(self.url, json=evento)
           ^^^^^^^^^^^^^^^^^^^^^^^^^^^^^^^^^^^^^^^^
  File "/home/raftlee/Documentos/Workspace/prototipo-vigia/vision/.venv/lib/python3.12/site-packages/httpx/_client.py", line 1859, in post
    return await self.request(
           ^^^^^^^^^^^^^^^^^^^
  File "/home/raftlee/Documentos/Workspace/prototipo-vigia/vision/.venv/lib/python3.12/site-packages/httpx/_client.py", line 1540, in request
    return await self.send(request, auth=auth, follow_redirects=follow_redirects)
           ^^^^^^^^^^^^^^^^^^^^^^^^^^^^^^^^^^^^^^^^^^^^^^^^^^^^^^^^^^^^^^^^^^^^^^
  File "/home/raftlee/Documentos/Workspace/prototipo-vigia/vision/.venv/lib/python3.12/site-packages/httpx/_client.py", line 1629, in send
    response = await self._send_handling_auth(
               ^^^^^^^^^^^^^^^^^^^^^^^^^^^^^^^
  File "/home/raftlee/Documentos/Workspace/prototipo-vigia/vision/.venv/lib/python3.12/site-packages/httpx/_client.py", line 1657, in _send_handling_auth
    response = await self._send_handling_redirects(
               ^^^^^^^^^^^^^^^^^^^^^^^^^^^^^^^^^^^^
  File "/home/raftlee/Documentos/Workspace/prototipo-vigia/vision/.venv/lib/python3.12/site-packages/httpx/_client.py", line 1694, in _send_handling_redirects
    response = await self._send_single_request(request)
               ^^^^^^^^^^^^^^^^^^^^^^^^^^^^^^^^^^^^^^^^
  File "/home/raftlee/Documentos/Workspace/prototipo-vigia/vision/.venv/lib/python3.12/site-packages/httpx/_client.py", line 1730, in _send_single_request
    response = await transport.handle_async_request(request)
               ^^^^^^^^^^^^^^^^^^^^^^^^^^^^^^^^^^^^^^^^^^^^^
  File "/home/raftlee/Documentos/Workspace/prototipo-vigia/vision/.venv/lib/python3.12/site-packages/httpx/_transports/default.py", line 393, in handle_async_request
    with map_httpcore_exceptions():
  File "/usr/lib/python3.12/contextlib.py", line 158, in __exit__
    self.gen.throw(value)
  File "/home/raftlee/Documentos/Workspace/prototipo-vigia/vision/.venv/lib/python3.12/site-packages/httpx/_transports/default.py", line 118, in map_httpcore_exceptions
    raise mapped_exc(message) from exc
httpx.ReadTimeout
2026-08-19 20:36:36,048 src.backend_client ERROR Fallo al enviar evento frame 1080
Traceback (most recent call last):
  File "/home/raftlee/Documentos/Workspace/prototipo-vigia/vision/.venv/lib/python3.12/site-packages/httpx/_transports/default.py", line 101, in map_httpcore_exceptions
    yield
  File "/home/raftlee/Documentos/Workspace/prototipo-vigia/vision/.venv/lib/python3.12/site-packages/httpx/_transports/default.py", line 394, in handle_async_request
    resp = await self._pool.handle_async_request(req)
           ^^^^^^^^^^^^^^^^^^^^^^^^^^^^^^^^^^^^^^^^^^
  File "/home/raftlee/Documentos/Workspace/prototipo-vigia/vision/.venv/lib/python3.12/site-packages/httpcore/_async/connection_pool.py", line 256, in handle_async_request
    raise exc from None
  File "/home/raftlee/Documentos/Workspace/prototipo-vigia/vision/.venv/lib/python3.12/site-packages/httpcore/_async/connection_pool.py", line 236, in handle_async_request
    response = await connection.handle_async_request(
               ^^^^^^^^^^^^^^^^^^^^^^^^^^^^^^^^^^^^^^
  File "/home/raftlee/Documentos/Workspace/prototipo-vigia/vision/.venv/lib/python3.12/site-packages/httpcore/_async/connection.py", line 103, in handle_async_request
    return await self._connection.handle_async_request(request)
           ^^^^^^^^^^^^^^^^^^^^^^^^^^^^^^^^^^^^^^^^^^^^^^^^^^^^
  File "/home/raftlee/Documentos/Workspace/prototipo-vigia/vision/.venv/lib/python3.12/site-packages/httpcore/_async/http11.py", line 136, in handle_async_request
    raise exc
  File "/home/raftlee/Documentos/Workspace/prototipo-vigia/vision/.venv/lib/python3.12/site-packages/httpcore/_async/http11.py", line 106, in handle_async_request
    ) = await self._receive_response_headers(**kwargs)
        ^^^^^^^^^^^^^^^^^^^^^^^^^^^^^^^^^^^^^^^^^^^^^^
  File "/home/raftlee/Documentos/Workspace/prototipo-vigia/vision/.venv/lib/python3.12/site-packages/httpcore/_async/http11.py", line 177, in _receive_response_headers
    event = await self._receive_event(timeout=timeout)
            ^^^^^^^^^^^^^^^^^^^^^^^^^^^^^^^^^^^^^^^^^^
  File "/home/raftlee/Documentos/Workspace/prototipo-vigia/vision/.venv/lib/python3.12/site-packages/httpcore/_async/http11.py", line 217, in _receive_event
    data = await self._network_stream.read(
           ^^^^^^^^^^^^^^^^^^^^^^^^^^^^^^^^
  File "/home/raftlee/Documentos/Workspace/prototipo-vigia/vision/.venv/lib/python3.12/site-packages/httpcore/_backends/anyio.py", line 32, in read
    with map_exceptions(exc_map):
  File "/usr/lib/python3.12/contextlib.py", line 158, in __exit__
    self.gen.throw(value)
  File "/home/raftlee/Documentos/Workspace/prototipo-vigia/vision/.venv/lib/python3.12/site-packages/httpcore/_exceptions.py", line 14, in map_exceptions
    raise to_exc(exc) from exc
httpcore.ReadTimeout

The above exception was the direct cause of the following exception:

Traceback (most recent call last):
  File "/home/raftlee/Documentos/Workspace/prototipo-vigia/vision/src/backend_client.py", line 19, in enviar
    resp = await client.post(self.url, json=evento)
           ^^^^^^^^^^^^^^^^^^^^^^^^^^^^^^^^^^^^^^^^
  File "/home/raftlee/Documentos/Workspace/prototipo-vigia/vision/.venv/lib/python3.12/site-packages/httpx/_client.py", line 1859, in post
    return await self.request(
           ^^^^^^^^^^^^^^^^^^^
  File "/home/raftlee/Documentos/Workspace/prototipo-vigia/vision/.venv/lib/python3.12/site-packages/httpx/_client.py", line 1540, in request
    return await self.send(request, auth=auth, follow_redirects=follow_redirects)
           ^^^^^^^^^^^^^^^^^^^^^^^^^^^^^^^^^^^^^^^^^^^^^^^^^^^^^^^^^^^^^^^^^^^^^^
  File "/home/raftlee/Documentos/Workspace/prototipo-vigia/vision/.venv/lib/python3.12/site-packages/httpx/_client.py", line 1629, in send
    response = await self._send_handling_auth(
               ^^^^^^^^^^^^^^^^^^^^^^^^^^^^^^^
  File "/home/raftlee/Documentos/Workspace/prototipo-vigia/vision/.venv/lib/python3.12/site-packages/httpx/_client.py", line 1657, in _send_handling_auth
    response = await self._send_handling_redirects(
               ^^^^^^^^^^^^^^^^^^^^^^^^^^^^^^^^^^^^
  File "/home/raftlee/Documentos/Workspace/prototipo-vigia/vision/.venv/lib/python3.12/site-packages/httpx/_client.py", line 1694, in _send_handling_redirects
    response = await self._send_single_request(request)
               ^^^^^^^^^^^^^^^^^^^^^^^^^^^^^^^^^^^^^^^^
  File "/home/raftlee/Documentos/Workspace/prototipo-vigia/vision/.venv/lib/python3.12/site-packages/httpx/_client.py", line 1730, in _send_single_request
    response = await transport.handle_async_request(request)
               ^^^^^^^^^^^^^^^^^^^^^^^^^^^^^^^^^^^^^^^^^^^^^
  File "/home/raftlee/Documentos/Workspace/prototipo-vigia/vision/.venv/lib/python3.12/site-packages/httpx/_transports/default.py", line 393, in handle_async_request
    with map_httpcore_exceptions():
  File "/usr/lib/python3.12/contextlib.py", line 158, in __exit__
    self.gen.throw(value)
  File "/home/raftlee/Documentos/Workspace/prototipo-vigia/vision/.venv/lib/python3.12/site-packages/httpx/_transports/default.py", line 118, in map_httpcore_exceptions
    raise mapped_exc(message) from exc
httpx.ReadTimeout
2026-08-19 20:36:50,079 src.backend_client ERROR Fallo al enviar evento frame 1080
Traceback (most recent call last):
  File "/home/raftlee/Documentos/Workspace/prototipo-vigia/vision/.venv/lib/python3.12/site-packages/httpx/_transports/default.py", line 101, in map_httpcore_exceptions
    yield
  File "/home/raftlee/Documentos/Workspace/prototipo-vigia/vision/.venv/lib/python3.12/site-packages/httpx/_transports/default.py", line 394, in handle_async_request
    resp = await self._pool.handle_async_request(req)
           ^^^^^^^^^^^^^^^^^^^^^^^^^^^^^^^^^^^^^^^^^^
  File "/home/raftlee/Documentos/Workspace/prototipo-vigia/vision/.venv/lib/python3.12/site-packages/httpcore/_async/connection_pool.py", line 256, in handle_async_request
    raise exc from None
  File "/home/raftlee/Documentos/Workspace/prototipo-vigia/vision/.venv/lib/python3.12/site-packages/httpcore/_async/connection_pool.py", line 236, in handle_async_request
    response = await connection.handle_async_request(
               ^^^^^^^^^^^^^^^^^^^^^^^^^^^^^^^^^^^^^^
  File "/home/raftlee/Documentos/Workspace/prototipo-vigia/vision/.venv/lib/python3.12/site-packages/httpcore/_async/connection.py", line 103, in handle_async_request
    return await self._connection.handle_async_request(request)
           ^^^^^^^^^^^^^^^^^^^^^^^^^^^^^^^^^^^^^^^^^^^^^^^^^^^^
  File "/home/raftlee/Documentos/Workspace/prototipo-vigia/vision/.venv/lib/python3.12/site-packages/httpcore/_async/http11.py", line 136, in handle_async_request
    raise exc
  File "/home/raftlee/Documentos/Workspace/prototipo-vigia/vision/.venv/lib/python3.12/site-packages/httpcore/_async/http11.py", line 106, in handle_async_request
    ) = await self._receive_response_headers(**kwargs)
        ^^^^^^^^^^^^^^^^^^^^^^^^^^^^^^^^^^^^^^^^^^^^^^
  File "/home/raftlee/Documentos/Workspace/prototipo-vigia/vision/.venv/lib/python3.12/site-packages/httpcore/_async/http11.py", line 177, in _receive_response_headers
    event = await self._receive_event(timeout=timeout)
            ^^^^^^^^^^^^^^^^^^^^^^^^^^^^^^^^^^^^^^^^^^
  File "/home/raftlee/Documentos/Workspace/prototipo-vigia/vision/.venv/lib/python3.12/site-packages/httpcore/_async/http11.py", line 217, in _receive_event
    data = await self._network_stream.read(
           ^^^^^^^^^^^^^^^^^^^^^^^^^^^^^^^^
  File "/home/raftlee/Documentos/Workspace/prototipo-vigia/vision/.venv/lib/python3.12/site-packages/httpcore/_backends/anyio.py", line 32, in read
    with map_exceptions(exc_map):
  File "/usr/lib/python3.12/contextlib.py", line 158, in __exit__
    self.gen.throw(value)
  File "/home/raftlee/Documentos/Workspace/prototipo-vigia/vision/.venv/lib/python3.12/site-packages/httpcore/_exceptions.py", line 14, in map_exceptions
    raise to_exc(exc) from exc
httpcore.ReadTimeout

The above exception was the direct cause of the following exception:

Traceback (most recent call last):
  File "/home/raftlee/Documentos/Workspace/prototipo-vigia/vision/src/backend_client.py", line 19, in enviar
    resp = await client.post(self.url, json=evento)
           ^^^^^^^^^^^^^^^^^^^^^^^^^^^^^^^^^^^^^^^^
  File "/home/raftlee/Documentos/Workspace/prototipo-vigia/vision/.venv/lib/python3.12/site-packages/httpx/_client.py", line 1859, in post
    return await self.request(
           ^^^^^^^^^^^^^^^^^^^
  File "/home/raftlee/Documentos/Workspace/prototipo-vigia/vision/.venv/lib/python3.12/site-packages/httpx/_client.py", line 1540, in request
    return await self.send(request, auth=auth, follow_redirects=follow_redirects)
           ^^^^^^^^^^^^^^^^^^^^^^^^^^^^^^^^^^^^^^^^^^^^^^^^^^^^^^^^^^^^^^^^^^^^^^
  File "/home/raftlee/Documentos/Workspace/prototipo-vigia/vision/.venv/lib/python3.12/site-packages/httpx/_client.py", line 1629, in send
    response = await self._send_handling_auth(
               ^^^^^^^^^^^^^^^^^^^^^^^^^^^^^^^
  File "/home/raftlee/Documentos/Workspace/prototipo-vigia/vision/.venv/lib/python3.12/site-packages/httpx/_client.py", line 1657, in _send_handling_auth
    response = await self._send_handling_redirects(
               ^^^^^^^^^^^^^^^^^^^^^^^^^^^^^^^^^^^^
  File "/home/raftlee/Documentos/Workspace/prototipo-vigia/vision/.venv/lib/python3.12/site-packages/httpx/_client.py", line 1694, in _send_handling_redirects
    response = await self._send_single_request(request)
               ^^^^^^^^^^^^^^^^^^^^^^^^^^^^^^^^^^^^^^^^
  File "/home/raftlee/Documentos/Workspace/prototipo-vigia/vision/.venv/lib/python3.12/site-packages/httpx/_client.py", line 1730, in _send_single_request
    response = await transport.handle_async_request(request)
               ^^^^^^^^^^^^^^^^^^^^^^^^^^^^^^^^^^^^^^^^^^^^^
  File "/home/raftlee/Documentos/Workspace/prototipo-vigia/vision/.venv/lib/python3.12/site-packages/httpx/_transports/default.py", line 393, in handle_async_request
    with map_httpcore_exceptions():
  File "/usr/lib/python3.12/contextlib.py", line 158, in __exit__
    self.gen.throw(value)
  File "/home/raftlee/Documentos/Workspace/prototipo-vigia/vision/.venv/lib/python3.12/site-packages/httpx/_transports/default.py", line 118, in map_httpcore_exceptions
    raise mapped_exc(message) from exc
httpx.ReadTimeout
2026-08-19 20:36:58,082 src.backend_client ERROR Se agotaron los reintentos para el frame 1080
2026-08-19 20:36:58,082 vision INFO frame=1080 detectados=12 enviado=False
2026-08-19 20:37:08,844 src.backend_client ERROR Fallo al enviar evento frame 1110
Traceback (most recent call last):
  File "/home/raftlee/Documentos/Workspace/prototipo-vigia/vision/.venv/lib/python3.12/site-packages/httpx/_transports/default.py", line 101, in map_httpcore_exceptions
    yield
  File "/home/raftlee/Documentos/Workspace/prototipo-vigia/vision/.venv/lib/python3.12/site-packages/httpx/_transports/default.py", line 394, in handle_async_request
    resp = await self._pool.handle_async_request(req)
           ^^^^^^^^^^^^^^^^^^^^^^^^^^^^^^^^^^^^^^^^^^
  File "/home/raftlee/Documentos/Workspace/prototipo-vigia/vision/.venv/lib/python3.12/site-packages/httpcore/_async/connection_pool.py", line 256, in handle_async_request
    raise exc from None
  File "/home/raftlee/Documentos/Workspace/prototipo-vigia/vision/.venv/lib/python3.12/site-packages/httpcore/_async/connection_pool.py", line 236, in handle_async_request
    response = await connection.handle_async_request(
               ^^^^^^^^^^^^^^^^^^^^^^^^^^^^^^^^^^^^^^
  File "/home/raftlee/Documentos/Workspace/prototipo-vigia/vision/.venv/lib/python3.12/site-packages/httpcore/_async/connection.py", line 103, in handle_async_request
    return await self._connection.handle_async_request(request)
           ^^^^^^^^^^^^^^^^^^^^^^^^^^^^^^^^^^^^^^^^^^^^^^^^^^^^
  File "/home/raftlee/Documentos/Workspace/prototipo-vigia/vision/.venv/lib/python3.12/site-packages/httpcore/_async/http11.py", line 136, in handle_async_request
    raise exc
  File "/home/raftlee/Documentos/Workspace/prototipo-vigia/vision/.venv/lib/python3.12/site-packages/httpcore/_async/http11.py", line 106, in handle_async_request
    ) = await self._receive_response_headers(**kwargs)
        ^^^^^^^^^^^^^^^^^^^^^^^^^^^^^^^^^^^^^^^^^^^^^^
  File "/home/raftlee/Documentos/Workspace/prototipo-vigia/vision/.venv/lib/python3.12/site-packages/httpcore/_async/http11.py", line 177, in _receive_response_headers
    event = await self._receive_event(timeout=timeout)
            ^^^^^^^^^^^^^^^^^^^^^^^^^^^^^^^^^^^^^^^^^^
  File "/home/raftlee/Documentos/Workspace/prototipo-vigia/vision/.venv/lib/python3.12/site-packages/httpcore/_async/http11.py", line 217, in _receive_event
    data = await self._network_stream.read(
           ^^^^^^^^^^^^^^^^^^^^^^^^^^^^^^^^
  File "/home/raftlee/Documentos/Workspace/prototipo-vigia/vision/.venv/lib/python3.12/site-packages/httpcore/_backends/anyio.py", line 32, in read
    with map_exceptions(exc_map):
  File "/usr/lib/python3.12/contextlib.py", line 158, in __exit__
    self.gen.throw(value)
  File "/home/raftlee/Documentos/Workspace/prototipo-vigia/vision/.venv/lib/python3.12/site-packages/httpcore/_exceptions.py", line 14, in map_exceptions
    raise to_exc(exc) from exc
httpcore.ReadTimeout

The above exception was the direct cause of the following exception:

Traceback (most recent call last):
  File "/home/raftlee/Documentos/Workspace/prototipo-vigia/vision/src/backend_client.py", line 19, in enviar
    resp = await client.post(self.url, json=evento)
           ^^^^^^^^^^^^^^^^^^^^^^^^^^^^^^^^^^^^^^^^
  File "/home/raftlee/Documentos/Workspace/prototipo-vigia/vision/.venv/lib/python3.12/site-packages/httpx/_client.py", line 1859, in post
    return await self.request(
           ^^^^^^^^^^^^^^^^^^^
  File "/home/raftlee/Documentos/Workspace/prototipo-vigia/vision/.venv/lib/python3.12/site-packages/httpx/_client.py", line 1540, in request
    return await self.send(request, auth=auth, follow_redirects=follow_redirects)
           ^^^^^^^^^^^^^^^^^^^^^^^^^^^^^^^^^^^^^^^^^^^^^^^^^^^^^^^^^^^^^^^^^^^^^^
  File "/home/raftlee/Documentos/Workspace/prototipo-vigia/vision/.venv/lib/python3.12/site-packages/httpx/_client.py", line 1629, in send
    response = await self._send_handling_auth(
               ^^^^^^^^^^^^^^^^^^^^^^^^^^^^^^^
  File "/home/raftlee/Documentos/Workspace/prototipo-vigia/vision/.venv/lib/python3.12/site-packages/httpx/_client.py", line 1657, in _send_handling_auth
    response = await self._send_handling_redirects(
               ^^^^^^^^^^^^^^^^^^^^^^^^^^^^^^^^^^^^
  File "/home/raftlee/Documentos/Workspace/prototipo-vigia/vision/.venv/lib/python3.12/site-packages/httpx/_client.py", line 1694, in _send_handling_redirects
    response = await self._send_single_request(request)
               ^^^^^^^^^^^^^^^^^^^^^^^^^^^^^^^^^^^^^^^^
  File "/home/raftlee/Documentos/Workspace/prototipo-vigia/vision/.venv/lib/python3.12/site-packages/httpx/_client.py", line 1730, in _send_single_request
    response = await transport.handle_async_request(request)
               ^^^^^^^^^^^^^^^^^^^^^^^^^^^^^^^^^^^^^^^^^^^^^
  File "/home/raftlee/Documentos/Workspace/prototipo-vigia/vision/.venv/lib/python3.12/site-packages/httpx/_transports/default.py", line 393, in handle_async_request
    with map_httpcore_exceptions():
  File "/usr/lib/python3.12/contextlib.py", line 158, in __exit__
    self.gen.throw(value)
  File "/home/raftlee/Documentos/Workspace/prototipo-vigia/vision/.venv/lib/python3.12/site-packages/httpx/_transports/default.py", line 118, in map_httpcore_exceptions
    raise mapped_exc(message) from exc
httpx.ReadTimeout
2026-08-19 20:37:20,874 src.backend_client ERROR Fallo al enviar evento frame 1110
Traceback (most recent call last):
  File "/home/raftlee/Documentos/Workspace/prototipo-vigia/vision/.venv/lib/python3.12/site-packages/httpx/_transports/default.py", line 101, in map_httpcore_exceptions
    yield
  File "/home/raftlee/Documentos/Workspace/prototipo-vigia/vision/.venv/lib/python3.12/site-packages/httpx/_transports/default.py", line 394, in handle_async_request
    resp = await self._pool.handle_async_request(req)
           ^^^^^^^^^^^^^^^^^^^^^^^^^^^^^^^^^^^^^^^^^^
  File "/home/raftlee/Documentos/Workspace/prototipo-vigia/vision/.venv/lib/python3.12/site-packages/httpcore/_async/connection_pool.py", line 256, in handle_async_request
    raise exc from None
  File "/home/raftlee/Documentos/Workspace/prototipo-vigia/vision/.venv/lib/python3.12/site-packages/httpcore/_async/connection_pool.py", line 236, in handle_async_request
    response = await connection.handle_async_request(
               ^^^^^^^^^^^^^^^^^^^^^^^^^^^^^^^^^^^^^^
  File "/home/raftlee/Documentos/Workspace/prototipo-vigia/vision/.venv/lib/python3.12/site-packages/httpcore/_async/connection.py", line 103, in handle_async_request
    return await self._connection.handle_async_request(request)
           ^^^^^^^^^^^^^^^^^^^^^^^^^^^^^^^^^^^^^^^^^^^^^^^^^^^^
  File "/home/raftlee/Documentos/Workspace/prototipo-vigia/vision/.venv/lib/python3.12/site-packages/httpcore/_async/http11.py", line 136, in handle_async_request
    raise exc
  File "/home/raftlee/Documentos/Workspace/prototipo-vigia/vision/.venv/lib/python3.12/site-packages/httpcore/_async/http11.py", line 106, in handle_async_request
    ) = await self._receive_response_headers(**kwargs)
        ^^^^^^^^^^^^^^^^^^^^^^^^^^^^^^^^^^^^^^^^^^^^^^
  File "/home/raftlee/Documentos/Workspace/prototipo-vigia/vision/.venv/lib/python3.12/site-packages/httpcore/_async/http11.py", line 177, in _receive_response_headers
    event = await self._receive_event(timeout=timeout)
            ^^^^^^^^^^^^^^^^^^^^^^^^^^^^^^^^^^^^^^^^^^
  File "/home/raftlee/Documentos/Workspace/prototipo-vigia/vision/.venv/lib/python3.12/site-packages/httpcore/_async/http11.py", line 217, in _receive_event
    data = await self._network_stream.read(
           ^^^^^^^^^^^^^^^^^^^^^^^^^^^^^^^^
  File "/home/raftlee/Documentos/Workspace/prototipo-vigia/vision/.venv/lib/python3.12/site-packages/httpcore/_backends/anyio.py", line 32, in read
    with map_exceptions(exc_map):
  File "/usr/lib/python3.12/contextlib.py", line 158, in __exit__
    self.gen.throw(value)
  File "/home/raftlee/Documentos/Workspace/prototipo-vigia/vision/.venv/lib/python3.12/site-packages/httpcore/_exceptions.py", line 14, in map_exceptions
    raise to_exc(exc) from exc
httpcore.ReadTimeout

The above exception was the direct cause of the following exception:

Traceback (most recent call last):
  File "/home/raftlee/Documentos/Workspace/prototipo-vigia/vision/src/backend_client.py", line 19, in enviar
    resp = await client.post(self.url, json=evento)
           ^^^^^^^^^^^^^^^^^^^^^^^^^^^^^^^^^^^^^^^^
  File "/home/raftlee/Documentos/Workspace/prototipo-vigia/vision/.venv/lib/python3.12/site-packages/httpx/_client.py", line 1859, in post
    return await self.request(
           ^^^^^^^^^^^^^^^^^^^
  File "/home/raftlee/Documentos/Workspace/prototipo-vigia/vision/.venv/lib/python3.12/site-packages/httpx/_client.py", line 1540, in request
    return await self.send(request, auth=auth, follow_redirects=follow_redirects)
           ^^^^^^^^^^^^^^^^^^^^^^^^^^^^^^^^^^^^^^^^^^^^^^^^^^^^^^^^^^^^^^^^^^^^^^
  File "/home/raftlee/Documentos/Workspace/prototipo-vigia/vision/.venv/lib/python3.12/site-packages/httpx/_client.py", line 1629, in send
    response = await self._send_handling_auth(
               ^^^^^^^^^^^^^^^^^^^^^^^^^^^^^^^
  File "/home/raftlee/Documentos/Workspace/prototipo-vigia/vision/.venv/lib/python3.12/site-packages/httpx/_client.py", line 1657, in _send_handling_auth
    response = await self._send_handling_redirects(
               ^^^^^^^^^^^^^^^^^^^^^^^^^^^^^^^^^^^^
  File "/home/raftlee/Documentos/Workspace/prototipo-vigia/vision/.venv/lib/python3.12/site-packages/httpx/_client.py", line 1694, in _send_handling_redirects
    response = await self._send_single_request(request)
               ^^^^^^^^^^^^^^^^^^^^^^^^^^^^^^^^^^^^^^^^
  File "/home/raftlee/Documentos/Workspace/prototipo-vigia/vision/.venv/lib/python3.12/site-packages/httpx/_client.py", line 1730, in _send_single_request
    response = await transport.handle_async_request(request)
               ^^^^^^^^^^^^^^^^^^^^^^^^^^^^^^^^^^^^^^^^^^^^^
  File "/home/raftlee/Documentos/Workspace/prototipo-vigia/vision/.venv/lib/python3.12/site-packages/httpx/_transports/default.py", line 393, in handle_async_request
    with map_httpcore_exceptions():
  File "/usr/lib/python3.12/contextlib.py", line 158, in __exit__
    self.gen.throw(value)
  File "/home/raftlee/Documentos/Workspace/prototipo-vigia/vision/.venv/lib/python3.12/site-packages/httpx/_transports/default.py", line 118, in map_httpcore_exceptions
    raise mapped_exc(message) from exc
httpx.ReadTimeout
2026-08-19 20:37:34,902 src.backend_client ERROR Fallo al enviar evento frame 1110
Traceback (most recent call last):
  File "/home/raftlee/Documentos/Workspace/prototipo-vigia/vision/.venv/lib/python3.12/site-packages/httpx/_transports/default.py", line 101, in map_httpcore_exceptions
    yield
  File "/home/raftlee/Documentos/Workspace/prototipo-vigia/vision/.venv/lib/python3.12/site-packages/httpx/_transports/default.py", line 394, in handle_async_request
    resp = await self._pool.handle_async_request(req)
           ^^^^^^^^^^^^^^^^^^^^^^^^^^^^^^^^^^^^^^^^^^
  File "/home/raftlee/Documentos/Workspace/prototipo-vigia/vision/.venv/lib/python3.12/site-packages/httpcore/_async/connection_pool.py", line 256, in handle_async_request
    raise exc from None
  File "/home/raftlee/Documentos/Workspace/prototipo-vigia/vision/.venv/lib/python3.12/site-packages/httpcore/_async/connection_pool.py", line 236, in handle_async_request
    response = await connection.handle_async_request(
               ^^^^^^^^^^^^^^^^^^^^^^^^^^^^^^^^^^^^^^
  File "/home/raftlee/Documentos/Workspace/prototipo-vigia/vision/.venv/lib/python3.12/site-packages/httpcore/_async/connection.py", line 103, in handle_async_request
    return await self._connection.handle_async_request(request)
           ^^^^^^^^^^^^^^^^^^^^^^^^^^^^^^^^^^^^^^^^^^^^^^^^^^^^
  File "/home/raftlee/Documentos/Workspace/prototipo-vigia/vision/.venv/lib/python3.12/site-packages/httpcore/_async/http11.py", line 136, in handle_async_request
    raise exc
  File "/home/raftlee/Documentos/Workspace/prototipo-vigia/vision/.venv/lib/python3.12/site-packages/httpcore/_async/http11.py", line 106, in handle_async_request
    ) = await self._receive_response_headers(**kwargs)
        ^^^^^^^^^^^^^^^^^^^^^^^^^^^^^^^^^^^^^^^^^^^^^^
  File "/home/raftlee/Documentos/Workspace/prototipo-vigia/vision/.venv/lib/python3.12/site-packages/httpcore/_async/http11.py", line 177, in _receive_response_headers
    event = await self._receive_event(timeout=timeout)
            ^^^^^^^^^^^^^^^^^^^^^^^^^^^^^^^^^^^^^^^^^^
  File "/home/raftlee/Documentos/Workspace/prototipo-vigia/vision/.venv/lib/python3.12/site-packages/httpcore/_async/http11.py", line 217, in _receive_event
    data = await self._network_stream.read(
           ^^^^^^^^^^^^^^^^^^^^^^^^^^^^^^^^
  File "/home/raftlee/Documentos/Workspace/prototipo-vigia/vision/.venv/lib/python3.12/site-packages/httpcore/_backends/anyio.py", line 32, in read
    with map_exceptions(exc_map):
  File "/usr/lib/python3.12/contextlib.py", line 158, in __exit__
    self.gen.throw(value)
  File "/home/raftlee/Documentos/Workspace/prototipo-vigia/vision/.venv/lib/python3.12/site-packages/httpcore/_exceptions.py", line 14, in map_exceptions
    raise to_exc(exc) from exc
httpcore.ReadTimeout

The above exception was the direct cause of the following exception:

Traceback (most recent call last):
  File "/home/raftlee/Documentos/Workspace/prototipo-vigia/vision/src/backend_client.py", line 19, in enviar
    resp = await client.post(self.url, json=evento)
           ^^^^^^^^^^^^^^^^^^^^^^^^^^^^^^^^^^^^^^^^
  File "/home/raftlee/Documentos/Workspace/prototipo-vigia/vision/.venv/lib/python3.12/site-packages/httpx/_client.py", line 1859, in post
    return await self.request(
           ^^^^^^^^^^^^^^^^^^^
  File "/home/raftlee/Documentos/Workspace/prototipo-vigia/vision/.venv/lib/python3.12/site-packages/httpx/_client.py", line 1540, in request
    return await self.send(request, auth=auth, follow_redirects=follow_redirects)
           ^^^^^^^^^^^^^^^^^^^^^^^^^^^^^^^^^^^^^^^^^^^^^^^^^^^^^^^^^^^^^^^^^^^^^^
  File "/home/raftlee/Documentos/Workspace/prototipo-vigia/vision/.venv/lib/python3.12/site-packages/httpx/_client.py", line 1629, in send
    response = await self._send_handling_auth(
               ^^^^^^^^^^^^^^^^^^^^^^^^^^^^^^^
  File "/home/raftlee/Documentos/Workspace/prototipo-vigia/vision/.venv/lib/python3.12/site-packages/httpx/_client.py", line 1657, in _send_handling_auth
    response = await self._send_handling_redirects(
               ^^^^^^^^^^^^^^^^^^^^^^^^^^^^^^^^^^^^
  File "/home/raftlee/Documentos/Workspace/prototipo-vigia/vision/.venv/lib/python3.12/site-packages/httpx/_client.py", line 1694, in _send_handling_redirects
    response = await self._send_single_request(request)
               ^^^^^^^^^^^^^^^^^^^^^^^^^^^^^^^^^^^^^^^^
  File "/home/raftlee/Documentos/Workspace/prototipo-vigia/vision/.venv/lib/python3.12/site-packages/httpx/_client.py", line 1730, in _send_single_request
    response = await transport.handle_async_request(request)
               ^^^^^^^^^^^^^^^^^^^^^^^^^^^^^^^^^^^^^^^^^^^^^
  File "/home/raftlee/Documentos/Workspace/prototipo-vigia/vision/.venv/lib/python3.12/site-packages/httpx/_transports/default.py", line 393, in handle_async_request
    with map_httpcore_exceptions():
  File "/usr/lib/python3.12/contextlib.py", line 158, in __exit__
    self.gen.throw(value)
  File "/home/raftlee/Documentos/Workspace/prototipo-vigia/vision/.venv/lib/python3.12/site-packages/httpx/_transports/default.py", line 118, in map_httpcore_exceptions
    raise mapped_exc(message) from exc
httpx.ReadTimeout
2026-08-19 20:37:42,905 src.backend_client ERROR Se agotaron los reintentos para el frame 1110
2026-08-19 20:37:42,905 vision INFO frame=1110 detectados=8 enviado=False
2026-08-19 20:37:53,843 src.backend_client ERROR Fallo al enviar evento frame 1140
Traceback (most recent call last):
  File "/home/raftlee/Documentos/Workspace/prototipo-vigia/vision/.venv/lib/python3.12/site-packages/httpx/_transports/default.py", line 101, in map_httpcore_exceptions
    yield
  File "/home/raftlee/Documentos/Workspace/prototipo-vigia/vision/.venv/lib/python3.12/site-packages/httpx/_transports/default.py", line 394, in handle_async_request
    resp = await self._pool.handle_async_request(req)
           ^^^^^^^^^^^^^^^^^^^^^^^^^^^^^^^^^^^^^^^^^^
  File "/home/raftlee/Documentos/Workspace/prototipo-vigia/vision/.venv/lib/python3.12/site-packages/httpcore/_async/connection_pool.py", line 256, in handle_async_request
    raise exc from None
  File "/home/raftlee/Documentos/Workspace/prototipo-vigia/vision/.venv/lib/python3.12/site-packages/httpcore/_async/connection_pool.py", line 236, in handle_async_request
    response = await connection.handle_async_request(
               ^^^^^^^^^^^^^^^^^^^^^^^^^^^^^^^^^^^^^^
  File "/home/raftlee/Documentos/Workspace/prototipo-vigia/vision/.venv/lib/python3.12/site-packages/httpcore/_async/connection.py", line 103, in handle_async_request
    return await self._connection.handle_async_request(request)
           ^^^^^^^^^^^^^^^^^^^^^^^^^^^^^^^^^^^^^^^^^^^^^^^^^^^^
  File "/home/raftlee/Documentos/Workspace/prototipo-vigia/vision/.venv/lib/python3.12/site-packages/httpcore/_async/http11.py", line 136, in handle_async_request
    raise exc
  File "/home/raftlee/Documentos/Workspace/prototipo-vigia/vision/.venv/lib/python3.12/site-packages/httpcore/_async/http11.py", line 106, in handle_async_request
    ) = await self._receive_response_headers(**kwargs)
        ^^^^^^^^^^^^^^^^^^^^^^^^^^^^^^^^^^^^^^^^^^^^^^
  File "/home/raftlee/Documentos/Workspace/prototipo-vigia/vision/.venv/lib/python3.12/site-packages/httpcore/_async/http11.py", line 177, in _receive_response_headers
    event = await self._receive_event(timeout=timeout)
            ^^^^^^^^^^^^^^^^^^^^^^^^^^^^^^^^^^^^^^^^^^
  File "/home/raftlee/Documentos/Workspace/prototipo-vigia/vision/.venv/lib/python3.12/site-packages/httpcore/_async/http11.py", line 217, in _receive_event
    data = await self._network_stream.read(
           ^^^^^^^^^^^^^^^^^^^^^^^^^^^^^^^^
  File "/home/raftlee/Documentos/Workspace/prototipo-vigia/vision/.venv/lib/python3.12/site-packages/httpcore/_backends/anyio.py", line 32, in read
    with map_exceptions(exc_map):
  File "/usr/lib/python3.12/contextlib.py", line 158, in __exit__
    self.gen.throw(value)
  File "/home/raftlee/Documentos/Workspace/prototipo-vigia/vision/.venv/lib/python3.12/site-packages/httpcore/_exceptions.py", line 14, in map_exceptions
    raise to_exc(exc) from exc
httpcore.ReadTimeout

The above exception was the direct cause of the following exception:

Traceback (most recent call last):
  File "/home/raftlee/Documentos/Workspace/prototipo-vigia/vision/src/backend_client.py", line 19, in enviar
    resp = await client.post(self.url, json=evento)
           ^^^^^^^^^^^^^^^^^^^^^^^^^^^^^^^^^^^^^^^^
  File "/home/raftlee/Documentos/Workspace/prototipo-vigia/vision/.venv/lib/python3.12/site-packages/httpx/_client.py", line 1859, in post
    return await self.request(
           ^^^^^^^^^^^^^^^^^^^
  File "/home/raftlee/Documentos/Workspace/prototipo-vigia/vision/.venv/lib/python3.12/site-packages/httpx/_client.py", line 1540, in request
    return await self.send(request, auth=auth, follow_redirects=follow_redirects)
           ^^^^^^^^^^^^^^^^^^^^^^^^^^^^^^^^^^^^^^^^^^^^^^^^^^^^^^^^^^^^^^^^^^^^^^
  File "/home/raftlee/Documentos/Workspace/prototipo-vigia/vision/.venv/lib/python3.12/site-packages/httpx/_client.py", line 1629, in send
    response = await self._send_handling_auth(
               ^^^^^^^^^^^^^^^^^^^^^^^^^^^^^^^
  File "/home/raftlee/Documentos/Workspace/prototipo-vigia/vision/.venv/lib/python3.12/site-packages/httpx/_client.py", line 1657, in _send_handling_auth
    response = await self._send_handling_redirects(
               ^^^^^^^^^^^^^^^^^^^^^^^^^^^^^^^^^^^^
  File "/home/raftlee/Documentos/Workspace/prototipo-vigia/vision/.venv/lib/python3.12/site-packages/httpx/_client.py", line 1694, in _send_handling_redirects
    response = await self._send_single_request(request)
               ^^^^^^^^^^^^^^^^^^^^^^^^^^^^^^^^^^^^^^^^
  File "/home/raftlee/Documentos/Workspace/prototipo-vigia/vision/.venv/lib/python3.12/site-packages/httpx/_client.py", line 1730, in _send_single_request
    response = await transport.handle_async_request(request)
               ^^^^^^^^^^^^^^^^^^^^^^^^^^^^^^^^^^^^^^^^^^^^^
  File "/home/raftlee/Documentos/Workspace/prototipo-vigia/vision/.venv/lib/python3.12/site-packages/httpx/_transports/default.py", line 393, in handle_async_request
    with map_httpcore_exceptions():
  File "/usr/lib/python3.12/contextlib.py", line 158, in __exit__
    self.gen.throw(value)
  File "/home/raftlee/Documentos/Workspace/prototipo-vigia/vision/.venv/lib/python3.12/site-packages/httpx/_transports/default.py", line 118, in map_httpcore_exceptions
    raise mapped_exc(message) from exc
httpx.ReadTimeout
2026-08-19 20:38:05,872 src.backend_client ERROR Fallo al enviar evento frame 1140
Traceback (most recent call last):
  File "/home/raftlee/Documentos/Workspace/prototipo-vigia/vision/.venv/lib/python3.12/site-packages/httpx/_transports/default.py", line 101, in map_httpcore_exceptions
    yield
  File "/home/raftlee/Documentos/Workspace/prototipo-vigia/vision/.venv/lib/python3.12/site-packages/httpx/_transports/default.py", line 394, in handle_async_request
    resp = await self._pool.handle_async_request(req)
           ^^^^^^^^^^^^^^^^^^^^^^^^^^^^^^^^^^^^^^^^^^
  File "/home/raftlee/Documentos/Workspace/prototipo-vigia/vision/.venv/lib/python3.12/site-packages/httpcore/_async/connection_pool.py", line 256, in handle_async_request
    raise exc from None
  File "/home/raftlee/Documentos/Workspace/prototipo-vigia/vision/.venv/lib/python3.12/site-packages/httpcore/_async/connection_pool.py", line 236, in handle_async_request
    response = await connection.handle_async_request(
               ^^^^^^^^^^^^^^^^^^^^^^^^^^^^^^^^^^^^^^
  File "/home/raftlee/Documentos/Workspace/prototipo-vigia/vision/.venv/lib/python3.12/site-packages/httpcore/_async/connection.py", line 103, in handle_async_request
    return await self._connection.handle_async_request(request)
           ^^^^^^^^^^^^^^^^^^^^^^^^^^^^^^^^^^^^^^^^^^^^^^^^^^^^
  File "/home/raftlee/Documentos/Workspace/prototipo-vigia/vision/.venv/lib/python3.12/site-packages/httpcore/_async/http11.py", line 136, in handle_async_request
    raise exc
  File "/home/raftlee/Documentos/Workspace/prototipo-vigia/vision/.venv/lib/python3.12/site-packages/httpcore/_async/http11.py", line 106, in handle_async_request
    ) = await self._receive_response_headers(**kwargs)
        ^^^^^^^^^^^^^^^^^^^^^^^^^^^^^^^^^^^^^^^^^^^^^^
  File "/home/raftlee/Documentos/Workspace/prototipo-vigia/vision/.venv/lib/python3.12/site-packages/httpcore/_async/http11.py", line 177, in _receive_response_headers
    event = await self._receive_event(timeout=timeout)
            ^^^^^^^^^^^^^^^^^^^^^^^^^^^^^^^^^^^^^^^^^^
  File "/home/raftlee/Documentos/Workspace/prototipo-vigia/vision/.venv/lib/python3.12/site-packages/httpcore/_async/http11.py", line 217, in _receive_event
    data = await self._network_stream.read(
           ^^^^^^^^^^^^^^^^^^^^^^^^^^^^^^^^
  File "/home/raftlee/Documentos/Workspace/prototipo-vigia/vision/.venv/lib/python3.12/site-packages/httpcore/_backends/anyio.py", line 32, in read
    with map_exceptions(exc_map):
  File "/usr/lib/python3.12/contextlib.py", line 158, in __exit__
    self.gen.throw(value)
  File "/home/raftlee/Documentos/Workspace/prototipo-vigia/vision/.venv/lib/python3.12/site-packages/httpcore/_exceptions.py", line 14, in map_exceptions
    raise to_exc(exc) from exc
httpcore.ReadTimeout

The above exception was the direct cause of the following exception:

Traceback (most recent call last):
  File "/home/raftlee/Documentos/Workspace/prototipo-vigia/vision/src/backend_client.py", line 19, in enviar
    resp = await client.post(self.url, json=evento)
           ^^^^^^^^^^^^^^^^^^^^^^^^^^^^^^^^^^^^^^^^
  File "/home/raftlee/Documentos/Workspace/prototipo-vigia/vision/.venv/lib/python3.12/site-packages/httpx/_client.py", line 1859, in post
    return await self.request(
           ^^^^^^^^^^^^^^^^^^^
  File "/home/raftlee/Documentos/Workspace/prototipo-vigia/vision/.venv/lib/python3.12/site-packages/httpx/_client.py", line 1540, in request
    return await self.send(request, auth=auth, follow_redirects=follow_redirects)
           ^^^^^^^^^^^^^^^^^^^^^^^^^^^^^^^^^^^^^^^^^^^^^^^^^^^^^^^^^^^^^^^^^^^^^^
  File "/home/raftlee/Documentos/Workspace/prototipo-vigia/vision/.venv/lib/python3.12/site-packages/httpx/_client.py", line 1629, in send
    response = await self._send_handling_auth(
               ^^^^^^^^^^^^^^^^^^^^^^^^^^^^^^^
  File "/home/raftlee/Documentos/Workspace/prototipo-vigia/vision/.venv/lib/python3.12/site-packages/httpx/_client.py", line 1657, in _send_handling_auth
    response = await self._send_handling_redirects(
               ^^^^^^^^^^^^^^^^^^^^^^^^^^^^^^^^^^^^
  File "/home/raftlee/Documentos/Workspace/prototipo-vigia/vision/.venv/lib/python3.12/site-packages/httpx/_client.py", line 1694, in _send_handling_redirects
    response = await self._send_single_request(request)
               ^^^^^^^^^^^^^^^^^^^^^^^^^^^^^^^^^^^^^^^^
  File "/home/raftlee/Documentos/Workspace/prototipo-vigia/vision/.venv/lib/python3.12/site-packages/httpx/_client.py", line 1730, in _send_single_request
    response = await transport.handle_async_request(request)
               ^^^^^^^^^^^^^^^^^^^^^^^^^^^^^^^^^^^^^^^^^^^^^
  File "/home/raftlee/Documentos/Workspace/prototipo-vigia/vision/.venv/lib/python3.12/site-packages/httpx/_transports/default.py", line 393, in handle_async_request
    with map_httpcore_exceptions():
  File "/usr/lib/python3.12/contextlib.py", line 158, in __exit__
    self.gen.throw(value)
  File "/home/raftlee/Documentos/Workspace/prototipo-vigia/vision/.venv/lib/python3.12/site-packages/httpx/_transports/default.py", line 118, in map_httpcore_exceptions
    raise mapped_exc(message) from exc
httpx.ReadTimeout
2026-08-19 20:38:18,683 httpx INFO HTTP Request: POST http://localhost:8000/api/v1/eventos/ingest "HTTP/1.1 201 Created"
2026-08-19 20:38:18,685 vision INFO frame=1140 detectados=6 enviado=True
2026-08-19 20:38:29,530 src.backend_client ERROR Fallo al enviar evento frame 1170
Traceback (most recent call last):
  File "/home/raftlee/Documentos/Workspace/prototipo-vigia/vision/.venv/lib/python3.12/site-packages/httpx/_transports/default.py", line 101, in map_httpcore_exceptions
    yield
  File "/home/raftlee/Documentos/Workspace/prototipo-vigia/vision/.venv/lib/python3.12/site-packages/httpx/_transports/default.py", line 394, in handle_async_request
    resp = await self._pool.handle_async_request(req)
           ^^^^^^^^^^^^^^^^^^^^^^^^^^^^^^^^^^^^^^^^^^
  File "/home/raftlee/Documentos/Workspace/prototipo-vigia/vision/.venv/lib/python3.12/site-packages/httpcore/_async/connection_pool.py", line 256, in handle_async_request
    raise exc from None
  File "/home/raftlee/Documentos/Workspace/prototipo-vigia/vision/.venv/lib/python3.12/site-packages/httpcore/_async/connection_pool.py", line 236, in handle_async_request
    response = await connection.handle_async_request(
               ^^^^^^^^^^^^^^^^^^^^^^^^^^^^^^^^^^^^^^
  File "/home/raftlee/Documentos/Workspace/prototipo-vigia/vision/.venv/lib/python3.12/site-packages/httpcore/_async/connection.py", line 103, in handle_async_request
    return await self._connection.handle_async_request(request)
           ^^^^^^^^^^^^^^^^^^^^^^^^^^^^^^^^^^^^^^^^^^^^^^^^^^^^
  File "/home/raftlee/Documentos/Workspace/prototipo-vigia/vision/.venv/lib/python3.12/site-packages/httpcore/_async/http11.py", line 136, in handle_async_request
    raise exc
  File "/home/raftlee/Documentos/Workspace/prototipo-vigia/vision/.venv/lib/python3.12/site-packages/httpcore/_async/http11.py", line 106, in handle_async_request
    ) = await self._receive_response_headers(**kwargs)
        ^^^^^^^^^^^^^^^^^^^^^^^^^^^^^^^^^^^^^^^^^^^^^^
  File "/home/raftlee/Documentos/Workspace/prototipo-vigia/vision/.venv/lib/python3.12/site-packages/httpcore/_async/http11.py", line 177, in _receive_response_headers
    event = await self._receive_event(timeout=timeout)
            ^^^^^^^^^^^^^^^^^^^^^^^^^^^^^^^^^^^^^^^^^^
  File "/home/raftlee/Documentos/Workspace/prototipo-vigia/vision/.venv/lib/python3.12/site-packages/httpcore/_async/http11.py", line 217, in _receive_event
    data = await self._network_stream.read(
           ^^^^^^^^^^^^^^^^^^^^^^^^^^^^^^^^
  File "/home/raftlee/Documentos/Workspace/prototipo-vigia/vision/.venv/lib/python3.12/site-packages/httpcore/_backends/anyio.py", line 32, in read
    with map_exceptions(exc_map):
  File "/usr/lib/python3.12/contextlib.py", line 158, in __exit__
    self.gen.throw(value)
  File "/home/raftlee/Documentos/Workspace/prototipo-vigia/vision/.venv/lib/python3.12/site-packages/httpcore/_exceptions.py", line 14, in map_exceptions
    raise to_exc(exc) from exc
httpcore.ReadTimeout

The above exception was the direct cause of the following exception:

Traceback (most recent call last):
  File "/home/raftlee/Documentos/Workspace/prototipo-vigia/vision/src/backend_client.py", line 19, in enviar
    resp = await client.post(self.url, json=evento)
           ^^^^^^^^^^^^^^^^^^^^^^^^^^^^^^^^^^^^^^^^
  File "/home/raftlee/Documentos/Workspace/prototipo-vigia/vision/.venv/lib/python3.12/site-packages/httpx/_client.py", line 1859, in post
    return await self.request(
           ^^^^^^^^^^^^^^^^^^^
  File "/home/raftlee/Documentos/Workspace/prototipo-vigia/vision/.venv/lib/python3.12/site-packages/httpx/_client.py", line 1540, in request
    return await self.send(request, auth=auth, follow_redirects=follow_redirects)
           ^^^^^^^^^^^^^^^^^^^^^^^^^^^^^^^^^^^^^^^^^^^^^^^^^^^^^^^^^^^^^^^^^^^^^^
  File "/home/raftlee/Documentos/Workspace/prototipo-vigia/vision/.venv/lib/python3.12/site-packages/httpx/_client.py", line 1629, in send
    response = await self._send_handling_auth(
               ^^^^^^^^^^^^^^^^^^^^^^^^^^^^^^^
  File "/home/raftlee/Documentos/Workspace/prototipo-vigia/vision/.venv/lib/python3.12/site-packages/httpx/_client.py", line 1657, in _send_handling_auth
    response = await self._send_handling_redirects(
               ^^^^^^^^^^^^^^^^^^^^^^^^^^^^^^^^^^^^
  File "/home/raftlee/Documentos/Workspace/prototipo-vigia/vision/.venv/lib/python3.12/site-packages/httpx/_client.py", line 1694, in _send_handling_redirects
    response = await self._send_single_request(request)
               ^^^^^^^^^^^^^^^^^^^^^^^^^^^^^^^^^^^^^^^^
  File "/home/raftlee/Documentos/Workspace/prototipo-vigia/vision/.venv/lib/python3.12/site-packages/httpx/_client.py", line 1730, in _send_single_request
    response = await transport.handle_async_request(request)
               ^^^^^^^^^^^^^^^^^^^^^^^^^^^^^^^^^^^^^^^^^^^^^
  File "/home/raftlee/Documentos/Workspace/prototipo-vigia/vision/.venv/lib/python3.12/site-packages/httpx/_transports/default.py", line 393, in handle_async_request
    with map_httpcore_exceptions():
  File "/usr/lib/python3.12/contextlib.py", line 158, in __exit__
    self.gen.throw(value)
  File "/home/raftlee/Documentos/Workspace/prototipo-vigia/vision/.venv/lib/python3.12/site-packages/httpx/_transports/default.py", line 118, in map_httpcore_exceptions
    raise mapped_exc(message) from exc
httpx.ReadTimeout
2026-08-19 20:38:41,561 src.backend_client ERROR Fallo al enviar evento frame 1170
Traceback (most recent call last):
  File "/home/raftlee/Documentos/Workspace/prototipo-vigia/vision/.venv/lib/python3.12/site-packages/httpx/_transports/default.py", line 101, in map_httpcore_exceptions
    yield
  File "/home/raftlee/Documentos/Workspace/prototipo-vigia/vision/.venv/lib/python3.12/site-packages/httpx/_transports/default.py", line 394, in handle_async_request
    resp = await self._pool.handle_async_request(req)
           ^^^^^^^^^^^^^^^^^^^^^^^^^^^^^^^^^^^^^^^^^^
  File "/home/raftlee/Documentos/Workspace/prototipo-vigia/vision/.venv/lib/python3.12/site-packages/httpcore/_async/connection_pool.py", line 256, in handle_async_request
    raise exc from None
  File "/home/raftlee/Documentos/Workspace/prototipo-vigia/vision/.venv/lib/python3.12/site-packages/httpcore/_async/connection_pool.py", line 236, in handle_async_request
    response = await connection.handle_async_request(
               ^^^^^^^^^^^^^^^^^^^^^^^^^^^^^^^^^^^^^^
  File "/home/raftlee/Documentos/Workspace/prototipo-vigia/vision/.venv/lib/python3.12/site-packages/httpcore/_async/connection.py", line 103, in handle_async_request
    return await self._connection.handle_async_request(request)
           ^^^^^^^^^^^^^^^^^^^^^^^^^^^^^^^^^^^^^^^^^^^^^^^^^^^^
  File "/home/raftlee/Documentos/Workspace/prototipo-vigia/vision/.venv/lib/python3.12/site-packages/httpcore/_async/http11.py", line 136, in handle_async_request
    raise exc
  File "/home/raftlee/Documentos/Workspace/prototipo-vigia/vision/.venv/lib/python3.12/site-packages/httpcore/_async/http11.py", line 106, in handle_async_request
    ) = await self._receive_response_headers(**kwargs)
        ^^^^^^^^^^^^^^^^^^^^^^^^^^^^^^^^^^^^^^^^^^^^^^
  File "/home/raftlee/Documentos/Workspace/prototipo-vigia/vision/.venv/lib/python3.12/site-packages/httpcore/_async/http11.py", line 177, in _receive_response_headers
    event = await self._receive_event(timeout=timeout)
            ^^^^^^^^^^^^^^^^^^^^^^^^^^^^^^^^^^^^^^^^^^
  File "/home/raftlee/Documentos/Workspace/prototipo-vigia/vision/.venv/lib/python3.12/site-packages/httpcore/_async/http11.py", line 217, in _receive_event
    data = await self._network_stream.read(
           ^^^^^^^^^^^^^^^^^^^^^^^^^^^^^^^^
  File "/home/raftlee/Documentos/Workspace/prototipo-vigia/vision/.venv/lib/python3.12/site-packages/httpcore/_backends/anyio.py", line 32, in read
    with map_exceptions(exc_map):
  File "/usr/lib/python3.12/contextlib.py", line 158, in __exit__
    self.gen.throw(value)
  File "/home/raftlee/Documentos/Workspace/prototipo-vigia/vision/.venv/lib/python3.12/site-packages/httpcore/_exceptions.py", line 14, in map_exceptions
    raise to_exc(exc) from exc
httpcore.ReadTimeout

The above exception was the direct cause of the following exception:

Traceback (most recent call last):
  File "/home/raftlee/Documentos/Workspace/prototipo-vigia/vision/src/backend_client.py", line 19, in enviar
    resp = await client.post(self.url, json=evento)
           ^^^^^^^^^^^^^^^^^^^^^^^^^^^^^^^^^^^^^^^^
  File "/home/raftlee/Documentos/Workspace/prototipo-vigia/vision/.venv/lib/python3.12/site-packages/httpx/_client.py", line 1859, in post
    return await self.request(
           ^^^^^^^^^^^^^^^^^^^
  File "/home/raftlee/Documentos/Workspace/prototipo-vigia/vision/.venv/lib/python3.12/site-packages/httpx/_client.py", line 1540, in request
    return await self.send(request, auth=auth, follow_redirects=follow_redirects)
           ^^^^^^^^^^^^^^^^^^^^^^^^^^^^^^^^^^^^^^^^^^^^^^^^^^^^^^^^^^^^^^^^^^^^^^
  File "/home/raftlee/Documentos/Workspace/prototipo-vigia/vision/.venv/lib/python3.12/site-packages/httpx/_client.py", line 1629, in send
    response = await self._send_handling_auth(
               ^^^^^^^^^^^^^^^^^^^^^^^^^^^^^^^
  File "/home/raftlee/Documentos/Workspace/prototipo-vigia/vision/.venv/lib/python3.12/site-packages/httpx/_client.py", line 1657, in _send_handling_auth
    response = await self._send_handling_redirects(
               ^^^^^^^^^^^^^^^^^^^^^^^^^^^^^^^^^^^^
  File "/home/raftlee/Documentos/Workspace/prototipo-vigia/vision/.venv/lib/python3.12/site-packages/httpx/_client.py", line 1694, in _send_handling_redirects
    response = await self._send_single_request(request)
               ^^^^^^^^^^^^^^^^^^^^^^^^^^^^^^^^^^^^^^^^
  File "/home/raftlee/Documentos/Workspace/prototipo-vigia/vision/.venv/lib/python3.12/site-packages/httpx/_client.py", line 1730, in _send_single_request
    response = await transport.handle_async_request(request)
               ^^^^^^^^^^^^^^^^^^^^^^^^^^^^^^^^^^^^^^^^^^^^^
  File "/home/raftlee/Documentos/Workspace/prototipo-vigia/vision/.venv/lib/python3.12/site-packages/httpx/_transports/default.py", line 393, in handle_async_request
    with map_httpcore_exceptions():
  File "/usr/lib/python3.12/contextlib.py", line 158, in __exit__
    self.gen.throw(value)
  File "/home/raftlee/Documentos/Workspace/prototipo-vigia/vision/.venv/lib/python3.12/site-packages/httpx/_transports/default.py", line 118, in map_httpcore_exceptions
    raise mapped_exc(message) from exc
httpx.ReadTimeout
2026-08-19 20:38:55,590 src.backend_client ERROR Fallo al enviar evento frame 1170
Traceback (most recent call last):
  File "/home/raftlee/Documentos/Workspace/prototipo-vigia/vision/.venv/lib/python3.12/site-packages/httpx/_transports/default.py", line 101, in map_httpcore_exceptions
    yield
  File "/home/raftlee/Documentos/Workspace/prototipo-vigia/vision/.venv/lib/python3.12/site-packages/httpx/_transports/default.py", line 394, in handle_async_request
    resp = await self._pool.handle_async_request(req)
           ^^^^^^^^^^^^^^^^^^^^^^^^^^^^^^^^^^^^^^^^^^
  File "/home/raftlee/Documentos/Workspace/prototipo-vigia/vision/.venv/lib/python3.12/site-packages/httpcore/_async/connection_pool.py", line 256, in handle_async_request
    raise exc from None
  File "/home/raftlee/Documentos/Workspace/prototipo-vigia/vision/.venv/lib/python3.12/site-packages/httpcore/_async/connection_pool.py", line 236, in handle_async_request
    response = await connection.handle_async_request(
               ^^^^^^^^^^^^^^^^^^^^^^^^^^^^^^^^^^^^^^
  File "/home/raftlee/Documentos/Workspace/prototipo-vigia/vision/.venv/lib/python3.12/site-packages/httpcore/_async/connection.py", line 103, in handle_async_request
    return await self._connection.handle_async_request(request)
           ^^^^^^^^^^^^^^^^^^^^^^^^^^^^^^^^^^^^^^^^^^^^^^^^^^^^
  File "/home/raftlee/Documentos/Workspace/prototipo-vigia/vision/.venv/lib/python3.12/site-packages/httpcore/_async/http11.py", line 136, in handle_async_request
    raise exc
  File "/home/raftlee/Documentos/Workspace/prototipo-vigia/vision/.venv/lib/python3.12/site-packages/httpcore/_async/http11.py", line 106, in handle_async_request
    ) = await self._receive_response_headers(**kwargs)
        ^^^^^^^^^^^^^^^^^^^^^^^^^^^^^^^^^^^^^^^^^^^^^^
  File "/home/raftlee/Documentos/Workspace/prototipo-vigia/vision/.venv/lib/python3.12/site-packages/httpcore/_async/http11.py", line 177, in _receive_response_headers
    event = await self._receive_event(timeout=timeout)
            ^^^^^^^^^^^^^^^^^^^^^^^^^^^^^^^^^^^^^^^^^^
  File "/home/raftlee/Documentos/Workspace/prototipo-vigia/vision/.venv/lib/python3.12/site-packages/httpcore/_async/http11.py", line 217, in _receive_event
    data = await self._network_stream.read(
           ^^^^^^^^^^^^^^^^^^^^^^^^^^^^^^^^
  File "/home/raftlee/Documentos/Workspace/prototipo-vigia/vision/.venv/lib/python3.12/site-packages/httpcore/_backends/anyio.py", line 32, in read
    with map_exceptions(exc_map):
  File "/usr/lib/python3.12/contextlib.py", line 158, in __exit__
    self.gen.throw(value)
  File "/home/raftlee/Documentos/Workspace/prototipo-vigia/vision/.venv/lib/python3.12/site-packages/httpcore/_exceptions.py", line 14, in map_exceptions
    raise to_exc(exc) from exc
httpcore.ReadTimeout

The above exception was the direct cause of the following exception:

Traceback (most recent call last):
  File "/home/raftlee/Documentos/Workspace/prototipo-vigia/vision/src/backend_client.py", line 19, in enviar
    resp = await client.post(self.url, json=evento)
           ^^^^^^^^^^^^^^^^^^^^^^^^^^^^^^^^^^^^^^^^
  File "/home/raftlee/Documentos/Workspace/prototipo-vigia/vision/.venv/lib/python3.12/site-packages/httpx/_client.py", line 1859, in post
    return await self.request(
           ^^^^^^^^^^^^^^^^^^^
  File "/home/raftlee/Documentos/Workspace/prototipo-vigia/vision/.venv/lib/python3.12/site-packages/httpx/_client.py", line 1540, in request
    return await self.send(request, auth=auth, follow_redirects=follow_redirects)
           ^^^^^^^^^^^^^^^^^^^^^^^^^^^^^^^^^^^^^^^^^^^^^^^^^^^^^^^^^^^^^^^^^^^^^^
  File "/home/raftlee/Documentos/Workspace/prototipo-vigia/vision/.venv/lib/python3.12/site-packages/httpx/_client.py", line 1629, in send
    response = await self._send_handling_auth(
               ^^^^^^^^^^^^^^^^^^^^^^^^^^^^^^^
  File "/home/raftlee/Documentos/Workspace/prototipo-vigia/vision/.venv/lib/python3.12/site-packages/httpx/_client.py", line 1657, in _send_handling_auth
    response = await self._send_handling_redirects(
               ^^^^^^^^^^^^^^^^^^^^^^^^^^^^^^^^^^^^
  File "/home/raftlee/Documentos/Workspace/prototipo-vigia/vision/.venv/lib/python3.12/site-packages/httpx/_client.py", line 1694, in _send_handling_redirects
    response = await self._send_single_request(request)
               ^^^^^^^^^^^^^^^^^^^^^^^^^^^^^^^^^^^^^^^^
  File "/home/raftlee/Documentos/Workspace/prototipo-vigia/vision/.venv/lib/python3.12/site-packages/httpx/_client.py", line 1730, in _send_single_request
    response = await transport.handle_async_request(request)
               ^^^^^^^^^^^^^^^^^^^^^^^^^^^^^^^^^^^^^^^^^^^^^
  File "/home/raftlee/Documentos/Workspace/prototipo-vigia/vision/.venv/lib/python3.12/site-packages/httpx/_transports/default.py", line 393, in handle_async_request
    with map_httpcore_exceptions():
  File "/usr/lib/python3.12/contextlib.py", line 158, in __exit__
    self.gen.throw(value)
  File "/home/raftlee/Documentos/Workspace/prototipo-vigia/vision/.venv/lib/python3.12/site-packages/httpx/_transports/default.py", line 118, in map_httpcore_exceptions
    raise mapped_exc(message) from exc
httpx.ReadTimeout
2026-08-19 20:39:03,592 src.backend_client ERROR Se agotaron los reintentos para el frame 1170
2026-08-19 20:39:03,593 vision INFO frame=1170 detectados=4 enviado=False
2026-08-19 20:39:03,662 vision INFO Bucle finalizado, reiniciando la fuente…
2026-08-19 20:39:15,491 src.backend_client ERROR Fallo al enviar evento frame 30
Traceback (most recent call last):
  File "/home/raftlee/Documentos/Workspace/prototipo-vigia/vision/.venv/lib/python3.12/site-packages/httpx/_transports/default.py", line 101, in map_httpcore_exceptions
    yield
  File "/home/raftlee/Documentos/Workspace/prototipo-vigia/vision/.venv/lib/python3.12/site-packages/httpx/_transports/default.py", line 394, in handle_async_request
    resp = await self._pool.handle_async_request(req)
           ^^^^^^^^^^^^^^^^^^^^^^^^^^^^^^^^^^^^^^^^^^
  File "/home/raftlee/Documentos/Workspace/prototipo-vigia/vision/.venv/lib/python3.12/site-packages/httpcore/_async/connection_pool.py", line 256, in handle_async_request
    raise exc from None
  File "/home/raftlee/Documentos/Workspace/prototipo-vigia/vision/.venv/lib/python3.12/site-packages/httpcore/_async/connection_pool.py", line 236, in handle_async_request
    response = await connection.handle_async_request(
               ^^^^^^^^^^^^^^^^^^^^^^^^^^^^^^^^^^^^^^
  File "/home/raftlee/Documentos/Workspace/prototipo-vigia/vision/.venv/lib/python3.12/site-packages/httpcore/_async/connection.py", line 103, in handle_async_request
    return await self._connection.handle_async_request(request)
           ^^^^^^^^^^^^^^^^^^^^^^^^^^^^^^^^^^^^^^^^^^^^^^^^^^^^
  File "/home/raftlee/Documentos/Workspace/prototipo-vigia/vision/.venv/lib/python3.12/site-packages/httpcore/_async/http11.py", line 136, in handle_async_request
    raise exc
  File "/home/raftlee/Documentos/Workspace/prototipo-vigia/vision/.venv/lib/python3.12/site-packages/httpcore/_async/http11.py", line 106, in handle_async_request
    ) = await self._receive_response_headers(**kwargs)
        ^^^^^^^^^^^^^^^^^^^^^^^^^^^^^^^^^^^^^^^^^^^^^^
  File "/home/raftlee/Documentos/Workspace/prototipo-vigia/vision/.venv/lib/python3.12/site-packages/httpcore/_async/http11.py", line 177, in _receive_response_headers
    event = await self._receive_event(timeout=timeout)
            ^^^^^^^^^^^^^^^^^^^^^^^^^^^^^^^^^^^^^^^^^^
  File "/home/raftlee/Documentos/Workspace/prototipo-vigia/vision/.venv/lib/python3.12/site-packages/httpcore/_async/http11.py", line 217, in _receive_event
    data = await self._network_stream.read(
           ^^^^^^^^^^^^^^^^^^^^^^^^^^^^^^^^
  File "/home/raftlee/Documentos/Workspace/prototipo-vigia/vision/.venv/lib/python3.12/site-packages/httpcore/_backends/anyio.py", line 32, in read
    with map_exceptions(exc_map):
  File "/usr/lib/python3.12/contextlib.py", line 158, in __exit__
    self.gen.throw(value)
  File "/home/raftlee/Documentos/Workspace/prototipo-vigia/vision/.venv/lib/python3.12/site-packages/httpcore/_exceptions.py", line 14, in map_exceptions
    raise to_exc(exc) from exc
httpcore.ReadTimeout

The above exception was the direct cause of the following exception:

Traceback (most recent call last):
  File "/home/raftlee/Documentos/Workspace/prototipo-vigia/vision/src/backend_client.py", line 19, in enviar
    resp = await client.post(self.url, json=evento)
           ^^^^^^^^^^^^^^^^^^^^^^^^^^^^^^^^^^^^^^^^
  File "/home/raftlee/Documentos/Workspace/prototipo-vigia/vision/.venv/lib/python3.12/site-packages/httpx/_client.py", line 1859, in post
    return await self.request(
           ^^^^^^^^^^^^^^^^^^^
  File "/home/raftlee/Documentos/Workspace/prototipo-vigia/vision/.venv/lib/python3.12/site-packages/httpx/_client.py", line 1540, in request
    return await self.send(request, auth=auth, follow_redirects=follow_redirects)
           ^^^^^^^^^^^^^^^^^^^^^^^^^^^^^^^^^^^^^^^^^^^^^^^^^^^^^^^^^^^^^^^^^^^^^^
  File "/home/raftlee/Documentos/Workspace/prototipo-vigia/vision/.venv/lib/python3.12/site-packages/httpx/_client.py", line 1629, in send
    response = await self._send_handling_auth(
               ^^^^^^^^^^^^^^^^^^^^^^^^^^^^^^^
  File "/home/raftlee/Documentos/Workspace/prototipo-vigia/vision/.venv/lib/python3.12/site-packages/httpx/_client.py", line 1657, in _send_handling_auth
    response = await self._send_handling_redirects(
               ^^^^^^^^^^^^^^^^^^^^^^^^^^^^^^^^^^^^
  File "/home/raftlee/Documentos/Workspace/prototipo-vigia/vision/.venv/lib/python3.12/site-packages/httpx/_client.py", line 1694, in _send_handling_redirects
    response = await self._send_single_request(request)
               ^^^^^^^^^^^^^^^^^^^^^^^^^^^^^^^^^^^^^^^^
  File "/home/raftlee/Documentos/Workspace/prototipo-vigia/vision/.venv/lib/python3.12/site-packages/httpx/_client.py", line 1730, in _send_single_request
    response = await transport.handle_async_request(request)
               ^^^^^^^^^^^^^^^^^^^^^^^^^^^^^^^^^^^^^^^^^^^^^
  File "/home/raftlee/Documentos/Workspace/prototipo-vigia/vision/.venv/lib/python3.12/site-packages/httpx/_transports/default.py", line 393, in handle_async_request
    with map_httpcore_exceptions():
  File "/usr/lib/python3.12/contextlib.py", line 158, in __exit__
    self.gen.throw(value)
  File "/home/raftlee/Documentos/Workspace/prototipo-vigia/vision/.venv/lib/python3.12/site-packages/httpx/_transports/default.py", line 118, in map_httpcore_exceptions
    raise mapped_exc(message) from exc
httpx.ReadTimeout
2026-08-19 20:39:27,519 src.backend_client ERROR Fallo al enviar evento frame 30
Traceback (most recent call last):
  File "/home/raftlee/Documentos/Workspace/prototipo-vigia/vision/.venv/lib/python3.12/site-packages/httpx/_transports/default.py", line 101, in map_httpcore_exceptions
    yield
  File "/home/raftlee/Documentos/Workspace/prototipo-vigia/vision/.venv/lib/python3.12/site-packages/httpx/_transports/default.py", line 394, in handle_async_request
    resp = await self._pool.handle_async_request(req)
           ^^^^^^^^^^^^^^^^^^^^^^^^^^^^^^^^^^^^^^^^^^
  File "/home/raftlee/Documentos/Workspace/prototipo-vigia/vision/.venv/lib/python3.12/site-packages/httpcore/_async/connection_pool.py", line 256, in handle_async_request
    raise exc from None
  File "/home/raftlee/Documentos/Workspace/prototipo-vigia/vision/.venv/lib/python3.12/site-packages/httpcore/_async/connection_pool.py", line 236, in handle_async_request
    response = await connection.handle_async_request(
               ^^^^^^^^^^^^^^^^^^^^^^^^^^^^^^^^^^^^^^
  File "/home/raftlee/Documentos/Workspace/prototipo-vigia/vision/.venv/lib/python3.12/site-packages/httpcore/_async/connection.py", line 103, in handle_async_request
    return await self._connection.handle_async_request(request)
           ^^^^^^^^^^^^^^^^^^^^^^^^^^^^^^^^^^^^^^^^^^^^^^^^^^^^
  File "/home/raftlee/Documentos/Workspace/prototipo-vigia/vision/.venv/lib/python3.12/site-packages/httpcore/_async/http11.py", line 136, in handle_async_request
    raise exc
  File "/home/raftlee/Documentos/Workspace/prototipo-vigia/vision/.venv/lib/python3.12/site-packages/httpcore/_async/http11.py", line 106, in handle_async_request
    ) = await self._receive_response_headers(**kwargs)
        ^^^^^^^^^^^^^^^^^^^^^^^^^^^^^^^^^^^^^^^^^^^^^^
  File "/home/raftlee/Documentos/Workspace/prototipo-vigia/vision/.venv/lib/python3.12/site-packages/httpcore/_async/http11.py", line 177, in _receive_response_headers
    event = await self._receive_event(timeout=timeout)
            ^^^^^^^^^^^^^^^^^^^^^^^^^^^^^^^^^^^^^^^^^^
  File "/home/raftlee/Documentos/Workspace/prototipo-vigia/vision/.venv/lib/python3.12/site-packages/httpcore/_async/http11.py", line 217, in _receive_event
    data = await self._network_stream.read(
           ^^^^^^^^^^^^^^^^^^^^^^^^^^^^^^^^
  File "/home/raftlee/Documentos/Workspace/prototipo-vigia/vision/.venv/lib/python3.12/site-packages/httpcore/_backends/anyio.py", line 32, in read
    with map_exceptions(exc_map):
  File "/usr/lib/python3.12/contextlib.py", line 158, in __exit__
    self.gen.throw(value)
  File "/home/raftlee/Documentos/Workspace/prototipo-vigia/vision/.venv/lib/python3.12/site-packages/httpcore/_exceptions.py", line 14, in map_exceptions
    raise to_exc(exc) from exc
httpcore.ReadTimeout

The above exception was the direct cause of the following exception:

Traceback (most recent call last):
  File "/home/raftlee/Documentos/Workspace/prototipo-vigia/vision/src/backend_client.py", line 19, in enviar
    resp = await client.post(self.url, json=evento)
           ^^^^^^^^^^^^^^^^^^^^^^^^^^^^^^^^^^^^^^^^
  File "/home/raftlee/Documentos/Workspace/prototipo-vigia/vision/.venv/lib/python3.12/site-packages/httpx/_client.py", line 1859, in post
    return await self.request(
           ^^^^^^^^^^^^^^^^^^^
  File "/home/raftlee/Documentos/Workspace/prototipo-vigia/vision/.venv/lib/python3.12/site-packages/httpx/_client.py", line 1540, in request
    return await self.send(request, auth=auth, follow_redirects=follow_redirects)
           ^^^^^^^^^^^^^^^^^^^^^^^^^^^^^^^^^^^^^^^^^^^^^^^^^^^^^^^^^^^^^^^^^^^^^^
  File "/home/raftlee/Documentos/Workspace/prototipo-vigia/vision/.venv/lib/python3.12/site-packages/httpx/_client.py", line 1629, in send
    response = await self._send_handling_auth(
               ^^^^^^^^^^^^^^^^^^^^^^^^^^^^^^^
  File "/home/raftlee/Documentos/Workspace/prototipo-vigia/vision/.venv/lib/python3.12/site-packages/httpx/_client.py", line 1657, in _send_handling_auth
    response = await self._send_handling_redirects(
               ^^^^^^^^^^^^^^^^^^^^^^^^^^^^^^^^^^^^
  File "/home/raftlee/Documentos/Workspace/prototipo-vigia/vision/.venv/lib/python3.12/site-packages/httpx/_client.py", line 1694, in _send_handling_redirects
    response = await self._send_single_request(request)
               ^^^^^^^^^^^^^^^^^^^^^^^^^^^^^^^^^^^^^^^^
  File "/home/raftlee/Documentos/Workspace/prototipo-vigia/vision/.venv/lib/python3.12/site-packages/httpx/_client.py", line 1730, in _send_single_request
    response = await transport.handle_async_request(request)
               ^^^^^^^^^^^^^^^^^^^^^^^^^^^^^^^^^^^^^^^^^^^^^
  File "/home/raftlee/Documentos/Workspace/prototipo-vigia/vision/.venv/lib/python3.12/site-packages/httpx/_transports/default.py", line 393, in handle_async_request
    with map_httpcore_exceptions():
  File "/usr/lib/python3.12/contextlib.py", line 158, in __exit__
    self.gen.throw(value)
  File "/home/raftlee/Documentos/Workspace/prototipo-vigia/vision/.venv/lib/python3.12/site-packages/httpx/_transports/default.py", line 118, in map_httpcore_exceptions
    raise mapped_exc(message) from exc
httpx.ReadTimeout
2026-08-19 20:39:41,549 src.backend_client ERROR Fallo al enviar evento frame 30
Traceback (most recent call last):
  File "/home/raftlee/Documentos/Workspace/prototipo-vigia/vision/.venv/lib/python3.12/site-packages/httpx/_transports/default.py", line 101, in map_httpcore_exceptions
    yield
  File "/home/raftlee/Documentos/Workspace/prototipo-vigia/vision/.venv/lib/python3.12/site-packages/httpx/_transports/default.py", line 394, in handle_async_request
    resp = await self._pool.handle_async_request(req)
           ^^^^^^^^^^^^^^^^^^^^^^^^^^^^^^^^^^^^^^^^^^
  File "/home/raftlee/Documentos/Workspace/prototipo-vigia/vision/.venv/lib/python3.12/site-packages/httpcore/_async/connection_pool.py", line 256, in handle_async_request
    raise exc from None
  File "/home/raftlee/Documentos/Workspace/prototipo-vigia/vision/.venv/lib/python3.12/site-packages/httpcore/_async/connection_pool.py", line 236, in handle_async_request
    response = await connection.handle_async_request(
               ^^^^^^^^^^^^^^^^^^^^^^^^^^^^^^^^^^^^^^
  File "/home/raftlee/Documentos/Workspace/prototipo-vigia/vision/.venv/lib/python3.12/site-packages/httpcore/_async/connection.py", line 103, in handle_async_request
    return await self._connection.handle_async_request(request)
           ^^^^^^^^^^^^^^^^^^^^^^^^^^^^^^^^^^^^^^^^^^^^^^^^^^^^
  File "/home/raftlee/Documentos/Workspace/prototipo-vigia/vision/.venv/lib/python3.12/site-packages/httpcore/_async/http11.py", line 136, in handle_async_request
    raise exc
  File "/home/raftlee/Documentos/Workspace/prototipo-vigia/vision/.venv/lib/python3.12/site-packages/httpcore/_async/http11.py", line 106, in handle_async_request
    ) = await self._receive_response_headers(**kwargs)
        ^^^^^^^^^^^^^^^^^^^^^^^^^^^^^^^^^^^^^^^^^^^^^^
  File "/home/raftlee/Documentos/Workspace/prototipo-vigia/vision/.venv/lib/python3.12/site-packages/httpcore/_async/http11.py", line 177, in _receive_response_headers
    event = await self._receive_event(timeout=timeout)
            ^^^^^^^^^^^^^^^^^^^^^^^^^^^^^^^^^^^^^^^^^^
  File "/home/raftlee/Documentos/Workspace/prototipo-vigia/vision/.venv/lib/python3.12/site-packages/httpcore/_async/http11.py", line 217, in _receive_event
    data = await self._network_stream.read(
           ^^^^^^^^^^^^^^^^^^^^^^^^^^^^^^^^
  File "/home/raftlee/Documentos/Workspace/prototipo-vigia/vision/.venv/lib/python3.12/site-packages/httpcore/_backends/anyio.py", line 32, in read
    with map_exceptions(exc_map):
  File "/usr/lib/python3.12/contextlib.py", line 158, in __exit__
    self.gen.throw(value)
  File "/home/raftlee/Documentos/Workspace/prototipo-vigia/vision/.venv/lib/python3.12/site-packages/httpcore/_exceptions.py", line 14, in map_exceptions
    raise to_exc(exc) from exc
httpcore.ReadTimeout

The above exception was the direct cause of the following exception:

Traceback (most recent call last):
  File "/home/raftlee/Documentos/Workspace/prototipo-vigia/vision/src/backend_client.py", line 19, in enviar
    resp = await client.post(self.url, json=evento)
           ^^^^^^^^^^^^^^^^^^^^^^^^^^^^^^^^^^^^^^^^
  File "/home/raftlee/Documentos/Workspace/prototipo-vigia/vision/.venv/lib/python3.12/site-packages/httpx/_client.py", line 1859, in post
    return await self.request(
           ^^^^^^^^^^^^^^^^^^^
  File "/home/raftlee/Documentos/Workspace/prototipo-vigia/vision/.venv/lib/python3.12/site-packages/httpx/_client.py", line 1540, in request
    return await self.send(request, auth=auth, follow_redirects=follow_redirects)
           ^^^^^^^^^^^^^^^^^^^^^^^^^^^^^^^^^^^^^^^^^^^^^^^^^^^^^^^^^^^^^^^^^^^^^^
  File "/home/raftlee/Documentos/Workspace/prototipo-vigia/vision/.venv/lib/python3.12/site-packages/httpx/_client.py", line 1629, in send
    response = await self._send_handling_auth(
               ^^^^^^^^^^^^^^^^^^^^^^^^^^^^^^^
  File "/home/raftlee/Documentos/Workspace/prototipo-vigia/vision/.venv/lib/python3.12/site-packages/httpx/_client.py", line 1657, in _send_handling_auth
    response = await self._send_handling_redirects(
               ^^^^^^^^^^^^^^^^^^^^^^^^^^^^^^^^^^^^
  File "/home/raftlee/Documentos/Workspace/prototipo-vigia/vision/.venv/lib/python3.12/site-packages/httpx/_client.py", line 1694, in _send_handling_redirects
    response = await self._send_single_request(request)
               ^^^^^^^^^^^^^^^^^^^^^^^^^^^^^^^^^^^^^^^^
  File "/home/raftlee/Documentos/Workspace/prototipo-vigia/vision/.venv/lib/python3.12/site-packages/httpx/_client.py", line 1730, in _send_single_request
    response = await transport.handle_async_request(request)
               ^^^^^^^^^^^^^^^^^^^^^^^^^^^^^^^^^^^^^^^^^^^^^
  File "/home/raftlee/Documentos/Workspace/prototipo-vigia/vision/.venv/lib/python3.12/site-packages/httpx/_transports/default.py", line 393, in handle_async_request
    with map_httpcore_exceptions():
  File "/usr/lib/python3.12/contextlib.py", line 158, in __exit__
    self.gen.throw(value)
  File "/home/raftlee/Documentos/Workspace/prototipo-vigia/vision/.venv/lib/python3.12/site-packages/httpx/_transports/default.py", line 118, in map_httpcore_exceptions
    raise mapped_exc(message) from exc
httpx.ReadTimeout
2026-08-19 20:39:49,551 src.backend_client ERROR Se agotaron los reintentos para el frame 30
2026-08-19 20:39:49,551 vision INFO frame=30 detectados=10 enviado=False
2026-08-19 20:40:00,102 src.backend_client ERROR Fallo al enviar evento frame 60
Traceback (most recent call last):
  File "/home/raftlee/Documentos/Workspace/prototipo-vigia/vision/.venv/lib/python3.12/site-packages/httpx/_transports/default.py", line 101, in map_httpcore_exceptions
    yield
  File "/home/raftlee/Documentos/Workspace/prototipo-vigia/vision/.venv/lib/python3.12/site-packages/httpx/_transports/default.py", line 394, in handle_async_request
    resp = await self._pool.handle_async_request(req)
           ^^^^^^^^^^^^^^^^^^^^^^^^^^^^^^^^^^^^^^^^^^
  File "/home/raftlee/Documentos/Workspace/prototipo-vigia/vision/.venv/lib/python3.12/site-packages/httpcore/_async/connection_pool.py", line 256, in handle_async_request
    raise exc from None
  File "/home/raftlee/Documentos/Workspace/prototipo-vigia/vision/.venv/lib/python3.12/site-packages/httpcore/_async/connection_pool.py", line 236, in handle_async_request
    response = await connection.handle_async_request(
               ^^^^^^^^^^^^^^^^^^^^^^^^^^^^^^^^^^^^^^
  File "/home/raftlee/Documentos/Workspace/prototipo-vigia/vision/.venv/lib/python3.12/site-packages/httpcore/_async/connection.py", line 103, in handle_async_request
    return await self._connection.handle_async_request(request)
           ^^^^^^^^^^^^^^^^^^^^^^^^^^^^^^^^^^^^^^^^^^^^^^^^^^^^
  File "/home/raftlee/Documentos/Workspace/prototipo-vigia/vision/.venv/lib/python3.12/site-packages/httpcore/_async/http11.py", line 136, in handle_async_request
    raise exc
  File "/home/raftlee/Documentos/Workspace/prototipo-vigia/vision/.venv/lib/python3.12/site-packages/httpcore/_async/http11.py", line 106, in handle_async_request
    ) = await self._receive_response_headers(**kwargs)
        ^^^^^^^^^^^^^^^^^^^^^^^^^^^^^^^^^^^^^^^^^^^^^^
  File "/home/raftlee/Documentos/Workspace/prototipo-vigia/vision/.venv/lib/python3.12/site-packages/httpcore/_async/http11.py", line 177, in _receive_response_headers
    event = await self._receive_event(timeout=timeout)
            ^^^^^^^^^^^^^^^^^^^^^^^^^^^^^^^^^^^^^^^^^^
  File "/home/raftlee/Documentos/Workspace/prototipo-vigia/vision/.venv/lib/python3.12/site-packages/httpcore/_async/http11.py", line 217, in _receive_event
    data = await self._network_stream.read(
           ^^^^^^^^^^^^^^^^^^^^^^^^^^^^^^^^
  File "/home/raftlee/Documentos/Workspace/prototipo-vigia/vision/.venv/lib/python3.12/site-packages/httpcore/_backends/anyio.py", line 32, in read
    with map_exceptions(exc_map):
  File "/usr/lib/python3.12/contextlib.py", line 158, in __exit__
    self.gen.throw(value)
  File "/home/raftlee/Documentos/Workspace/prototipo-vigia/vision/.venv/lib/python3.12/site-packages/httpcore/_exceptions.py", line 14, in map_exceptions
    raise to_exc(exc) from exc
httpcore.ReadTimeout

The above exception was the direct cause of the following exception:

Traceback (most recent call last):
  File "/home/raftlee/Documentos/Workspace/prototipo-vigia/vision/src/backend_client.py", line 19, in enviar
    resp = await client.post(self.url, json=evento)
           ^^^^^^^^^^^^^^^^^^^^^^^^^^^^^^^^^^^^^^^^
  File "/home/raftlee/Documentos/Workspace/prototipo-vigia/vision/.venv/lib/python3.12/site-packages/httpx/_client.py", line 1859, in post
    return await self.request(
           ^^^^^^^^^^^^^^^^^^^
  File "/home/raftlee/Documentos/Workspace/prototipo-vigia/vision/.venv/lib/python3.12/site-packages/httpx/_client.py", line 1540, in request
    return await self.send(request, auth=auth, follow_redirects=follow_redirects)
           ^^^^^^^^^^^^^^^^^^^^^^^^^^^^^^^^^^^^^^^^^^^^^^^^^^^^^^^^^^^^^^^^^^^^^^
  File "/home/raftlee/Documentos/Workspace/prototipo-vigia/vision/.venv/lib/python3.12/site-packages/httpx/_client.py", line 1629, in send
    response = await self._send_handling_auth(
               ^^^^^^^^^^^^^^^^^^^^^^^^^^^^^^^
  File "/home/raftlee/Documentos/Workspace/prototipo-vigia/vision/.venv/lib/python3.12/site-packages/httpx/_client.py", line 1657, in _send_handling_auth
    response = await self._send_handling_redirects(
               ^^^^^^^^^^^^^^^^^^^^^^^^^^^^^^^^^^^^
  File "/home/raftlee/Documentos/Workspace/prototipo-vigia/vision/.venv/lib/python3.12/site-packages/httpx/_client.py", line 1694, in _send_handling_redirects
    response = await self._send_single_request(request)
               ^^^^^^^^^^^^^^^^^^^^^^^^^^^^^^^^^^^^^^^^
  File "/home/raftlee/Documentos/Workspace/prototipo-vigia/vision/.venv/lib/python3.12/site-packages/httpx/_client.py", line 1730, in _send_single_request
    response = await transport.handle_async_request(request)
               ^^^^^^^^^^^^^^^^^^^^^^^^^^^^^^^^^^^^^^^^^^^^^
  File "/home/raftlee/Documentos/Workspace/prototipo-vigia/vision/.venv/lib/python3.12/site-packages/httpx/_transports/default.py", line 393, in handle_async_request
    with map_httpcore_exceptions():
  File "/usr/lib/python3.12/contextlib.py", line 158, in __exit__
    self.gen.throw(value)
  File "/home/raftlee/Documentos/Workspace/prototipo-vigia/vision/.venv/lib/python3.12/site-packages/httpx/_transports/default.py", line 118, in map_httpcore_exceptions
    raise mapped_exc(message) from exc
httpx.ReadTimeout
2026-08-19 20:40:12,133 src.backend_client ERROR Fallo al enviar evento frame 60
Traceback (most recent call last):
  File "/home/raftlee/Documentos/Workspace/prototipo-vigia/vision/.venv/lib/python3.12/site-packages/httpx/_transports/default.py", line 101, in map_httpcore_exceptions
    yield
  File "/home/raftlee/Documentos/Workspace/prototipo-vigia/vision/.venv/lib/python3.12/site-packages/httpx/_transports/default.py", line 394, in handle_async_request
    resp = await self._pool.handle_async_request(req)
           ^^^^^^^^^^^^^^^^^^^^^^^^^^^^^^^^^^^^^^^^^^
  File "/home/raftlee/Documentos/Workspace/prototipo-vigia/vision/.venv/lib/python3.12/site-packages/httpcore/_async/connection_pool.py", line 256, in handle_async_request
    raise exc from None
  File "/home/raftlee/Documentos/Workspace/prototipo-vigia/vision/.venv/lib/python3.12/site-packages/httpcore/_async/connection_pool.py", line 236, in handle_async_request
    response = await connection.handle_async_request(
               ^^^^^^^^^^^^^^^^^^^^^^^^^^^^^^^^^^^^^^
  File "/home/raftlee/Documentos/Workspace/prototipo-vigia/vision/.venv/lib/python3.12/site-packages/httpcore/_async/connection.py", line 103, in handle_async_request
    return await self._connection.handle_async_request(request)
           ^^^^^^^^^^^^^^^^^^^^^^^^^^^^^^^^^^^^^^^^^^^^^^^^^^^^
  File "/home/raftlee/Documentos/Workspace/prototipo-vigia/vision/.venv/lib/python3.12/site-packages/httpcore/_async/http11.py", line 136, in handle_async_request
    raise exc
  File "/home/raftlee/Documentos/Workspace/prototipo-vigia/vision/.venv/lib/python3.12/site-packages/httpcore/_async/http11.py", line 106, in handle_async_request
    ) = await self._receive_response_headers(**kwargs)
        ^^^^^^^^^^^^^^^^^^^^^^^^^^^^^^^^^^^^^^^^^^^^^^
  File "/home/raftlee/Documentos/Workspace/prototipo-vigia/vision/.venv/lib/python3.12/site-packages/httpcore/_async/http11.py", line 177, in _receive_response_headers
    event = await self._receive_event(timeout=timeout)
            ^^^^^^^^^^^^^^^^^^^^^^^^^^^^^^^^^^^^^^^^^^
  File "/home/raftlee/Documentos/Workspace/prototipo-vigia/vision/.venv/lib/python3.12/site-packages/httpcore/_async/http11.py", line 217, in _receive_event
    data = await self._network_stream.read(
           ^^^^^^^^^^^^^^^^^^^^^^^^^^^^^^^^
  File "/home/raftlee/Documentos/Workspace/prototipo-vigia/vision/.venv/lib/python3.12/site-packages/httpcore/_backends/anyio.py", line 32, in read
    with map_exceptions(exc_map):
  File "/usr/lib/python3.12/contextlib.py", line 158, in __exit__
    self.gen.throw(value)
  File "/home/raftlee/Documentos/Workspace/prototipo-vigia/vision/.venv/lib/python3.12/site-packages/httpcore/_exceptions.py", line 14, in map_exceptions
    raise to_exc(exc) from exc
httpcore.ReadTimeout

The above exception was the direct cause of the following exception:

Traceback (most recent call last):
  File "/home/raftlee/Documentos/Workspace/prototipo-vigia/vision/src/backend_client.py", line 19, in enviar
    resp = await client.post(self.url, json=evento)
           ^^^^^^^^^^^^^^^^^^^^^^^^^^^^^^^^^^^^^^^^
  File "/home/raftlee/Documentos/Workspace/prototipo-vigia/vision/.venv/lib/python3.12/site-packages/httpx/_client.py", line 1859, in post
    return await self.request(
           ^^^^^^^^^^^^^^^^^^^
  File "/home/raftlee/Documentos/Workspace/prototipo-vigia/vision/.venv/lib/python3.12/site-packages/httpx/_client.py", line 1540, in request
    return await self.send(request, auth=auth, follow_redirects=follow_redirects)
           ^^^^^^^^^^^^^^^^^^^^^^^^^^^^^^^^^^^^^^^^^^^^^^^^^^^^^^^^^^^^^^^^^^^^^^
  File "/home/raftlee/Documentos/Workspace/prototipo-vigia/vision/.venv/lib/python3.12/site-packages/httpx/_client.py", line 1629, in send
    response = await self._send_handling_auth(
               ^^^^^^^^^^^^^^^^^^^^^^^^^^^^^^^
  File "/home/raftlee/Documentos/Workspace/prototipo-vigia/vision/.venv/lib/python3.12/site-packages/httpx/_client.py", line 1657, in _send_handling_auth
    response = await self._send_handling_redirects(
               ^^^^^^^^^^^^^^^^^^^^^^^^^^^^^^^^^^^^
  File "/home/raftlee/Documentos/Workspace/prototipo-vigia/vision/.venv/lib/python3.12/site-packages/httpx/_client.py", line 1694, in _send_handling_redirects
    response = await self._send_single_request(request)
               ^^^^^^^^^^^^^^^^^^^^^^^^^^^^^^^^^^^^^^^^
  File "/home/raftlee/Documentos/Workspace/prototipo-vigia/vision/.venv/lib/python3.12/site-packages/httpx/_client.py", line 1730, in _send_single_request
    response = await transport.handle_async_request(request)
               ^^^^^^^^^^^^^^^^^^^^^^^^^^^^^^^^^^^^^^^^^^^^^
  File "/home/raftlee/Documentos/Workspace/prototipo-vigia/vision/.venv/lib/python3.12/site-packages/httpx/_transports/default.py", line 393, in handle_async_request
    with map_httpcore_exceptions():
  File "/usr/lib/python3.12/contextlib.py", line 158, in __exit__
    self.gen.throw(value)
  File "/home/raftlee/Documentos/Workspace/prototipo-vigia/vision/.venv/lib/python3.12/site-packages/httpx/_transports/default.py", line 118, in map_httpcore_exceptions
    raise mapped_exc(message) from exc
httpx.ReadTimeout
2026-08-19 20:40:26,163 src.backend_client ERROR Fallo al enviar evento frame 60
Traceback (most recent call last):
  File "/home/raftlee/Documentos/Workspace/prototipo-vigia/vision/.venv/lib/python3.12/site-packages/httpx/_transports/default.py", line 101, in map_httpcore_exceptions
    yield
  File "/home/raftlee/Documentos/Workspace/prototipo-vigia/vision/.venv/lib/python3.12/site-packages/httpx/_transports/default.py", line 394, in handle_async_request
    resp = await self._pool.handle_async_request(req)
           ^^^^^^^^^^^^^^^^^^^^^^^^^^^^^^^^^^^^^^^^^^
  File "/home/raftlee/Documentos/Workspace/prototipo-vigia/vision/.venv/lib/python3.12/site-packages/httpcore/_async/connection_pool.py", line 256, in handle_async_request
    raise exc from None
  File "/home/raftlee/Documentos/Workspace/prototipo-vigia/vision/.venv/lib/python3.12/site-packages/httpcore/_async/connection_pool.py", line 236, in handle_async_request
    response = await connection.handle_async_request(
               ^^^^^^^^^^^^^^^^^^^^^^^^^^^^^^^^^^^^^^
  File "/home/raftlee/Documentos/Workspace/prototipo-vigia/vision/.venv/lib/python3.12/site-packages/httpcore/_async/connection.py", line 103, in handle_async_request
    return await self._connection.handle_async_request(request)
           ^^^^^^^^^^^^^^^^^^^^^^^^^^^^^^^^^^^^^^^^^^^^^^^^^^^^
  File "/home/raftlee/Documentos/Workspace/prototipo-vigia/vision/.venv/lib/python3.12/site-packages/httpcore/_async/http11.py", line 136, in handle_async_request
    raise exc
  File "/home/raftlee/Documentos/Workspace/prototipo-vigia/vision/.venv/lib/python3.12/site-packages/httpcore/_async/http11.py", line 106, in handle_async_request
    ) = await self._receive_response_headers(**kwargs)
        ^^^^^^^^^^^^^^^^^^^^^^^^^^^^^^^^^^^^^^^^^^^^^^
  File "/home/raftlee/Documentos/Workspace/prototipo-vigia/vision/.venv/lib/python3.12/site-packages/httpcore/_async/http11.py", line 177, in _receive_response_headers
    event = await self._receive_event(timeout=timeout)
            ^^^^^^^^^^^^^^^^^^^^^^^^^^^^^^^^^^^^^^^^^^
  File "/home/raftlee/Documentos/Workspace/prototipo-vigia/vision/.venv/lib/python3.12/site-packages/httpcore/_async/http11.py", line 217, in _receive_event
    data = await self._network_stream.read(
           ^^^^^^^^^^^^^^^^^^^^^^^^^^^^^^^^
  File "/home/raftlee/Documentos/Workspace/prototipo-vigia/vision/.venv/lib/python3.12/site-packages/httpcore/_backends/anyio.py", line 32, in read
    with map_exceptions(exc_map):
  File "/usr/lib/python3.12/contextlib.py", line 158, in __exit__
    self.gen.throw(value)
  File "/home/raftlee/Documentos/Workspace/prototipo-vigia/vision/.venv/lib/python3.12/site-packages/httpcore/_exceptions.py", line 14, in map_exceptions
    raise to_exc(exc) from exc
httpcore.ReadTimeout

The above exception was the direct cause of the following exception:

Traceback (most recent call last):
  File "/home/raftlee/Documentos/Workspace/prototipo-vigia/vision/src/backend_client.py", line 19, in enviar
    resp = await client.post(self.url, json=evento)
           ^^^^^^^^^^^^^^^^^^^^^^^^^^^^^^^^^^^^^^^^
  File "/home/raftlee/Documentos/Workspace/prototipo-vigia/vision/.venv/lib/python3.12/site-packages/httpx/_client.py", line 1859, in post
    return await self.request(
           ^^^^^^^^^^^^^^^^^^^
  File "/home/raftlee/Documentos/Workspace/prototipo-vigia/vision/.venv/lib/python3.12/site-packages/httpx/_client.py", line 1540, in request
    return await self.send(request, auth=auth, follow_redirects=follow_redirects)
           ^^^^^^^^^^^^^^^^^^^^^^^^^^^^^^^^^^^^^^^^^^^^^^^^^^^^^^^^^^^^^^^^^^^^^^
  File "/home/raftlee/Documentos/Workspace/prototipo-vigia/vision/.venv/lib/python3.12/site-packages/httpx/_client.py", line 1629, in send
    response = await self._send_handling_auth(
               ^^^^^^^^^^^^^^^^^^^^^^^^^^^^^^^
  File "/home/raftlee/Documentos/Workspace/prototipo-vigia/vision/.venv/lib/python3.12/site-packages/httpx/_client.py", line 1657, in _send_handling_auth
    response = await self._send_handling_redirects(
               ^^^^^^^^^^^^^^^^^^^^^^^^^^^^^^^^^^^^
  File "/home/raftlee/Documentos/Workspace/prototipo-vigia/vision/.venv/lib/python3.12/site-packages/httpx/_client.py", line 1694, in _send_handling_redirects
    response = await self._send_single_request(request)
               ^^^^^^^^^^^^^^^^^^^^^^^^^^^^^^^^^^^^^^^^
  File "/home/raftlee/Documentos/Workspace/prototipo-vigia/vision/.venv/lib/python3.12/site-packages/httpx/_client.py", line 1730, in _send_single_request
    response = await transport.handle_async_request(request)
               ^^^^^^^^^^^^^^^^^^^^^^^^^^^^^^^^^^^^^^^^^^^^^
  File "/home/raftlee/Documentos/Workspace/prototipo-vigia/vision/.venv/lib/python3.12/site-packages/httpx/_transports/default.py", line 393, in handle_async_request
    with map_httpcore_exceptions():
  File "/usr/lib/python3.12/contextlib.py", line 158, in __exit__
    self.gen.throw(value)
  File "/home/raftlee/Documentos/Workspace/prototipo-vigia/vision/.venv/lib/python3.12/site-packages/httpx/_transports/default.py", line 118, in map_httpcore_exceptions
    raise mapped_exc(message) from exc
httpx.ReadTimeout
2026-08-19 20:40:34,165 src.backend_client ERROR Se agotaron los reintentos para el frame 60
2026-08-19 20:40:34,165 vision INFO frame=60 detectados=6 enviado=False
2026-08-19 20:40:44,867 src.backend_client ERROR Fallo al enviar evento frame 90
Traceback (most recent call last):
  File "/home/raftlee/Documentos/Workspace/prototipo-vigia/vision/.venv/lib/python3.12/site-packages/httpx/_transports/default.py", line 101, in map_httpcore_exceptions
    yield
  File "/home/raftlee/Documentos/Workspace/prototipo-vigia/vision/.venv/lib/python3.12/site-packages/httpx/_transports/default.py", line 394, in handle_async_request
    resp = await self._pool.handle_async_request(req)
           ^^^^^^^^^^^^^^^^^^^^^^^^^^^^^^^^^^^^^^^^^^
  File "/home/raftlee/Documentos/Workspace/prototipo-vigia/vision/.venv/lib/python3.12/site-packages/httpcore/_async/connection_pool.py", line 256, in handle_async_request
    raise exc from None
  File "/home/raftlee/Documentos/Workspace/prototipo-vigia/vision/.venv/lib/python3.12/site-packages/httpcore/_async/connection_pool.py", line 236, in handle_async_request
    response = await connection.handle_async_request(
               ^^^^^^^^^^^^^^^^^^^^^^^^^^^^^^^^^^^^^^
  File "/home/raftlee/Documentos/Workspace/prototipo-vigia/vision/.venv/lib/python3.12/site-packages/httpcore/_async/connection.py", line 103, in handle_async_request
    return await self._connection.handle_async_request(request)
           ^^^^^^^^^^^^^^^^^^^^^^^^^^^^^^^^^^^^^^^^^^^^^^^^^^^^
  File "/home/raftlee/Documentos/Workspace/prototipo-vigia/vision/.venv/lib/python3.12/site-packages/httpcore/_async/http11.py", line 136, in handle_async_request
    raise exc
  File "/home/raftlee/Documentos/Workspace/prototipo-vigia/vision/.venv/lib/python3.12/site-packages/httpcore/_async/http11.py", line 106, in handle_async_request
    ) = await self._receive_response_headers(**kwargs)
        ^^^^^^^^^^^^^^^^^^^^^^^^^^^^^^^^^^^^^^^^^^^^^^
  File "/home/raftlee/Documentos/Workspace/prototipo-vigia/vision/.venv/lib/python3.12/site-packages/httpcore/_async/http11.py", line 177, in _receive_response_headers
    event = await self._receive_event(timeout=timeout)
            ^^^^^^^^^^^^^^^^^^^^^^^^^^^^^^^^^^^^^^^^^^
  File "/home/raftlee/Documentos/Workspace/prototipo-vigia/vision/.venv/lib/python3.12/site-packages/httpcore/_async/http11.py", line 217, in _receive_event
    data = await self._network_stream.read(
           ^^^^^^^^^^^^^^^^^^^^^^^^^^^^^^^^
  File "/home/raftlee/Documentos/Workspace/prototipo-vigia/vision/.venv/lib/python3.12/site-packages/httpcore/_backends/anyio.py", line 32, in read
    with map_exceptions(exc_map):
  File "/usr/lib/python3.12/contextlib.py", line 158, in __exit__
    self.gen.throw(value)
  File "/home/raftlee/Documentos/Workspace/prototipo-vigia/vision/.venv/lib/python3.12/site-packages/httpcore/_exceptions.py", line 14, in map_exceptions
    raise to_exc(exc) from exc
httpcore.ReadTimeout

The above exception was the direct cause of the following exception:

Traceback (most recent call last):
  File "/home/raftlee/Documentos/Workspace/prototipo-vigia/vision/src/backend_client.py", line 19, in enviar
    resp = await client.post(self.url, json=evento)
           ^^^^^^^^^^^^^^^^^^^^^^^^^^^^^^^^^^^^^^^^
  File "/home/raftlee/Documentos/Workspace/prototipo-vigia/vision/.venv/lib/python3.12/site-packages/httpx/_client.py", line 1859, in post
    return await self.request(
           ^^^^^^^^^^^^^^^^^^^
  File "/home/raftlee/Documentos/Workspace/prototipo-vigia/vision/.venv/lib/python3.12/site-packages/httpx/_client.py", line 1540, in request
    return await self.send(request, auth=auth, follow_redirects=follow_redirects)
           ^^^^^^^^^^^^^^^^^^^^^^^^^^^^^^^^^^^^^^^^^^^^^^^^^^^^^^^^^^^^^^^^^^^^^^
  File "/home/raftlee/Documentos/Workspace/prototipo-vigia/vision/.venv/lib/python3.12/site-packages/httpx/_client.py", line 1629, in send
    response = await self._send_handling_auth(
               ^^^^^^^^^^^^^^^^^^^^^^^^^^^^^^^
  File "/home/raftlee/Documentos/Workspace/prototipo-vigia/vision/.venv/lib/python3.12/site-packages/httpx/_client.py", line 1657, in _send_handling_auth
    response = await self._send_handling_redirects(
               ^^^^^^^^^^^^^^^^^^^^^^^^^^^^^^^^^^^^
  File "/home/raftlee/Documentos/Workspace/prototipo-vigia/vision/.venv/lib/python3.12/site-packages/httpx/_client.py", line 1694, in _send_handling_redirects
    response = await self._send_single_request(request)
               ^^^^^^^^^^^^^^^^^^^^^^^^^^^^^^^^^^^^^^^^
  File "/home/raftlee/Documentos/Workspace/prototipo-vigia/vision/.venv/lib/python3.12/site-packages/httpx/_client.py", line 1730, in _send_single_request
    response = await transport.handle_async_request(request)
               ^^^^^^^^^^^^^^^^^^^^^^^^^^^^^^^^^^^^^^^^^^^^^
  File "/home/raftlee/Documentos/Workspace/prototipo-vigia/vision/.venv/lib/python3.12/site-packages/httpx/_transports/default.py", line 393, in handle_async_request
    with map_httpcore_exceptions():
  File "/usr/lib/python3.12/contextlib.py", line 158, in __exit__
    self.gen.throw(value)
  File "/home/raftlee/Documentos/Workspace/prototipo-vigia/vision/.venv/lib/python3.12/site-packages/httpx/_transports/default.py", line 118, in map_httpcore_exceptions
    raise mapped_exc(message) from exc
httpx.ReadTimeout
2026-08-19 20:40:56,897 src.backend_client ERROR Fallo al enviar evento frame 90
Traceback (most recent call last):
  File "/home/raftlee/Documentos/Workspace/prototipo-vigia/vision/.venv/lib/python3.12/site-packages/httpx/_transports/default.py", line 101, in map_httpcore_exceptions
    yield
  File "/home/raftlee/Documentos/Workspace/prototipo-vigia/vision/.venv/lib/python3.12/site-packages/httpx/_transports/default.py", line 394, in handle_async_request
    resp = await self._pool.handle_async_request(req)
           ^^^^^^^^^^^^^^^^^^^^^^^^^^^^^^^^^^^^^^^^^^
  File "/home/raftlee/Documentos/Workspace/prototipo-vigia/vision/.venv/lib/python3.12/site-packages/httpcore/_async/connection_pool.py", line 256, in handle_async_request
    raise exc from None
  File "/home/raftlee/Documentos/Workspace/prototipo-vigia/vision/.venv/lib/python3.12/site-packages/httpcore/_async/connection_pool.py", line 236, in handle_async_request
    response = await connection.handle_async_request(
               ^^^^^^^^^^^^^^^^^^^^^^^^^^^^^^^^^^^^^^
  File "/home/raftlee/Documentos/Workspace/prototipo-vigia/vision/.venv/lib/python3.12/site-packages/httpcore/_async/connection.py", line 103, in handle_async_request
    return await self._connection.handle_async_request(request)
           ^^^^^^^^^^^^^^^^^^^^^^^^^^^^^^^^^^^^^^^^^^^^^^^^^^^^
  File "/home/raftlee/Documentos/Workspace/prototipo-vigia/vision/.venv/lib/python3.12/site-packages/httpcore/_async/http11.py", line 136, in handle_async_request
    raise exc
  File "/home/raftlee/Documentos/Workspace/prototipo-vigia/vision/.venv/lib/python3.12/site-packages/httpcore/_async/http11.py", line 106, in handle_async_request
    ) = await self._receive_response_headers(**kwargs)
        ^^^^^^^^^^^^^^^^^^^^^^^^^^^^^^^^^^^^^^^^^^^^^^
  File "/home/raftlee/Documentos/Workspace/prototipo-vigia/vision/.venv/lib/python3.12/site-packages/httpcore/_async/http11.py", line 177, in _receive_response_headers
    event = await self._receive_event(timeout=timeout)
            ^^^^^^^^^^^^^^^^^^^^^^^^^^^^^^^^^^^^^^^^^^
  File "/home/raftlee/Documentos/Workspace/prototipo-vigia/vision/.venv/lib/python3.12/site-packages/httpcore/_async/http11.py", line 217, in _receive_event
    data = await self._network_stream.read(
           ^^^^^^^^^^^^^^^^^^^^^^^^^^^^^^^^
  File "/home/raftlee/Documentos/Workspace/prototipo-vigia/vision/.venv/lib/python3.12/site-packages/httpcore/_backends/anyio.py", line 32, in read
    with map_exceptions(exc_map):
  File "/usr/lib/python3.12/contextlib.py", line 158, in __exit__
    self.gen.throw(value)
  File "/home/raftlee/Documentos/Workspace/prototipo-vigia/vision/.venv/lib/python3.12/site-packages/httpcore/_exceptions.py", line 14, in map_exceptions
    raise to_exc(exc) from exc
httpcore.ReadTimeout

The above exception was the direct cause of the following exception:

Traceback (most recent call last):
  File "/home/raftlee/Documentos/Workspace/prototipo-vigia/vision/src/backend_client.py", line 19, in enviar
    resp = await client.post(self.url, json=evento)
           ^^^^^^^^^^^^^^^^^^^^^^^^^^^^^^^^^^^^^^^^
  File "/home/raftlee/Documentos/Workspace/prototipo-vigia/vision/.venv/lib/python3.12/site-packages/httpx/_client.py", line 1859, in post
    return await self.request(
           ^^^^^^^^^^^^^^^^^^^
  File "/home/raftlee/Documentos/Workspace/prototipo-vigia/vision/.venv/lib/python3.12/site-packages/httpx/_client.py", line 1540, in request
    return await self.send(request, auth=auth, follow_redirects=follow_redirects)
           ^^^^^^^^^^^^^^^^^^^^^^^^^^^^^^^^^^^^^^^^^^^^^^^^^^^^^^^^^^^^^^^^^^^^^^
  File "/home/raftlee/Documentos/Workspace/prototipo-vigia/vision/.venv/lib/python3.12/site-packages/httpx/_client.py", line 1629, in send
    response = await self._send_handling_auth(
               ^^^^^^^^^^^^^^^^^^^^^^^^^^^^^^^
  File "/home/raftlee/Documentos/Workspace/prototipo-vigia/vision/.venv/lib/python3.12/site-packages/httpx/_client.py", line 1657, in _send_handling_auth
    response = await self._send_handling_redirects(
               ^^^^^^^^^^^^^^^^^^^^^^^^^^^^^^^^^^^^
  File "/home/raftlee/Documentos/Workspace/prototipo-vigia/vision/.venv/lib/python3.12/site-packages/httpx/_client.py", line 1694, in _send_handling_redirects
    response = await self._send_single_request(request)
               ^^^^^^^^^^^^^^^^^^^^^^^^^^^^^^^^^^^^^^^^
  File "/home/raftlee/Documentos/Workspace/prototipo-vigia/vision/.venv/lib/python3.12/site-packages/httpx/_client.py", line 1730, in _send_single_request
    response = await transport.handle_async_request(request)
               ^^^^^^^^^^^^^^^^^^^^^^^^^^^^^^^^^^^^^^^^^^^^^
  File "/home/raftlee/Documentos/Workspace/prototipo-vigia/vision/.venv/lib/python3.12/site-packages/httpx/_transports/default.py", line 393, in handle_async_request
    with map_httpcore_exceptions():
  File "/usr/lib/python3.12/contextlib.py", line 158, in __exit__
    self.gen.throw(value)
  File "/home/raftlee/Documentos/Workspace/prototipo-vigia/vision/.venv/lib/python3.12/site-packages/httpx/_transports/default.py", line 118, in map_httpcore_exceptions
    raise mapped_exc(message) from exc
httpx.ReadTimeout
2026-08-19 20:41:10,923 src.backend_client ERROR Fallo al enviar evento frame 90
Traceback (most recent call last):
  File "/home/raftlee/Documentos/Workspace/prototipo-vigia/vision/.venv/lib/python3.12/site-packages/httpx/_transports/default.py", line 101, in map_httpcore_exceptions
    yield
  File "/home/raftlee/Documentos/Workspace/prototipo-vigia/vision/.venv/lib/python3.12/site-packages/httpx/_transports/default.py", line 394, in handle_async_request
    resp = await self._pool.handle_async_request(req)
           ^^^^^^^^^^^^^^^^^^^^^^^^^^^^^^^^^^^^^^^^^^
  File "/home/raftlee/Documentos/Workspace/prototipo-vigia/vision/.venv/lib/python3.12/site-packages/httpcore/_async/connection_pool.py", line 256, in handle_async_request
    raise exc from None
  File "/home/raftlee/Documentos/Workspace/prototipo-vigia/vision/.venv/lib/python3.12/site-packages/httpcore/_async/connection_pool.py", line 236, in handle_async_request
    response = await connection.handle_async_request(
               ^^^^^^^^^^^^^^^^^^^^^^^^^^^^^^^^^^^^^^
  File "/home/raftlee/Documentos/Workspace/prototipo-vigia/vision/.venv/lib/python3.12/site-packages/httpcore/_async/connection.py", line 103, in handle_async_request
    return await self._connection.handle_async_request(request)
           ^^^^^^^^^^^^^^^^^^^^^^^^^^^^^^^^^^^^^^^^^^^^^^^^^^^^
  File "/home/raftlee/Documentos/Workspace/prototipo-vigia/vision/.venv/lib/python3.12/site-packages/httpcore/_async/http11.py", line 136, in handle_async_request
    raise exc
  File "/home/raftlee/Documentos/Workspace/prototipo-vigia/vision/.venv/lib/python3.12/site-packages/httpcore/_async/http11.py", line 106, in handle_async_request
    ) = await self._receive_response_headers(**kwargs)
        ^^^^^^^^^^^^^^^^^^^^^^^^^^^^^^^^^^^^^^^^^^^^^^
  File "/home/raftlee/Documentos/Workspace/prototipo-vigia/vision/.venv/lib/python3.12/site-packages/httpcore/_async/http11.py", line 177, in _receive_response_headers
    event = await self._receive_event(timeout=timeout)
            ^^^^^^^^^^^^^^^^^^^^^^^^^^^^^^^^^^^^^^^^^^
  File "/home/raftlee/Documentos/Workspace/prototipo-vigia/vision/.venv/lib/python3.12/site-packages/httpcore/_async/http11.py", line 217, in _receive_event
    data = await self._network_stream.read(
           ^^^^^^^^^^^^^^^^^^^^^^^^^^^^^^^^
  File "/home/raftlee/Documentos/Workspace/prototipo-vigia/vision/.venv/lib/python3.12/site-packages/httpcore/_backends/anyio.py", line 32, in read
    with map_exceptions(exc_map):
  File "/usr/lib/python3.12/contextlib.py", line 158, in __exit__
    self.gen.throw(value)
  File "/home/raftlee/Documentos/Workspace/prototipo-vigia/vision/.venv/lib/python3.12/site-packages/httpcore/_exceptions.py", line 14, in map_exceptions
    raise to_exc(exc) from exc
httpcore.ReadTimeout

The above exception was the direct cause of the following exception:

Traceback (most recent call last):
  File "/home/raftlee/Documentos/Workspace/prototipo-vigia/vision/src/backend_client.py", line 19, in enviar
    resp = await client.post(self.url, json=evento)
           ^^^^^^^^^^^^^^^^^^^^^^^^^^^^^^^^^^^^^^^^
  File "/home/raftlee/Documentos/Workspace/prototipo-vigia/vision/.venv/lib/python3.12/site-packages/httpx/_client.py", line 1859, in post
    return await self.request(
           ^^^^^^^^^^^^^^^^^^^
  File "/home/raftlee/Documentos/Workspace/prototipo-vigia/vision/.venv/lib/python3.12/site-packages/httpx/_client.py", line 1540, in request
    return await self.send(request, auth=auth, follow_redirects=follow_redirects)
           ^^^^^^^^^^^^^^^^^^^^^^^^^^^^^^^^^^^^^^^^^^^^^^^^^^^^^^^^^^^^^^^^^^^^^^
  File "/home/raftlee/Documentos/Workspace/prototipo-vigia/vision/.venv/lib/python3.12/site-packages/httpx/_client.py", line 1629, in send
    response = await self._send_handling_auth(
               ^^^^^^^^^^^^^^^^^^^^^^^^^^^^^^^
  File "/home/raftlee/Documentos/Workspace/prototipo-vigia/vision/.venv/lib/python3.12/site-packages/httpx/_client.py", line 1657, in _send_handling_auth
    response = await self._send_handling_redirects(
               ^^^^^^^^^^^^^^^^^^^^^^^^^^^^^^^^^^^^
  File "/home/raftlee/Documentos/Workspace/prototipo-vigia/vision/.venv/lib/python3.12/site-packages/httpx/_client.py", line 1694, in _send_handling_redirects
    response = await self._send_single_request(request)
               ^^^^^^^^^^^^^^^^^^^^^^^^^^^^^^^^^^^^^^^^
  File "/home/raftlee/Documentos/Workspace/prototipo-vigia/vision/.venv/lib/python3.12/site-packages/httpx/_client.py", line 1730, in _send_single_request
    response = await transport.handle_async_request(request)
               ^^^^^^^^^^^^^^^^^^^^^^^^^^^^^^^^^^^^^^^^^^^^^
  File "/home/raftlee/Documentos/Workspace/prototipo-vigia/vision/.venv/lib/python3.12/site-packages/httpx/_transports/default.py", line 393, in handle_async_request
    with map_httpcore_exceptions():
  File "/usr/lib/python3.12/contextlib.py", line 158, in __exit__
    self.gen.throw(value)
  File "/home/raftlee/Documentos/Workspace/prototipo-vigia/vision/.venv/lib/python3.12/site-packages/httpx/_transports/default.py", line 118, in map_httpcore_exceptions
    raise mapped_exc(message) from exc
httpx.ReadTimeout
2026-08-19 20:41:18,926 src.backend_client ERROR Se agotaron los reintentos para el frame 90
2026-08-19 20:41:18,926 vision INFO frame=90 detectados=8 enviado=False
2026-08-19 20:41:29,727 src.backend_client ERROR Fallo al enviar evento frame 120
Traceback (most recent call last):
  File "/home/raftlee/Documentos/Workspace/prototipo-vigia/vision/.venv/lib/python3.12/site-packages/httpx/_transports/default.py", line 101, in map_httpcore_exceptions
    yield
  File "/home/raftlee/Documentos/Workspace/prototipo-vigia/vision/.venv/lib/python3.12/site-packages/httpx/_transports/default.py", line 394, in handle_async_request
    resp = await self._pool.handle_async_request(req)
           ^^^^^^^^^^^^^^^^^^^^^^^^^^^^^^^^^^^^^^^^^^
  File "/home/raftlee/Documentos/Workspace/prototipo-vigia/vision/.venv/lib/python3.12/site-packages/httpcore/_async/connection_pool.py", line 256, in handle_async_request
    raise exc from None
  File "/home/raftlee/Documentos/Workspace/prototipo-vigia/vision/.venv/lib/python3.12/site-packages/httpcore/_async/connection_pool.py", line 236, in handle_async_request
    response = await connection.handle_async_request(
               ^^^^^^^^^^^^^^^^^^^^^^^^^^^^^^^^^^^^^^
  File "/home/raftlee/Documentos/Workspace/prototipo-vigia/vision/.venv/lib/python3.12/site-packages/httpcore/_async/connection.py", line 103, in handle_async_request
    return await self._connection.handle_async_request(request)
           ^^^^^^^^^^^^^^^^^^^^^^^^^^^^^^^^^^^^^^^^^^^^^^^^^^^^
  File "/home/raftlee/Documentos/Workspace/prototipo-vigia/vision/.venv/lib/python3.12/site-packages/httpcore/_async/http11.py", line 136, in handle_async_request
    raise exc
  File "/home/raftlee/Documentos/Workspace/prototipo-vigia/vision/.venv/lib/python3.12/site-packages/httpcore/_async/http11.py", line 106, in handle_async_request
    ) = await self._receive_response_headers(**kwargs)
        ^^^^^^^^^^^^^^^^^^^^^^^^^^^^^^^^^^^^^^^^^^^^^^
  File "/home/raftlee/Documentos/Workspace/prototipo-vigia/vision/.venv/lib/python3.12/site-packages/httpcore/_async/http11.py", line 177, in _receive_response_headers
    event = await self._receive_event(timeout=timeout)
            ^^^^^^^^^^^^^^^^^^^^^^^^^^^^^^^^^^^^^^^^^^
  File "/home/raftlee/Documentos/Workspace/prototipo-vigia/vision/.venv/lib/python3.12/site-packages/httpcore/_async/http11.py", line 217, in _receive_event
    data = await self._network_stream.read(
           ^^^^^^^^^^^^^^^^^^^^^^^^^^^^^^^^
  File "/home/raftlee/Documentos/Workspace/prototipo-vigia/vision/.venv/lib/python3.12/site-packages/httpcore/_backends/anyio.py", line 32, in read
    with map_exceptions(exc_map):
  File "/usr/lib/python3.12/contextlib.py", line 158, in __exit__
    self.gen.throw(value)
  File "/home/raftlee/Documentos/Workspace/prototipo-vigia/vision/.venv/lib/python3.12/site-packages/httpcore/_exceptions.py", line 14, in map_exceptions
    raise to_exc(exc) from exc
httpcore.ReadTimeout

The above exception was the direct cause of the following exception:

Traceback (most recent call last):
  File "/home/raftlee/Documentos/Workspace/prototipo-vigia/vision/src/backend_client.py", line 19, in enviar
    resp = await client.post(self.url, json=evento)
           ^^^^^^^^^^^^^^^^^^^^^^^^^^^^^^^^^^^^^^^^
  File "/home/raftlee/Documentos/Workspace/prototipo-vigia/vision/.venv/lib/python3.12/site-packages/httpx/_client.py", line 1859, in post
    return await self.request(
           ^^^^^^^^^^^^^^^^^^^
  File "/home/raftlee/Documentos/Workspace/prototipo-vigia/vision/.venv/lib/python3.12/site-packages/httpx/_client.py", line 1540, in request
    return await self.send(request, auth=auth, follow_redirects=follow_redirects)
           ^^^^^^^^^^^^^^^^^^^^^^^^^^^^^^^^^^^^^^^^^^^^^^^^^^^^^^^^^^^^^^^^^^^^^^
  File "/home/raftlee/Documentos/Workspace/prototipo-vigia/vision/.venv/lib/python3.12/site-packages/httpx/_client.py", line 1629, in send
    response = await self._send_handling_auth(
               ^^^^^^^^^^^^^^^^^^^^^^^^^^^^^^^
  File "/home/raftlee/Documentos/Workspace/prototipo-vigia/vision/.venv/lib/python3.12/site-packages/httpx/_client.py", line 1657, in _send_handling_auth
    response = await self._send_handling_redirects(
               ^^^^^^^^^^^^^^^^^^^^^^^^^^^^^^^^^^^^
  File "/home/raftlee/Documentos/Workspace/prototipo-vigia/vision/.venv/lib/python3.12/site-packages/httpx/_client.py", line 1694, in _send_handling_redirects
    response = await self._send_single_request(request)
               ^^^^^^^^^^^^^^^^^^^^^^^^^^^^^^^^^^^^^^^^
  File "/home/raftlee/Documentos/Workspace/prototipo-vigia/vision/.venv/lib/python3.12/site-packages/httpx/_client.py", line 1730, in _send_single_request
    response = await transport.handle_async_request(request)
               ^^^^^^^^^^^^^^^^^^^^^^^^^^^^^^^^^^^^^^^^^^^^^
  File "/home/raftlee/Documentos/Workspace/prototipo-vigia/vision/.venv/lib/python3.12/site-packages/httpx/_transports/default.py", line 393, in handle_async_request
    with map_httpcore_exceptions():
  File "/usr/lib/python3.12/contextlib.py", line 158, in __exit__
    self.gen.throw(value)
  File "/home/raftlee/Documentos/Workspace/prototipo-vigia/vision/.venv/lib/python3.12/site-packages/httpx/_transports/default.py", line 118, in map_httpcore_exceptions
    raise mapped_exc(message) from exc
httpx.ReadTimeout
2026-08-19 20:41:41,755 src.backend_client ERROR Fallo al enviar evento frame 120
Traceback (most recent call last):
  File "/home/raftlee/Documentos/Workspace/prototipo-vigia/vision/.venv/lib/python3.12/site-packages/httpx/_transports/default.py", line 101, in map_httpcore_exceptions
    yield
  File "/home/raftlee/Documentos/Workspace/prototipo-vigia/vision/.venv/lib/python3.12/site-packages/httpx/_transports/default.py", line 394, in handle_async_request
    resp = await self._pool.handle_async_request(req)
           ^^^^^^^^^^^^^^^^^^^^^^^^^^^^^^^^^^^^^^^^^^
  File "/home/raftlee/Documentos/Workspace/prototipo-vigia/vision/.venv/lib/python3.12/site-packages/httpcore/_async/connection_pool.py", line 256, in handle_async_request
    raise exc from None
  File "/home/raftlee/Documentos/Workspace/prototipo-vigia/vision/.venv/lib/python3.12/site-packages/httpcore/_async/connection_pool.py", line 236, in handle_async_request
    response = await connection.handle_async_request(
               ^^^^^^^^^^^^^^^^^^^^^^^^^^^^^^^^^^^^^^
  File "/home/raftlee/Documentos/Workspace/prototipo-vigia/vision/.venv/lib/python3.12/site-packages/httpcore/_async/connection.py", line 103, in handle_async_request
    return await self._connection.handle_async_request(request)
           ^^^^^^^^^^^^^^^^^^^^^^^^^^^^^^^^^^^^^^^^^^^^^^^^^^^^
  File "/home/raftlee/Documentos/Workspace/prototipo-vigia/vision/.venv/lib/python3.12/site-packages/httpcore/_async/http11.py", line 136, in handle_async_request
    raise exc
  File "/home/raftlee/Documentos/Workspace/prototipo-vigia/vision/.venv/lib/python3.12/site-packages/httpcore/_async/http11.py", line 106, in handle_async_request
    ) = await self._receive_response_headers(**kwargs)
        ^^^^^^^^^^^^^^^^^^^^^^^^^^^^^^^^^^^^^^^^^^^^^^
  File "/home/raftlee/Documentos/Workspace/prototipo-vigia/vision/.venv/lib/python3.12/site-packages/httpcore/_async/http11.py", line 177, in _receive_response_headers
    event = await self._receive_event(timeout=timeout)
            ^^^^^^^^^^^^^^^^^^^^^^^^^^^^^^^^^^^^^^^^^^
  File "/home/raftlee/Documentos/Workspace/prototipo-vigia/vision/.venv/lib/python3.12/site-packages/httpcore/_async/http11.py", line 217, in _receive_event
    data = await self._network_stream.read(
           ^^^^^^^^^^^^^^^^^^^^^^^^^^^^^^^^
  File "/home/raftlee/Documentos/Workspace/prototipo-vigia/vision/.venv/lib/python3.12/site-packages/httpcore/_backends/anyio.py", line 32, in read
    with map_exceptions(exc_map):
  File "/usr/lib/python3.12/contextlib.py", line 158, in __exit__
    self.gen.throw(value)
  File "/home/raftlee/Documentos/Workspace/prototipo-vigia/vision/.venv/lib/python3.12/site-packages/httpcore/_exceptions.py", line 14, in map_exceptions
    raise to_exc(exc) from exc
httpcore.ReadTimeout

The above exception was the direct cause of the following exception:

Traceback (most recent call last):
  File "/home/raftlee/Documentos/Workspace/prototipo-vigia/vision/src/backend_client.py", line 19, in enviar
    resp = await client.post(self.url, json=evento)
           ^^^^^^^^^^^^^^^^^^^^^^^^^^^^^^^^^^^^^^^^
  File "/home/raftlee/Documentos/Workspace/prototipo-vigia/vision/.venv/lib/python3.12/site-packages/httpx/_client.py", line 1859, in post
    return await self.request(
           ^^^^^^^^^^^^^^^^^^^
  File "/home/raftlee/Documentos/Workspace/prototipo-vigia/vision/.venv/lib/python3.12/site-packages/httpx/_client.py", line 1540, in request
    return await self.send(request, auth=auth, follow_redirects=follow_redirects)
           ^^^^^^^^^^^^^^^^^^^^^^^^^^^^^^^^^^^^^^^^^^^^^^^^^^^^^^^^^^^^^^^^^^^^^^
  File "/home/raftlee/Documentos/Workspace/prototipo-vigia/vision/.venv/lib/python3.12/site-packages/httpx/_client.py", line 1629, in send
    response = await self._send_handling_auth(
               ^^^^^^^^^^^^^^^^^^^^^^^^^^^^^^^
  File "/home/raftlee/Documentos/Workspace/prototipo-vigia/vision/.venv/lib/python3.12/site-packages/httpx/_client.py", line 1657, in _send_handling_auth
    response = await self._send_handling_redirects(
               ^^^^^^^^^^^^^^^^^^^^^^^^^^^^^^^^^^^^
  File "/home/raftlee/Documentos/Workspace/prototipo-vigia/vision/.venv/lib/python3.12/site-packages/httpx/_client.py", line 1694, in _send_handling_redirects
    response = await self._send_single_request(request)
               ^^^^^^^^^^^^^^^^^^^^^^^^^^^^^^^^^^^^^^^^
  File "/home/raftlee/Documentos/Workspace/prototipo-vigia/vision/.venv/lib/python3.12/site-packages/httpx/_client.py", line 1730, in _send_single_request
    response = await transport.handle_async_request(request)
               ^^^^^^^^^^^^^^^^^^^^^^^^^^^^^^^^^^^^^^^^^^^^^
  File "/home/raftlee/Documentos/Workspace/prototipo-vigia/vision/.venv/lib/python3.12/site-packages/httpx/_transports/default.py", line 393, in handle_async_request
    with map_httpcore_exceptions():
  File "/usr/lib/python3.12/contextlib.py", line 158, in __exit__
    self.gen.throw(value)
  File "/home/raftlee/Documentos/Workspace/prototipo-vigia/vision/.venv/lib/python3.12/site-packages/httpx/_transports/default.py", line 118, in map_httpcore_exceptions
    raise mapped_exc(message) from exc
httpx.ReadTimeout
2026-08-19 20:41:55,782 src.backend_client ERROR Fallo al enviar evento frame 120
Traceback (most recent call last):
  File "/home/raftlee/Documentos/Workspace/prototipo-vigia/vision/.venv/lib/python3.12/site-packages/httpx/_transports/default.py", line 101, in map_httpcore_exceptions
    yield
  File "/home/raftlee/Documentos/Workspace/prototipo-vigia/vision/.venv/lib/python3.12/site-packages/httpx/_transports/default.py", line 394, in handle_async_request
    resp = await self._pool.handle_async_request(req)
           ^^^^^^^^^^^^^^^^^^^^^^^^^^^^^^^^^^^^^^^^^^
  File "/home/raftlee/Documentos/Workspace/prototipo-vigia/vision/.venv/lib/python3.12/site-packages/httpcore/_async/connection_pool.py", line 256, in handle_async_request
    raise exc from None
  File "/home/raftlee/Documentos/Workspace/prototipo-vigia/vision/.venv/lib/python3.12/site-packages/httpcore/_async/connection_pool.py", line 236, in handle_async_request
    response = await connection.handle_async_request(
               ^^^^^^^^^^^^^^^^^^^^^^^^^^^^^^^^^^^^^^
  File "/home/raftlee/Documentos/Workspace/prototipo-vigia/vision/.venv/lib/python3.12/site-packages/httpcore/_async/connection.py", line 103, in handle_async_request
    return await self._connection.handle_async_request(request)
           ^^^^^^^^^^^^^^^^^^^^^^^^^^^^^^^^^^^^^^^^^^^^^^^^^^^^
  File "/home/raftlee/Documentos/Workspace/prototipo-vigia/vision/.venv/lib/python3.12/site-packages/httpcore/_async/http11.py", line 136, in handle_async_request
    raise exc
  File "/home/raftlee/Documentos/Workspace/prototipo-vigia/vision/.venv/lib/python3.12/site-packages/httpcore/_async/http11.py", line 106, in handle_async_request
    ) = await self._receive_response_headers(**kwargs)
        ^^^^^^^^^^^^^^^^^^^^^^^^^^^^^^^^^^^^^^^^^^^^^^
  File "/home/raftlee/Documentos/Workspace/prototipo-vigia/vision/.venv/lib/python3.12/site-packages/httpcore/_async/http11.py", line 177, in _receive_response_headers
    event = await self._receive_event(timeout=timeout)
            ^^^^^^^^^^^^^^^^^^^^^^^^^^^^^^^^^^^^^^^^^^
  File "/home/raftlee/Documentos/Workspace/prototipo-vigia/vision/.venv/lib/python3.12/site-packages/httpcore/_async/http11.py", line 217, in _receive_event
    data = await self._network_stream.read(
           ^^^^^^^^^^^^^^^^^^^^^^^^^^^^^^^^
  File "/home/raftlee/Documentos/Workspace/prototipo-vigia/vision/.venv/lib/python3.12/site-packages/httpcore/_backends/anyio.py", line 32, in read
    with map_exceptions(exc_map):
  File "/usr/lib/python3.12/contextlib.py", line 158, in __exit__
    self.gen.throw(value)
  File "/home/raftlee/Documentos/Workspace/prototipo-vigia/vision/.venv/lib/python3.12/site-packages/httpcore/_exceptions.py", line 14, in map_exceptions
    raise to_exc(exc) from exc
httpcore.ReadTimeout

The above exception was the direct cause of the following exception:

Traceback (most recent call last):
  File "/home/raftlee/Documentos/Workspace/prototipo-vigia/vision/src/backend_client.py", line 19, in enviar
    resp = await client.post(self.url, json=evento)
           ^^^^^^^^^^^^^^^^^^^^^^^^^^^^^^^^^^^^^^^^
  File "/home/raftlee/Documentos/Workspace/prototipo-vigia/vision/.venv/lib/python3.12/site-packages/httpx/_client.py", line 1859, in post
    return await self.request(
           ^^^^^^^^^^^^^^^^^^^
  File "/home/raftlee/Documentos/Workspace/prototipo-vigia/vision/.venv/lib/python3.12/site-packages/httpx/_client.py", line 1540, in request
    return await self.send(request, auth=auth, follow_redirects=follow_redirects)
           ^^^^^^^^^^^^^^^^^^^^^^^^^^^^^^^^^^^^^^^^^^^^^^^^^^^^^^^^^^^^^^^^^^^^^^
  File "/home/raftlee/Documentos/Workspace/prototipo-vigia/vision/.venv/lib/python3.12/site-packages/httpx/_client.py", line 1629, in send
    response = await self._send_handling_auth(
               ^^^^^^^^^^^^^^^^^^^^^^^^^^^^^^^
  File "/home/raftlee/Documentos/Workspace/prototipo-vigia/vision/.venv/lib/python3.12/site-packages/httpx/_client.py", line 1657, in _send_handling_auth
    response = await self._send_handling_redirects(
               ^^^^^^^^^^^^^^^^^^^^^^^^^^^^^^^^^^^^
  File "/home/raftlee/Documentos/Workspace/prototipo-vigia/vision/.venv/lib/python3.12/site-packages/httpx/_client.py", line 1694, in _send_handling_redirects
    response = await self._send_single_request(request)
               ^^^^^^^^^^^^^^^^^^^^^^^^^^^^^^^^^^^^^^^^
  File "/home/raftlee/Documentos/Workspace/prototipo-vigia/vision/.venv/lib/python3.12/site-packages/httpx/_client.py", line 1730, in _send_single_request
    response = await transport.handle_async_request(request)
               ^^^^^^^^^^^^^^^^^^^^^^^^^^^^^^^^^^^^^^^^^^^^^
  File "/home/raftlee/Documentos/Workspace/prototipo-vigia/vision/.venv/lib/python3.12/site-packages/httpx/_transports/default.py", line 393, in handle_async_request
    with map_httpcore_exceptions():
  File "/usr/lib/python3.12/contextlib.py", line 158, in __exit__
    self.gen.throw(value)
  File "/home/raftlee/Documentos/Workspace/prototipo-vigia/vision/.venv/lib/python3.12/site-packages/httpx/_transports/default.py", line 118, in map_httpcore_exceptions
    raise mapped_exc(message) from exc
httpx.ReadTimeout
2026-08-19 20:42:03,787 src.backend_client ERROR Se agotaron los reintentos para el frame 120
2026-08-19 20:42:03,787 vision INFO frame=120 detectados=10 enviado=False
2026-08-19 20:42:14,500 src.backend_client ERROR Fallo al enviar evento frame 150
Traceback (most recent call last):
  File "/home/raftlee/Documentos/Workspace/prototipo-vigia/vision/.venv/lib/python3.12/site-packages/httpx/_transports/default.py", line 101, in map_httpcore_exceptions
    yield
  File "/home/raftlee/Documentos/Workspace/prototipo-vigia/vision/.venv/lib/python3.12/site-packages/httpx/_transports/default.py", line 394, in handle_async_request
    resp = await self._pool.handle_async_request(req)
           ^^^^^^^^^^^^^^^^^^^^^^^^^^^^^^^^^^^^^^^^^^
  File "/home/raftlee/Documentos/Workspace/prototipo-vigia/vision/.venv/lib/python3.12/site-packages/httpcore/_async/connection_pool.py", line 256, in handle_async_request
    raise exc from None
  File "/home/raftlee/Documentos/Workspace/prototipo-vigia/vision/.venv/lib/python3.12/site-packages/httpcore/_async/connection_pool.py", line 236, in handle_async_request
    response = await connection.handle_async_request(
               ^^^^^^^^^^^^^^^^^^^^^^^^^^^^^^^^^^^^^^
  File "/home/raftlee/Documentos/Workspace/prototipo-vigia/vision/.venv/lib/python3.12/site-packages/httpcore/_async/connection.py", line 103, in handle_async_request
    return await self._connection.handle_async_request(request)
           ^^^^^^^^^^^^^^^^^^^^^^^^^^^^^^^^^^^^^^^^^^^^^^^^^^^^
  File "/home/raftlee/Documentos/Workspace/prototipo-vigia/vision/.venv/lib/python3.12/site-packages/httpcore/_async/http11.py", line 136, in handle_async_request
    raise exc
  File "/home/raftlee/Documentos/Workspace/prototipo-vigia/vision/.venv/lib/python3.12/site-packages/httpcore/_async/http11.py", line 106, in handle_async_request
    ) = await self._receive_response_headers(**kwargs)
        ^^^^^^^^^^^^^^^^^^^^^^^^^^^^^^^^^^^^^^^^^^^^^^
  File "/home/raftlee/Documentos/Workspace/prototipo-vigia/vision/.venv/lib/python3.12/site-packages/httpcore/_async/http11.py", line 177, in _receive_response_headers
    event = await self._receive_event(timeout=timeout)
            ^^^^^^^^^^^^^^^^^^^^^^^^^^^^^^^^^^^^^^^^^^
  File "/home/raftlee/Documentos/Workspace/prototipo-vigia/vision/.venv/lib/python3.12/site-packages/httpcore/_async/http11.py", line 217, in _receive_event
    data = await self._network_stream.read(
           ^^^^^^^^^^^^^^^^^^^^^^^^^^^^^^^^
  File "/home/raftlee/Documentos/Workspace/prototipo-vigia/vision/.venv/lib/python3.12/site-packages/httpcore/_backends/anyio.py", line 32, in read
    with map_exceptions(exc_map):
  File "/usr/lib/python3.12/contextlib.py", line 158, in __exit__
    self.gen.throw(value)
  File "/home/raftlee/Documentos/Workspace/prototipo-vigia/vision/.venv/lib/python3.12/site-packages/httpcore/_exceptions.py", line 14, in map_exceptions
    raise to_exc(exc) from exc
httpcore.ReadTimeout

The above exception was the direct cause of the following exception:

Traceback (most recent call last):
  File "/home/raftlee/Documentos/Workspace/prototipo-vigia/vision/src/backend_client.py", line 19, in enviar
    resp = await client.post(self.url, json=evento)
           ^^^^^^^^^^^^^^^^^^^^^^^^^^^^^^^^^^^^^^^^
  File "/home/raftlee/Documentos/Workspace/prototipo-vigia/vision/.venv/lib/python3.12/site-packages/httpx/_client.py", line 1859, in post
    return await self.request(
           ^^^^^^^^^^^^^^^^^^^
  File "/home/raftlee/Documentos/Workspace/prototipo-vigia/vision/.venv/lib/python3.12/site-packages/httpx/_client.py", line 1540, in request
    return await self.send(request, auth=auth, follow_redirects=follow_redirects)
           ^^^^^^^^^^^^^^^^^^^^^^^^^^^^^^^^^^^^^^^^^^^^^^^^^^^^^^^^^^^^^^^^^^^^^^
  File "/home/raftlee/Documentos/Workspace/prototipo-vigia/vision/.venv/lib/python3.12/site-packages/httpx/_client.py", line 1629, in send
    response = await self._send_handling_auth(
               ^^^^^^^^^^^^^^^^^^^^^^^^^^^^^^^
  File "/home/raftlee/Documentos/Workspace/prototipo-vigia/vision/.venv/lib/python3.12/site-packages/httpx/_client.py", line 1657, in _send_handling_auth
    response = await self._send_handling_redirects(
               ^^^^^^^^^^^^^^^^^^^^^^^^^^^^^^^^^^^^
  File "/home/raftlee/Documentos/Workspace/prototipo-vigia/vision/.venv/lib/python3.12/site-packages/httpx/_client.py", line 1694, in _send_handling_redirects
    response = await self._send_single_request(request)
               ^^^^^^^^^^^^^^^^^^^^^^^^^^^^^^^^^^^^^^^^
  File "/home/raftlee/Documentos/Workspace/prototipo-vigia/vision/.venv/lib/python3.12/site-packages/httpx/_client.py", line 1730, in _send_single_request
    response = await transport.handle_async_request(request)
               ^^^^^^^^^^^^^^^^^^^^^^^^^^^^^^^^^^^^^^^^^^^^^
  File "/home/raftlee/Documentos/Workspace/prototipo-vigia/vision/.venv/lib/python3.12/site-packages/httpx/_transports/default.py", line 393, in handle_async_request
    with map_httpcore_exceptions():
  File "/usr/lib/python3.12/contextlib.py", line 158, in __exit__
    self.gen.throw(value)
  File "/home/raftlee/Documentos/Workspace/prototipo-vigia/vision/.venv/lib/python3.12/site-packages/httpx/_transports/default.py", line 118, in map_httpcore_exceptions
    raise mapped_exc(message) from exc
httpx.ReadTimeout
2026-08-19 20:42:16,560 httpx INFO HTTP Request: POST http://localhost:8000/api/v1/eventos/ingest "HTTP/1.1 201 Created"
2026-08-19 20:42:16,561 vision INFO frame=150 detectados=7 enviado=True
2026-08-19 20:42:27,873 src.backend_client ERROR Fallo al enviar evento frame 180
Traceback (most recent call last):
  File "/home/raftlee/Documentos/Workspace/prototipo-vigia/vision/.venv/lib/python3.12/site-packages/httpx/_transports/default.py", line 101, in map_httpcore_exceptions
    yield
  File "/home/raftlee/Documentos/Workspace/prototipo-vigia/vision/.venv/lib/python3.12/site-packages/httpx/_transports/default.py", line 394, in handle_async_request
    resp = await self._pool.handle_async_request(req)
           ^^^^^^^^^^^^^^^^^^^^^^^^^^^^^^^^^^^^^^^^^^
  File "/home/raftlee/Documentos/Workspace/prototipo-vigia/vision/.venv/lib/python3.12/site-packages/httpcore/_async/connection_pool.py", line 256, in handle_async_request
    raise exc from None
  File "/home/raftlee/Documentos/Workspace/prototipo-vigia/vision/.venv/lib/python3.12/site-packages/httpcore/_async/connection_pool.py", line 236, in handle_async_request
    response = await connection.handle_async_request(
               ^^^^^^^^^^^^^^^^^^^^^^^^^^^^^^^^^^^^^^
  File "/home/raftlee/Documentos/Workspace/prototipo-vigia/vision/.venv/lib/python3.12/site-packages/httpcore/_async/connection.py", line 103, in handle_async_request
    return await self._connection.handle_async_request(request)
           ^^^^^^^^^^^^^^^^^^^^^^^^^^^^^^^^^^^^^^^^^^^^^^^^^^^^
  File "/home/raftlee/Documentos/Workspace/prototipo-vigia/vision/.venv/lib/python3.12/site-packages/httpcore/_async/http11.py", line 136, in handle_async_request
    raise exc
  File "/home/raftlee/Documentos/Workspace/prototipo-vigia/vision/.venv/lib/python3.12/site-packages/httpcore/_async/http11.py", line 106, in handle_async_request
    ) = await self._receive_response_headers(**kwargs)
        ^^^^^^^^^^^^^^^^^^^^^^^^^^^^^^^^^^^^^^^^^^^^^^
  File "/home/raftlee/Documentos/Workspace/prototipo-vigia/vision/.venv/lib/python3.12/site-packages/httpcore/_async/http11.py", line 177, in _receive_response_headers
    event = await self._receive_event(timeout=timeout)
            ^^^^^^^^^^^^^^^^^^^^^^^^^^^^^^^^^^^^^^^^^^
  File "/home/raftlee/Documentos/Workspace/prototipo-vigia/vision/.venv/lib/python3.12/site-packages/httpcore/_async/http11.py", line 217, in _receive_event
    data = await self._network_stream.read(
           ^^^^^^^^^^^^^^^^^^^^^^^^^^^^^^^^
  File "/home/raftlee/Documentos/Workspace/prototipo-vigia/vision/.venv/lib/python3.12/site-packages/httpcore/_backends/anyio.py", line 32, in read
    with map_exceptions(exc_map):
  File "/usr/lib/python3.12/contextlib.py", line 158, in __exit__
    self.gen.throw(value)
  File "/home/raftlee/Documentos/Workspace/prototipo-vigia/vision/.venv/lib/python3.12/site-packages/httpcore/_exceptions.py", line 14, in map_exceptions
    raise to_exc(exc) from exc
httpcore.ReadTimeout

The above exception was the direct cause of the following exception:

Traceback (most recent call last):
  File "/home/raftlee/Documentos/Workspace/prototipo-vigia/vision/src/backend_client.py", line 19, in enviar
    resp = await client.post(self.url, json=evento)
           ^^^^^^^^^^^^^^^^^^^^^^^^^^^^^^^^^^^^^^^^
  File "/home/raftlee/Documentos/Workspace/prototipo-vigia/vision/.venv/lib/python3.12/site-packages/httpx/_client.py", line 1859, in post
    return await self.request(
           ^^^^^^^^^^^^^^^^^^^
  File "/home/raftlee/Documentos/Workspace/prototipo-vigia/vision/.venv/lib/python3.12/site-packages/httpx/_client.py", line 1540, in request
    return await self.send(request, auth=auth, follow_redirects=follow_redirects)
           ^^^^^^^^^^^^^^^^^^^^^^^^^^^^^^^^^^^^^^^^^^^^^^^^^^^^^^^^^^^^^^^^^^^^^^
  File "/home/raftlee/Documentos/Workspace/prototipo-vigia/vision/.venv/lib/python3.12/site-packages/httpx/_client.py", line 1629, in send
    response = await self._send_handling_auth(
               ^^^^^^^^^^^^^^^^^^^^^^^^^^^^^^^
  File "/home/raftlee/Documentos/Workspace/prototipo-vigia/vision/.venv/lib/python3.12/site-packages/httpx/_client.py", line 1657, in _send_handling_auth
    response = await self._send_handling_redirects(
               ^^^^^^^^^^^^^^^^^^^^^^^^^^^^^^^^^^^^
  File "/home/raftlee/Documentos/Workspace/prototipo-vigia/vision/.venv/lib/python3.12/site-packages/httpx/_client.py", line 1694, in _send_handling_redirects
    response = await self._send_single_request(request)
               ^^^^^^^^^^^^^^^^^^^^^^^^^^^^^^^^^^^^^^^^
  File "/home/raftlee/Documentos/Workspace/prototipo-vigia/vision/.venv/lib/python3.12/site-packages/httpx/_client.py", line 1730, in _send_single_request
    response = await transport.handle_async_request(request)
               ^^^^^^^^^^^^^^^^^^^^^^^^^^^^^^^^^^^^^^^^^^^^^
  File "/home/raftlee/Documentos/Workspace/prototipo-vigia/vision/.venv/lib/python3.12/site-packages/httpx/_transports/default.py", line 393, in handle_async_request
    with map_httpcore_exceptions():
  File "/usr/lib/python3.12/contextlib.py", line 158, in __exit__
    self.gen.throw(value)
  File "/home/raftlee/Documentos/Workspace/prototipo-vigia/vision/.venv/lib/python3.12/site-packages/httpx/_transports/default.py", line 118, in map_httpcore_exceptions
    raise mapped_exc(message) from exc
httpx.ReadTimeout
2026-08-19 20:42:35,149 httpx INFO HTTP Request: POST http://localhost:8000/api/v1/eventos/ingest "HTTP/1.1 201 Created"
2026-08-19 20:42:35,151 vision INFO frame=180 detectados=9 enviado=True
2026-08-19 20:42:44,820 httpx INFO HTTP Request: POST http://localhost:8000/api/v1/eventos/ingest "HTTP/1.1 201 Created"
2026-08-19 20:42:44,822 vision INFO frame=210 detectados=10 enviado=True
2026-08-19 20:42:53,717 httpx INFO HTTP Request: POST http://localhost:8000/api/v1/eventos/ingest "HTTP/1.1 201 Created"
2026-08-19 20:42:53,719 vision INFO frame=240 detectados=8 enviado=True
2026-08-19 20:42:59,864 httpx INFO HTTP Request: POST http://localhost:8000/api/v1/eventos/ingest "HTTP/1.1 201 Created"
2026-08-19 20:42:59,866 vision INFO frame=270 detectados=9 enviado=True
2026-08-19 20:43:07,056 httpx INFO HTTP Request: POST http://localhost:8000/api/v1/eventos/ingest "HTTP/1.1 201 Created"
2026-08-19 20:43:07,057 vision INFO frame=300 detectados=10 enviado=True
2026-08-19 20:43:12,463 httpx INFO HTTP Request: POST http://localhost:8000/api/v1/eventos/ingest "HTTP/1.1 201 Created"
2026-08-19 20:43:12,464 vision INFO frame=330 detectados=8 enviado=True
2026-08-19 20:43:17,757 httpx INFO HTTP Request: POST http://localhost:8000/api/v1/eventos/ingest "HTTP/1.1 201 Created"
2026-08-19 20:43:17,759 vision INFO frame=360 detectados=9 enviado=True
2026-08-19 20:43:23,277 httpx INFO HTTP Request: POST http://localhost:8000/api/v1/eventos/ingest "HTTP/1.1 201 Created"
2026-08-19 20:43:23,278 vision INFO frame=390 detectados=10 enviado=True
2026-08-19 20:43:29,542 httpx INFO HTTP Request: POST http://localhost:8000/api/v1/eventos/ingest "HTTP/1.1 201 Created"
2026-08-19 20:43:29,543 vision INFO frame=420 detectados=11 enviado=True
2026-08-19 20:43:37,765 httpx INFO HTTP Request: POST http://localhost:8000/api/v1/eventos/ingest "HTTP/1.1 201 Created"
2026-08-19 20:43:37,767 vision INFO frame=450 detectados=11 enviado=True
2026-08-19 20:43:38,690 httpx INFO HTTP Request: POST http://localhost:8000/api/v1/eventos/ingest "HTTP/1.1 201 Created"
2026-08-19 20:43:38,691 vision INFO frame=480 detectados=14 enviado=True
2026-08-19 20:43:39,782 httpx INFO HTTP Request: POST http://localhost:8000/api/v1/eventos/ingest "HTTP/1.1 201 Created"
2026-08-19 20:43:39,784 vision INFO frame=510 detectados=14 enviado=True
2026-08-19 20:43:47,097 httpx INFO HTTP Request: POST http://localhost:8000/api/v1/eventos/ingest "HTTP/1.1 201 Created"
2026-08-19 20:43:47,098 vision INFO frame=540 detectados=13 enviado=True
2026-08-19 20:43:52,409 httpx INFO HTTP Request: POST http://localhost:8000/api/v1/eventos/ingest "HTTP/1.1 201 Created"
2026-08-19 20:43:52,410 vision INFO frame=570 detectados=11 enviado=True
2026-08-19 20:43:58,256 httpx INFO HTTP Request: POST http://localhost:8000/api/v1/eventos/ingest "HTTP/1.1 201 Created"
2026-08-19 20:43:58,257 vision INFO frame=600 detectados=15 enviado=True
2026-08-19 20:44:04,160 httpx INFO HTTP Request: POST http://localhost:8000/api/v1/eventos/ingest "HTTP/1.1 201 Created"
2026-08-19 20:44:04,162 vision INFO frame=630 detectados=12 enviado=True
2026-08-19 20:44:10,416 httpx INFO HTTP Request: POST http://localhost:8000/api/v1/eventos/ingest "HTTP/1.1 201 Created"
2026-08-19 20:44:10,417 vision INFO frame=660 detectados=10 enviado=True
2026-08-19 20:44:15,976 httpx INFO HTTP Request: POST http://localhost:8000/api/v1/eventos/ingest "HTTP/1.1 201 Created"
2026-08-19 20:44:15,977 vision INFO frame=690 detectados=9 enviado=True
2026-08-19 20:44:22,293 httpx INFO HTTP Request: POST http://localhost:8000/api/v1/eventos/ingest "HTTP/1.1 201 Created"
2026-08-19 20:44:22,295 vision INFO frame=720 detectados=10 enviado=True
2026-08-19 20:44:28,290 httpx INFO HTTP Request: POST http://localhost:8000/api/v1/eventos/ingest "HTTP/1.1 201 Created"
2026-08-19 20:44:28,292 vision INFO frame=750 detectados=11 enviado=True
2026-08-19 20:44:34,193 httpx INFO HTTP Request: POST http://localhost:8000/api/v1/eventos/ingest "HTTP/1.1 201 Created"
2026-08-19 20:44:34,195 vision INFO frame=780 detectados=10 enviado=True
2026-08-19 20:44:40,149 httpx INFO HTTP Request: POST http://localhost:8000/api/v1/eventos/ingest "HTTP/1.1 201 Created"
2026-08-19 20:44:40,151 vision INFO frame=810 detectados=16 enviado=True
2026-08-19 20:44:46,522 httpx INFO HTTP Request: POST http://localhost:8000/api/v1/eventos/ingest "HTTP/1.1 201 Created"
2026-08-19 20:44:46,525 vision INFO frame=840 detectados=12 enviado=True
2026-08-19 20:44:52,374 httpx INFO HTTP Request: POST http://localhost:8000/api/v1/eventos/ingest "HTTP/1.1 201 Created"
2026-08-19 20:44:52,375 vision INFO frame=870 detectados=5 enviado=True
2026-08-19 20:44:58,140 httpx INFO HTTP Request: POST http://localhost:8000/api/v1/eventos/ingest "HTTP/1.1 201 Created"
2026-08-19 20:44:58,141 vision INFO frame=900 detectados=10 enviado=True
2026-08-19 20:45:04,629 httpx INFO HTTP Request: POST http://localhost:8000/api/v1/eventos/ingest "HTTP/1.1 201 Created"
2026-08-19 20:45:04,631 vision INFO frame=930 detectados=14 enviado=True
2026-08-19 20:45:10,280 httpx INFO HTTP Request: POST http://localhost:8000/api/v1/eventos/ingest "HTTP/1.1 201 Created"
2026-08-19 20:45:10,282 vision INFO frame=960 detectados=11 enviado=True
2026-08-19 20:45:16,151 httpx INFO HTTP Request: POST http://localhost:8000/api/v1/eventos/ingest "HTTP/1.1 201 Created"
2026-08-19 20:45:16,153 vision INFO frame=990 detectados=7 enviado=True
2026-08-19 20:45:22,940 httpx INFO HTTP Request: POST http://localhost:8000/api/v1/eventos/ingest "HTTP/1.1 201 Created"
2026-08-19 20:45:22,941 vision INFO frame=1020 detectados=7 enviado=True
2026-08-19 20:45:28,577 httpx INFO HTTP Request: POST http://localhost:8000/api/v1/eventos/ingest "HTTP/1.1 201 Created"
2026-08-19 20:45:28,578 vision INFO frame=1050 detectados=9 enviado=True
2026-08-19 20:45:34,928 httpx INFO HTTP Request: POST http://localhost:8000/api/v1/eventos/ingest "HTTP/1.1 201 Created"
2026-08-19 20:45:34,929 vision INFO frame=1080 detectados=12 enviado=True
2026-08-19 20:45:40,725 httpx INFO HTTP Request: POST http://localhost:8000/api/v1/eventos/ingest "HTTP/1.1 201 Created"
2026-08-19 20:45:40,727 vision INFO frame=1110 detectados=8 enviado=True
2026-08-19 20:45:46,606 httpx INFO HTTP Request: POST http://localhost:8000/api/v1/eventos/ingest "HTTP/1.1 201 Created"
2026-08-19 20:45:46,607 vision INFO frame=1140 detectados=6 enviado=True
2026-08-19 20:45:52,385 httpx INFO HTTP Request: POST http://localhost:8000/api/v1/eventos/ingest "HTTP/1.1 201 Created"
2026-08-19 20:45:52,387 vision INFO frame=1170 detectados=4 enviado=True
2026-08-19 20:45:52,464 vision INFO Bucle finalizado, reiniciando la fuente…
2026-08-19 20:45:58,880 httpx INFO HTTP Request: POST http://localhost:8000/api/v1/eventos/ingest "HTTP/1.1 201 Created"
2026-08-19 20:45:58,882 vision INFO frame=30 detectados=10 enviado=True
2026-08-19 20:46:05,170 httpx INFO HTTP Request: POST http://localhost:8000/api/v1/eventos/ingest "HTTP/1.1 201 Created"
2026-08-19 20:46:05,172 vision INFO frame=60 detectados=6 enviado=True
2026-08-19 20:46:12,829 httpx INFO HTTP Request: POST http://localhost:8000/api/v1/eventos/ingest "HTTP/1.1 201 Created"
2026-08-19 20:46:12,831 vision INFO frame=90 detectados=8 enviado=True
2026-08-19 20:46:18,556 httpx INFO HTTP Request: POST http://localhost:8000/api/v1/eventos/ingest "HTTP/1.1 201 Created"
2026-08-19 20:46:18,557 vision INFO frame=120 detectados=10 enviado=True
2026-08-19 20:46:24,103 httpx INFO HTTP Request: POST http://localhost:8000/api/v1/eventos/ingest "HTTP/1.1 201 Created"
2026-08-19 20:46:24,105 vision INFO frame=150 detectados=7 enviado=True
2026-08-19 20:46:30,458 httpx INFO HTTP Request: POST http://localhost:8000/api/v1/eventos/ingest "HTTP/1.1 201 Created"
2026-08-19 20:46:30,460 vision INFO frame=180 detectados=9 enviado=True
2026-08-19 20:46:36,008 httpx INFO HTTP Request: POST http://localhost:8000/api/v1/eventos/ingest "HTTP/1.1 201 Created"
2026-08-19 20:46:36,009 vision INFO frame=210 detectados=10 enviado=True
2026-08-19 20:46:41,880 httpx INFO HTTP Request: POST http://localhost:8000/api/v1/eventos/ingest "HTTP/1.1 201 Created"
2026-08-19 20:46:41,882 vision INFO frame=240 detectados=8 enviado=True
2026-08-19 20:46:47,533 httpx INFO HTTP Request: POST http://localhost:8000/api/v1/eventos/ingest "HTTP/1.1 201 Created"
2026-08-19 20:46:47,534 vision INFO frame=270 detectados=9 enviado=True
2026-08-19 20:46:53,255 httpx INFO HTTP Request: POST http://localhost:8000/api/v1/eventos/ingest "HTTP/1.1 201 Created"
2026-08-19 20:46:53,261 vision INFO frame=300 detectados=10 enviado=True
2026-08-19 20:46:58,749 httpx INFO HTTP Request: POST http://localhost:8000/api/v1/eventos/ingest "HTTP/1.1 201 Created"
2026-08-19 20:46:58,751 vision INFO frame=330 detectados=8 enviado=True
2026-08-19 20:47:04,390 httpx INFO HTTP Request: POST http://localhost:8000/api/v1/eventos/ingest "HTTP/1.1 201 Created"
2026-08-19 20:47:04,391 vision INFO frame=360 detectados=9 enviado=True
2026-08-19 20:47:09,748 httpx INFO HTTP Request: POST http://localhost:8000/api/v1/eventos/ingest "HTTP/1.1 201 Created"
2026-08-19 20:47:09,749 vision INFO frame=390 detectados=10 enviado=True
2026-08-19 20:47:15,129 httpx INFO HTTP Request: POST http://localhost:8000/api/v1/eventos/ingest "HTTP/1.1 201 Created"
2026-08-19 20:47:15,131 vision INFO frame=420 detectados=11 enviado=True
2026-08-19 20:47:20,771 httpx INFO HTTP Request: POST http://localhost:8000/api/v1/eventos/ingest "HTTP/1.1 201 Created"
2026-08-19 20:47:20,773 vision INFO frame=450 detectados=11 enviado=True
2026-08-19 20:47:21,667 httpx INFO HTTP Request: POST http://localhost:8000/api/v1/eventos/ingest "HTTP/1.1 201 Created"
2026-08-19 20:47:21,668 vision INFO frame=480 detectados=14 enviado=True
2026-08-19 20:47:22,817 httpx INFO HTTP Request: POST http://localhost:8000/api/v1/eventos/ingest "HTTP/1.1 201 Created"
2026-08-19 20:47:22,819 vision INFO frame=510 detectados=14 enviado=True
2026-08-19 20:47:28,596 httpx INFO HTTP Request: POST http://localhost:8000/api/v1/eventos/ingest "HTTP/1.1 201 Created"
2026-08-19 20:47:28,598 vision INFO frame=540 detectados=13 enviado=True
2026-08-19 20:47:33,922 httpx INFO HTTP Request: POST http://localhost:8000/api/v1/eventos/ingest "HTTP/1.1 201 Created"
2026-08-19 20:47:33,923 vision INFO frame=570 detectados=11 enviado=True
2026-08-19 20:47:39,408 httpx INFO HTTP Request: POST http://localhost:8000/api/v1/eventos/ingest "HTTP/1.1 201 Created"
2026-08-19 20:47:39,410 vision INFO frame=600 detectados=15 enviado=True
2026-08-19 20:47:45,273 httpx INFO HTTP Request: POST http://localhost:8000/api/v1/eventos/ingest "HTTP/1.1 201 Created"
2026-08-19 20:47:45,275 vision INFO frame=630 detectados=12 enviado=True
2026-08-19 20:47:56,028 src.backend_client ERROR Fallo al enviar evento frame 660
Traceback (most recent call last):
  File "/home/raftlee/Documentos/Workspace/prototipo-vigia/vision/.venv/lib/python3.12/site-packages/httpx/_transports/default.py", line 101, in map_httpcore_exceptions
    yield
  File "/home/raftlee/Documentos/Workspace/prototipo-vigia/vision/.venv/lib/python3.12/site-packages/httpx/_transports/default.py", line 394, in handle_async_request
    resp = await self._pool.handle_async_request(req)
           ^^^^^^^^^^^^^^^^^^^^^^^^^^^^^^^^^^^^^^^^^^
  File "/home/raftlee/Documentos/Workspace/prototipo-vigia/vision/.venv/lib/python3.12/site-packages/httpcore/_async/connection_pool.py", line 256, in handle_async_request
    raise exc from None
  File "/home/raftlee/Documentos/Workspace/prototipo-vigia/vision/.venv/lib/python3.12/site-packages/httpcore/_async/connection_pool.py", line 236, in handle_async_request
    response = await connection.handle_async_request(
               ^^^^^^^^^^^^^^^^^^^^^^^^^^^^^^^^^^^^^^
  File "/home/raftlee/Documentos/Workspace/prototipo-vigia/vision/.venv/lib/python3.12/site-packages/httpcore/_async/connection.py", line 103, in handle_async_request
    return await self._connection.handle_async_request(request)
           ^^^^^^^^^^^^^^^^^^^^^^^^^^^^^^^^^^^^^^^^^^^^^^^^^^^^
  File "/home/raftlee/Documentos/Workspace/prototipo-vigia/vision/.venv/lib/python3.12/site-packages/httpcore/_async/http11.py", line 136, in handle_async_request
    raise exc
  File "/home/raftlee/Documentos/Workspace/prototipo-vigia/vision/.venv/lib/python3.12/site-packages/httpcore/_async/http11.py", line 106, in handle_async_request
    ) = await self._receive_response_headers(**kwargs)
        ^^^^^^^^^^^^^^^^^^^^^^^^^^^^^^^^^^^^^^^^^^^^^^
  File "/home/raftlee/Documentos/Workspace/prototipo-vigia/vision/.venv/lib/python3.12/site-packages/httpcore/_async/http11.py", line 177, in _receive_response_headers
    event = await self._receive_event(timeout=timeout)
            ^^^^^^^^^^^^^^^^^^^^^^^^^^^^^^^^^^^^^^^^^^
  File "/home/raftlee/Documentos/Workspace/prototipo-vigia/vision/.venv/lib/python3.12/site-packages/httpcore/_async/http11.py", line 217, in _receive_event
    data = await self._network_stream.read(
           ^^^^^^^^^^^^^^^^^^^^^^^^^^^^^^^^
  File "/home/raftlee/Documentos/Workspace/prototipo-vigia/vision/.venv/lib/python3.12/site-packages/httpcore/_backends/anyio.py", line 32, in read
    with map_exceptions(exc_map):
  File "/usr/lib/python3.12/contextlib.py", line 158, in __exit__
    self.gen.throw(value)
  File "/home/raftlee/Documentos/Workspace/prototipo-vigia/vision/.venv/lib/python3.12/site-packages/httpcore/_exceptions.py", line 14, in map_exceptions
    raise to_exc(exc) from exc
httpcore.ReadTimeout

The above exception was the direct cause of the following exception:

Traceback (most recent call last):
  File "/home/raftlee/Documentos/Workspace/prototipo-vigia/vision/src/backend_client.py", line 19, in enviar
    resp = await client.post(self.url, json=evento)
           ^^^^^^^^^^^^^^^^^^^^^^^^^^^^^^^^^^^^^^^^
  File "/home/raftlee/Documentos/Workspace/prototipo-vigia/vision/.venv/lib/python3.12/site-packages/httpx/_client.py", line 1859, in post
    return await self.request(
           ^^^^^^^^^^^^^^^^^^^
  File "/home/raftlee/Documentos/Workspace/prototipo-vigia/vision/.venv/lib/python3.12/site-packages/httpx/_client.py", line 1540, in request
    return await self.send(request, auth=auth, follow_redirects=follow_redirects)
           ^^^^^^^^^^^^^^^^^^^^^^^^^^^^^^^^^^^^^^^^^^^^^^^^^^^^^^^^^^^^^^^^^^^^^^
  File "/home/raftlee/Documentos/Workspace/prototipo-vigia/vision/.venv/lib/python3.12/site-packages/httpx/_client.py", line 1629, in send
    response = await self._send_handling_auth(
               ^^^^^^^^^^^^^^^^^^^^^^^^^^^^^^^
  File "/home/raftlee/Documentos/Workspace/prototipo-vigia/vision/.venv/lib/python3.12/site-packages/httpx/_client.py", line 1657, in _send_handling_auth
    response = await self._send_handling_redirects(
               ^^^^^^^^^^^^^^^^^^^^^^^^^^^^^^^^^^^^
  File "/home/raftlee/Documentos/Workspace/prototipo-vigia/vision/.venv/lib/python3.12/site-packages/httpx/_client.py", line 1694, in _send_handling_redirects
    response = await self._send_single_request(request)
               ^^^^^^^^^^^^^^^^^^^^^^^^^^^^^^^^^^^^^^^^
  File "/home/raftlee/Documentos/Workspace/prototipo-vigia/vision/.venv/lib/python3.12/site-packages/httpx/_client.py", line 1730, in _send_single_request
    response = await transport.handle_async_request(request)
               ^^^^^^^^^^^^^^^^^^^^^^^^^^^^^^^^^^^^^^^^^^^^^
  File "/home/raftlee/Documentos/Workspace/prototipo-vigia/vision/.venv/lib/python3.12/site-packages/httpx/_transports/default.py", line 393, in handle_async_request
    with map_httpcore_exceptions():
  File "/usr/lib/python3.12/contextlib.py", line 158, in __exit__
    self.gen.throw(value)
  File "/home/raftlee/Documentos/Workspace/prototipo-vigia/vision/.venv/lib/python3.12/site-packages/httpx/_transports/default.py", line 118, in map_httpcore_exceptions
    raise mapped_exc(message) from exc
httpx.ReadTimeout
2026-08-19 20:48:08,059 src.backend_client ERROR Fallo al enviar evento frame 660
Traceback (most recent call last):
  File "/home/raftlee/Documentos/Workspace/prototipo-vigia/vision/.venv/lib/python3.12/site-packages/httpx/_transports/default.py", line 101, in map_httpcore_exceptions
    yield
  File "/home/raftlee/Documentos/Workspace/prototipo-vigia/vision/.venv/lib/python3.12/site-packages/httpx/_transports/default.py", line 394, in handle_async_request
    resp = await self._pool.handle_async_request(req)
           ^^^^^^^^^^^^^^^^^^^^^^^^^^^^^^^^^^^^^^^^^^
  File "/home/raftlee/Documentos/Workspace/prototipo-vigia/vision/.venv/lib/python3.12/site-packages/httpcore/_async/connection_pool.py", line 256, in handle_async_request
    raise exc from None
  File "/home/raftlee/Documentos/Workspace/prototipo-vigia/vision/.venv/lib/python3.12/site-packages/httpcore/_async/connection_pool.py", line 236, in handle_async_request
    response = await connection.handle_async_request(
               ^^^^^^^^^^^^^^^^^^^^^^^^^^^^^^^^^^^^^^
  File "/home/raftlee/Documentos/Workspace/prototipo-vigia/vision/.venv/lib/python3.12/site-packages/httpcore/_async/connection.py", line 103, in handle_async_request
    return await self._connection.handle_async_request(request)
           ^^^^^^^^^^^^^^^^^^^^^^^^^^^^^^^^^^^^^^^^^^^^^^^^^^^^
  File "/home/raftlee/Documentos/Workspace/prototipo-vigia/vision/.venv/lib/python3.12/site-packages/httpcore/_async/http11.py", line 136, in handle_async_request
    raise exc
  File "/home/raftlee/Documentos/Workspace/prototipo-vigia/vision/.venv/lib/python3.12/site-packages/httpcore/_async/http11.py", line 106, in handle_async_request
    ) = await self._receive_response_headers(**kwargs)
        ^^^^^^^^^^^^^^^^^^^^^^^^^^^^^^^^^^^^^^^^^^^^^^
  File "/home/raftlee/Documentos/Workspace/prototipo-vigia/vision/.venv/lib/python3.12/site-packages/httpcore/_async/http11.py", line 177, in _receive_response_headers
    event = await self._receive_event(timeout=timeout)
            ^^^^^^^^^^^^^^^^^^^^^^^^^^^^^^^^^^^^^^^^^^
  File "/home/raftlee/Documentos/Workspace/prototipo-vigia/vision/.venv/lib/python3.12/site-packages/httpcore/_async/http11.py", line 217, in _receive_event
    data = await self._network_stream.read(
           ^^^^^^^^^^^^^^^^^^^^^^^^^^^^^^^^
  File "/home/raftlee/Documentos/Workspace/prototipo-vigia/vision/.venv/lib/python3.12/site-packages/httpcore/_backends/anyio.py", line 32, in read
    with map_exceptions(exc_map):
  File "/usr/lib/python3.12/contextlib.py", line 158, in __exit__
    self.gen.throw(value)
  File "/home/raftlee/Documentos/Workspace/prototipo-vigia/vision/.venv/lib/python3.12/site-packages/httpcore/_exceptions.py", line 14, in map_exceptions
    raise to_exc(exc) from exc
httpcore.ReadTimeout

The above exception was the direct cause of the following exception:

Traceback (most recent call last):
  File "/home/raftlee/Documentos/Workspace/prototipo-vigia/vision/src/backend_client.py", line 19, in enviar
    resp = await client.post(self.url, json=evento)
           ^^^^^^^^^^^^^^^^^^^^^^^^^^^^^^^^^^^^^^^^
  File "/home/raftlee/Documentos/Workspace/prototipo-vigia/vision/.venv/lib/python3.12/site-packages/httpx/_client.py", line 1859, in post
    return await self.request(
           ^^^^^^^^^^^^^^^^^^^
  File "/home/raftlee/Documentos/Workspace/prototipo-vigia/vision/.venv/lib/python3.12/site-packages/httpx/_client.py", line 1540, in request
    return await self.send(request, auth=auth, follow_redirects=follow_redirects)
           ^^^^^^^^^^^^^^^^^^^^^^^^^^^^^^^^^^^^^^^^^^^^^^^^^^^^^^^^^^^^^^^^^^^^^^
  File "/home/raftlee/Documentos/Workspace/prototipo-vigia/vision/.venv/lib/python3.12/site-packages/httpx/_client.py", line 1629, in send
    response = await self._send_handling_auth(
               ^^^^^^^^^^^^^^^^^^^^^^^^^^^^^^^
  File "/home/raftlee/Documentos/Workspace/prototipo-vigia/vision/.venv/lib/python3.12/site-packages/httpx/_client.py", line 1657, in _send_handling_auth
    response = await self._send_handling_redirects(
               ^^^^^^^^^^^^^^^^^^^^^^^^^^^^^^^^^^^^
  File "/home/raftlee/Documentos/Workspace/prototipo-vigia/vision/.venv/lib/python3.12/site-packages/httpx/_client.py", line 1694, in _send_handling_redirects
    response = await self._send_single_request(request)
               ^^^^^^^^^^^^^^^^^^^^^^^^^^^^^^^^^^^^^^^^
  File "/home/raftlee/Documentos/Workspace/prototipo-vigia/vision/.venv/lib/python3.12/site-packages/httpx/_client.py", line 1730, in _send_single_request
    response = await transport.handle_async_request(request)
               ^^^^^^^^^^^^^^^^^^^^^^^^^^^^^^^^^^^^^^^^^^^^^
  File "/home/raftlee/Documentos/Workspace/prototipo-vigia/vision/.venv/lib/python3.12/site-packages/httpx/_transports/default.py", line 393, in handle_async_request
    with map_httpcore_exceptions():
  File "/usr/lib/python3.12/contextlib.py", line 158, in __exit__
    self.gen.throw(value)
  File "/home/raftlee/Documentos/Workspace/prototipo-vigia/vision/.venv/lib/python3.12/site-packages/httpx/_transports/default.py", line 118, in map_httpcore_exceptions
    raise mapped_exc(message) from exc
httpx.ReadTimeout
2026-08-19 20:48:16,615 httpx INFO HTTP Request: POST http://localhost:8000/api/v1/eventos/ingest "HTTP/1.1 201 Created"
2026-08-19 20:48:16,617 vision INFO frame=660 detectados=10 enviado=True
2026-08-19 20:48:22,403 httpx INFO HTTP Request: POST http://localhost:8000/api/v1/eventos/ingest "HTTP/1.1 201 Created"
2026-08-19 20:48:22,404 vision INFO frame=690 detectados=9 enviado=True
2026-08-19 20:48:27,860 httpx INFO HTTP Request: POST http://localhost:8000/api/v1/eventos/ingest "HTTP/1.1 201 Created"
2026-08-19 20:48:27,861 vision INFO frame=720 detectados=10 enviado=True
2026-08-19 20:48:33,553 httpx INFO HTTP Request: POST http://localhost:8000/api/v1/eventos/ingest "HTTP/1.1 201 Created"
2026-08-19 20:48:33,555 vision INFO frame=750 detectados=11 enviado=True
2026-08-19 20:48:38,769 httpx INFO HTTP Request: POST http://localhost:8000/api/v1/eventos/ingest "HTTP/1.1 201 Created"
2026-08-19 20:48:38,771 vision INFO frame=780 detectados=10 enviado=True
2026-08-19 20:48:44,273 httpx INFO HTTP Request: POST http://localhost:8000/api/v1/eventos/ingest "HTTP/1.1 201 Created"
2026-08-19 20:48:44,275 vision INFO frame=810 detectados=16 enviado=True
2026-08-19 20:48:49,692 httpx INFO HTTP Request: POST http://localhost:8000/api/v1/eventos/ingest "HTTP/1.1 201 Created"
2026-08-19 20:48:49,693 vision INFO frame=840 detectados=12 enviado=True
2026-08-19 20:48:55,475 httpx INFO HTTP Request: POST http://localhost:8000/api/v1/eventos/ingest "HTTP/1.1 201 Created"
2026-08-19 20:48:55,477 vision INFO frame=870 detectados=5 enviado=True
2026-08-19 20:49:00,949 httpx INFO HTTP Request: POST http://localhost:8000/api/v1/eventos/ingest "HTTP/1.1 201 Created"
2026-08-19 20:49:00,950 vision INFO frame=900 detectados=10 enviado=True
2026-08-19 20:49:06,596 httpx INFO HTTP Request: POST http://localhost:8000/api/v1/eventos/ingest "HTTP/1.1 201 Created"
2026-08-19 20:49:06,598 vision INFO frame=930 detectados=14 enviado=True
2026-08-19 20:49:12,328 httpx INFO HTTP Request: POST http://localhost:8000/api/v1/eventos/ingest "HTTP/1.1 201 Created"
2026-08-19 20:49:12,329 vision INFO frame=960 detectados=11 enviado=True
2026-08-19 20:49:17,765 httpx INFO HTTP Request: POST http://localhost:8000/api/v1/eventos/ingest "HTTP/1.1 201 Created"
2026-08-19 20:49:17,766 vision INFO frame=990 detectados=7 enviado=True
2026-08-19 20:49:23,053 httpx INFO HTTP Request: POST http://localhost:8000/api/v1/eventos/ingest "HTTP/1.1 201 Created"
2026-08-19 20:49:23,054 vision INFO frame=1020 detectados=7 enviado=True
2026-08-19 20:49:28,676 httpx INFO HTTP Request: POST http://localhost:8000/api/v1/eventos/ingest "HTTP/1.1 201 Created"
2026-08-19 20:49:28,677 vision INFO frame=1050 detectados=9 enviado=True
2026-08-19 20:49:33,960 httpx INFO HTTP Request: POST http://localhost:8000/api/v1/eventos/ingest "HTTP/1.1 201 Created"
2026-08-19 20:49:33,963 vision INFO frame=1080 detectados=12 enviado=True
2026-08-19 20:49:39,298 httpx INFO HTTP Request: POST http://localhost:8000/api/v1/eventos/ingest "HTTP/1.1 201 Created"
2026-08-19 20:49:39,300 vision INFO frame=1110 detectados=8 enviado=True
2026-08-19 20:49:44,729 httpx INFO HTTP Request: POST http://localhost:8000/api/v1/eventos/ingest "HTTP/1.1 201 Created"
2026-08-19 20:49:44,730 vision INFO frame=1140 detectados=6 enviado=True
2026-08-19 20:49:50,408 httpx INFO HTTP Request: POST http://localhost:8000/api/v1/eventos/ingest "HTTP/1.1 201 Created"
2026-08-19 20:49:50,409 vision INFO frame=1170 detectados=4 enviado=True
2026-08-19 20:49:50,489 vision INFO Bucle finalizado, reiniciando la fuente…
2026-08-19 20:49:57,251 httpx INFO HTTP Request: POST http://localhost:8000/api/v1/eventos/ingest "HTTP/1.1 201 Created"
2026-08-19 20:49:57,252 vision INFO frame=30 detectados=10 enviado=True
2026-08-19 20:50:02,895 httpx INFO HTTP Request: POST http://localhost:8000/api/v1/eventos/ingest "HTTP/1.1 201 Created"
2026-08-19 20:50:02,896 vision INFO frame=60 detectados=6 enviado=True
2026-08-19 20:50:08,231 httpx INFO HTTP Request: POST http://localhost:8000/api/v1/eventos/ingest "HTTP/1.1 201 Created"
2026-08-19 20:50:08,232 vision INFO frame=90 detectados=8 enviado=True
2026-08-19 20:50:13,525 httpx INFO HTTP Request: POST http://localhost:8000/api/v1/eventos/ingest "HTTP/1.1 201 Created"
2026-08-19 20:50:13,527 vision INFO frame=120 detectados=10 enviado=True
2026-08-19 20:50:18,978 httpx INFO HTTP Request: POST http://localhost:8000/api/v1/eventos/ingest "HTTP/1.1 201 Created"
2026-08-19 20:50:18,981 vision INFO frame=150 detectados=7 enviado=True
2026-08-19 20:50:25,312 httpx INFO HTTP Request: POST http://localhost:8000/api/v1/eventos/ingest "HTTP/1.1 201 Created"
2026-08-19 20:50:25,313 vision INFO frame=180 detectados=9 enviado=True
2026-08-19 20:50:30,602 httpx INFO HTTP Request: POST http://localhost:8000/api/v1/eventos/ingest "HTTP/1.1 201 Created"
2026-08-19 20:50:30,604 vision INFO frame=210 detectados=10 enviado=True
2026-08-19 20:50:36,193 httpx INFO HTTP Request: POST http://localhost:8000/api/v1/eventos/ingest "HTTP/1.1 201 Created"
2026-08-19 20:50:36,194 vision INFO frame=240 detectados=8 enviado=True
2026-08-19 20:50:42,058 httpx INFO HTTP Request: POST http://localhost:8000/api/v1/eventos/ingest "HTTP/1.1 201 Created"
2026-08-19 20:50:42,060 vision INFO frame=270 detectados=9 enviado=True
2026-08-19 20:50:48,738 httpx INFO HTTP Request: POST http://localhost:8000/api/v1/eventos/ingest "HTTP/1.1 201 Created"
2026-08-19 20:50:48,740 vision INFO frame=300 detectados=10 enviado=True
2026-08-19 20:50:55,113 httpx INFO HTTP Request: POST http://localhost:8000/api/v1/eventos/ingest "HTTP/1.1 201 Created"
2026-08-19 20:50:55,114 vision INFO frame=330 detectados=8 enviado=True
2026-08-19 20:51:00,817 httpx INFO HTTP Request: POST http://localhost:8000/api/v1/eventos/ingest "HTTP/1.1 201 Created"
2026-08-19 20:51:00,820 vision INFO frame=360 detectados=9 enviado=True
2026-08-19 20:51:07,200 httpx INFO HTTP Request: POST http://localhost:8000/api/v1/eventos/ingest "HTTP/1.1 201 Created"
2026-08-19 20:51:07,201 vision INFO frame=390 detectados=10 enviado=True
2026-08-19 20:51:12,930 httpx INFO HTTP Request: POST http://localhost:8000/api/v1/eventos/ingest "HTTP/1.1 201 Created"
2026-08-19 20:51:12,932 vision INFO frame=420 detectados=11 enviado=True
2026-08-19 20:51:18,566 httpx INFO HTTP Request: POST http://localhost:8000/api/v1/eventos/ingest "HTTP/1.1 201 Created"
2026-08-19 20:51:18,568 vision INFO frame=450 detectados=11 enviado=True
2026-08-19 20:51:19,318 httpx INFO HTTP Request: POST http://localhost:8000/api/v1/eventos/ingest "HTTP/1.1 201 Created"
2026-08-19 20:51:19,319 vision INFO frame=480 detectados=14 enviado=True
2026-08-19 20:51:20,198 httpx INFO HTTP Request: POST http://localhost:8000/api/v1/eventos/ingest "HTTP/1.1 201 Created"
2026-08-19 20:51:20,199 vision INFO frame=510 detectados=14 enviado=True
2026-08-19 20:51:27,629 httpx INFO HTTP Request: POST http://localhost:8000/api/v1/eventos/ingest "HTTP/1.1 201 Created"
2026-08-19 20:51:27,630 vision INFO frame=540 detectados=13 enviado=True
2026-08-19 20:51:33,392 httpx INFO HTTP Request: POST http://localhost:8000/api/v1/eventos/ingest "HTTP/1.1 201 Created"
2026-08-19 20:51:33,393 vision INFO frame=570 detectados=11 enviado=True
2026-08-19 20:51:38,909 httpx INFO HTTP Request: POST http://localhost:8000/api/v1/eventos/ingest "HTTP/1.1 201 Created"
2026-08-19 20:51:38,910 vision INFO frame=600 detectados=15 enviado=True
2026-08-19 20:51:44,723 httpx INFO HTTP Request: POST http://localhost:8000/api/v1/eventos/ingest "HTTP/1.1 201 Created"
2026-08-19 20:51:44,724 vision INFO frame=630 detectados=12 enviado=True
2026-08-19 20:51:49,993 httpx INFO HTTP Request: POST http://localhost:8000/api/v1/eventos/ingest "HTTP/1.1 201 Created"
2026-08-19 20:51:49,994 vision INFO frame=660 detectados=10 enviado=True
2026-08-19 20:51:55,476 httpx INFO HTTP Request: POST http://localhost:8000/api/v1/eventos/ingest "HTTP/1.1 201 Created"
2026-08-19 20:51:55,477 vision INFO frame=690 detectados=9 enviado=True
2026-08-19 20:52:01,689 httpx INFO HTTP Request: POST http://localhost:8000/api/v1/eventos/ingest "HTTP/1.1 201 Created"
2026-08-19 20:52:01,690 vision INFO frame=720 detectados=10 enviado=True
2026-08-19 20:52:07,362 httpx INFO HTTP Request: POST http://localhost:8000/api/v1/eventos/ingest "HTTP/1.1 201 Created"
2026-08-19 20:52:07,364 vision INFO frame=750 detectados=11 enviado=True
2026-08-19 20:52:12,684 httpx INFO HTTP Request: POST http://localhost:8000/api/v1/eventos/ingest "HTTP/1.1 201 Created"
2026-08-19 20:52:12,686 vision INFO frame=780 detectados=10 enviado=True
2026-08-19 20:52:18,729 httpx INFO HTTP Request: POST http://localhost:8000/api/v1/eventos/ingest "HTTP/1.1 201 Created"
2026-08-19 20:52:18,731 vision INFO frame=810 detectados=16 enviado=True
2026-08-19 20:52:24,576 httpx INFO HTTP Request: POST http://localhost:8000/api/v1/eventos/ingest "HTTP/1.1 201 Created"
2026-08-19 20:52:24,577 vision INFO frame=840 detectados=12 enviado=True
2026-08-19 20:52:30,055 httpx INFO HTTP Request: POST http://localhost:8000/api/v1/eventos/ingest "HTTP/1.1 201 Created"
2026-08-19 20:52:30,057 vision INFO frame=870 detectados=5 enviado=True
2026-08-19 20:52:40,885 src.backend_client ERROR Fallo al enviar evento frame 900
Traceback (most recent call last):
  File "/home/raftlee/Documentos/Workspace/prototipo-vigia/vision/.venv/lib/python3.12/site-packages/httpx/_transports/default.py", line 101, in map_httpcore_exceptions
    yield
  File "/home/raftlee/Documentos/Workspace/prototipo-vigia/vision/.venv/lib/python3.12/site-packages/httpx/_transports/default.py", line 394, in handle_async_request
    resp = await self._pool.handle_async_request(req)
           ^^^^^^^^^^^^^^^^^^^^^^^^^^^^^^^^^^^^^^^^^^
  File "/home/raftlee/Documentos/Workspace/prototipo-vigia/vision/.venv/lib/python3.12/site-packages/httpcore/_async/connection_pool.py", line 256, in handle_async_request
    raise exc from None
  File "/home/raftlee/Documentos/Workspace/prototipo-vigia/vision/.venv/lib/python3.12/site-packages/httpcore/_async/connection_pool.py", line 236, in handle_async_request
    response = await connection.handle_async_request(
               ^^^^^^^^^^^^^^^^^^^^^^^^^^^^^^^^^^^^^^
  File "/home/raftlee/Documentos/Workspace/prototipo-vigia/vision/.venv/lib/python3.12/site-packages/httpcore/_async/connection.py", line 103, in handle_async_request
    return await self._connection.handle_async_request(request)
           ^^^^^^^^^^^^^^^^^^^^^^^^^^^^^^^^^^^^^^^^^^^^^^^^^^^^
  File "/home/raftlee/Documentos/Workspace/prototipo-vigia/vision/.venv/lib/python3.12/site-packages/httpcore/_async/http11.py", line 136, in handle_async_request
    raise exc
  File "/home/raftlee/Documentos/Workspace/prototipo-vigia/vision/.venv/lib/python3.12/site-packages/httpcore/_async/http11.py", line 106, in handle_async_request
    ) = await self._receive_response_headers(**kwargs)
        ^^^^^^^^^^^^^^^^^^^^^^^^^^^^^^^^^^^^^^^^^^^^^^
  File "/home/raftlee/Documentos/Workspace/prototipo-vigia/vision/.venv/lib/python3.12/site-packages/httpcore/_async/http11.py", line 177, in _receive_response_headers
    event = await self._receive_event(timeout=timeout)
            ^^^^^^^^^^^^^^^^^^^^^^^^^^^^^^^^^^^^^^^^^^
  File "/home/raftlee/Documentos/Workspace/prototipo-vigia/vision/.venv/lib/python3.12/site-packages/httpcore/_async/http11.py", line 217, in _receive_event
    data = await self._network_stream.read(
           ^^^^^^^^^^^^^^^^^^^^^^^^^^^^^^^^
  File "/home/raftlee/Documentos/Workspace/prototipo-vigia/vision/.venv/lib/python3.12/site-packages/httpcore/_backends/anyio.py", line 32, in read
    with map_exceptions(exc_map):
  File "/usr/lib/python3.12/contextlib.py", line 158, in __exit__
    self.gen.throw(value)
  File "/home/raftlee/Documentos/Workspace/prototipo-vigia/vision/.venv/lib/python3.12/site-packages/httpcore/_exceptions.py", line 14, in map_exceptions
    raise to_exc(exc) from exc
httpcore.ReadTimeout

The above exception was the direct cause of the following exception:

Traceback (most recent call last):
  File "/home/raftlee/Documentos/Workspace/prototipo-vigia/vision/src/backend_client.py", line 19, in enviar
    resp = await client.post(self.url, json=evento)
           ^^^^^^^^^^^^^^^^^^^^^^^^^^^^^^^^^^^^^^^^
  File "/home/raftlee/Documentos/Workspace/prototipo-vigia/vision/.venv/lib/python3.12/site-packages/httpx/_client.py", line 1859, in post
    return await self.request(
           ^^^^^^^^^^^^^^^^^^^
  File "/home/raftlee/Documentos/Workspace/prototipo-vigia/vision/.venv/lib/python3.12/site-packages/httpx/_client.py", line 1540, in request
    return await self.send(request, auth=auth, follow_redirects=follow_redirects)
           ^^^^^^^^^^^^^^^^^^^^^^^^^^^^^^^^^^^^^^^^^^^^^^^^^^^^^^^^^^^^^^^^^^^^^^
  File "/home/raftlee/Documentos/Workspace/prototipo-vigia/vision/.venv/lib/python3.12/site-packages/httpx/_client.py", line 1629, in send
    response = await self._send_handling_auth(
               ^^^^^^^^^^^^^^^^^^^^^^^^^^^^^^^
  File "/home/raftlee/Documentos/Workspace/prototipo-vigia/vision/.venv/lib/python3.12/site-packages/httpx/_client.py", line 1657, in _send_handling_auth
    response = await self._send_handling_redirects(
               ^^^^^^^^^^^^^^^^^^^^^^^^^^^^^^^^^^^^
  File "/home/raftlee/Documentos/Workspace/prototipo-vigia/vision/.venv/lib/python3.12/site-packages/httpx/_client.py", line 1694, in _send_handling_redirects
    response = await self._send_single_request(request)
               ^^^^^^^^^^^^^^^^^^^^^^^^^^^^^^^^^^^^^^^^
  File "/home/raftlee/Documentos/Workspace/prototipo-vigia/vision/.venv/lib/python3.12/site-packages/httpx/_client.py", line 1730, in _send_single_request
    response = await transport.handle_async_request(request)
               ^^^^^^^^^^^^^^^^^^^^^^^^^^^^^^^^^^^^^^^^^^^^^
  File "/home/raftlee/Documentos/Workspace/prototipo-vigia/vision/.venv/lib/python3.12/site-packages/httpx/_transports/default.py", line 393, in handle_async_request
    with map_httpcore_exceptions():
  File "/usr/lib/python3.12/contextlib.py", line 158, in __exit__
    self.gen.throw(value)
  File "/home/raftlee/Documentos/Workspace/prototipo-vigia/vision/.venv/lib/python3.12/site-packages/httpx/_transports/default.py", line 118, in map_httpcore_exceptions
    raise mapped_exc(message) from exc
httpx.ReadTimeout
2026-08-19 20:52:52,934 src.backend_client ERROR Fallo al enviar evento frame 900
Traceback (most recent call last):
  File "/home/raftlee/Documentos/Workspace/prototipo-vigia/vision/.venv/lib/python3.12/site-packages/httpx/_transports/default.py", line 101, in map_httpcore_exceptions
    yield
  File "/home/raftlee/Documentos/Workspace/prototipo-vigia/vision/.venv/lib/python3.12/site-packages/httpx/_transports/default.py", line 394, in handle_async_request
    resp = await self._pool.handle_async_request(req)
           ^^^^^^^^^^^^^^^^^^^^^^^^^^^^^^^^^^^^^^^^^^
  File "/home/raftlee/Documentos/Workspace/prototipo-vigia/vision/.venv/lib/python3.12/site-packages/httpcore/_async/connection_pool.py", line 256, in handle_async_request
    raise exc from None
  File "/home/raftlee/Documentos/Workspace/prototipo-vigia/vision/.venv/lib/python3.12/site-packages/httpcore/_async/connection_pool.py", line 236, in handle_async_request
    response = await connection.handle_async_request(
               ^^^^^^^^^^^^^^^^^^^^^^^^^^^^^^^^^^^^^^
  File "/home/raftlee/Documentos/Workspace/prototipo-vigia/vision/.venv/lib/python3.12/site-packages/httpcore/_async/connection.py", line 103, in handle_async_request
    return await self._connection.handle_async_request(request)
           ^^^^^^^^^^^^^^^^^^^^^^^^^^^^^^^^^^^^^^^^^^^^^^^^^^^^
  File "/home/raftlee/Documentos/Workspace/prototipo-vigia/vision/.venv/lib/python3.12/site-packages/httpcore/_async/http11.py", line 136, in handle_async_request
    raise exc
  File "/home/raftlee/Documentos/Workspace/prototipo-vigia/vision/.venv/lib/python3.12/site-packages/httpcore/_async/http11.py", line 106, in handle_async_request
    ) = await self._receive_response_headers(**kwargs)
        ^^^^^^^^^^^^^^^^^^^^^^^^^^^^^^^^^^^^^^^^^^^^^^
  File "/home/raftlee/Documentos/Workspace/prototipo-vigia/vision/.venv/lib/python3.12/site-packages/httpcore/_async/http11.py", line 177, in _receive_response_headers
    event = await self._receive_event(timeout=timeout)
            ^^^^^^^^^^^^^^^^^^^^^^^^^^^^^^^^^^^^^^^^^^
  File "/home/raftlee/Documentos/Workspace/prototipo-vigia/vision/.venv/lib/python3.12/site-packages/httpcore/_async/http11.py", line 217, in _receive_event
    data = await self._network_stream.read(
           ^^^^^^^^^^^^^^^^^^^^^^^^^^^^^^^^
  File "/home/raftlee/Documentos/Workspace/prototipo-vigia/vision/.venv/lib/python3.12/site-packages/httpcore/_backends/anyio.py", line 32, in read
    with map_exceptions(exc_map):
  File "/usr/lib/python3.12/contextlib.py", line 158, in __exit__
    self.gen.throw(value)
  File "/home/raftlee/Documentos/Workspace/prototipo-vigia/vision/.venv/lib/python3.12/site-packages/httpcore/_exceptions.py", line 14, in map_exceptions
    raise to_exc(exc) from exc
httpcore.ReadTimeout

The above exception was the direct cause of the following exception:

Traceback (most recent call last):
  File "/home/raftlee/Documentos/Workspace/prototipo-vigia/vision/src/backend_client.py", line 19, in enviar
    resp = await client.post(self.url, json=evento)
           ^^^^^^^^^^^^^^^^^^^^^^^^^^^^^^^^^^^^^^^^
  File "/home/raftlee/Documentos/Workspace/prototipo-vigia/vision/.venv/lib/python3.12/site-packages/httpx/_client.py", line 1859, in post
    return await self.request(
           ^^^^^^^^^^^^^^^^^^^
  File "/home/raftlee/Documentos/Workspace/prototipo-vigia/vision/.venv/lib/python3.12/site-packages/httpx/_client.py", line 1540, in request
    return await self.send(request, auth=auth, follow_redirects=follow_redirects)
           ^^^^^^^^^^^^^^^^^^^^^^^^^^^^^^^^^^^^^^^^^^^^^^^^^^^^^^^^^^^^^^^^^^^^^^
  File "/home/raftlee/Documentos/Workspace/prototipo-vigia/vision/.venv/lib/python3.12/site-packages/httpx/_client.py", line 1629, in send
    response = await self._send_handling_auth(
               ^^^^^^^^^^^^^^^^^^^^^^^^^^^^^^^
  File "/home/raftlee/Documentos/Workspace/prototipo-vigia/vision/.venv/lib/python3.12/site-packages/httpx/_client.py", line 1657, in _send_handling_auth
    response = await self._send_handling_redirects(
               ^^^^^^^^^^^^^^^^^^^^^^^^^^^^^^^^^^^^
  File "/home/raftlee/Documentos/Workspace/prototipo-vigia/vision/.venv/lib/python3.12/site-packages/httpx/_client.py", line 1694, in _send_handling_redirects
    response = await self._send_single_request(request)
               ^^^^^^^^^^^^^^^^^^^^^^^^^^^^^^^^^^^^^^^^
  File "/home/raftlee/Documentos/Workspace/prototipo-vigia/vision/.venv/lib/python3.12/site-packages/httpx/_client.py", line 1730, in _send_single_request
    response = await transport.handle_async_request(request)
               ^^^^^^^^^^^^^^^^^^^^^^^^^^^^^^^^^^^^^^^^^^^^^
  File "/home/raftlee/Documentos/Workspace/prototipo-vigia/vision/.venv/lib/python3.12/site-packages/httpx/_transports/default.py", line 393, in handle_async_request
    with map_httpcore_exceptions():
  File "/usr/lib/python3.12/contextlib.py", line 158, in __exit__
    self.gen.throw(value)
  File "/home/raftlee/Documentos/Workspace/prototipo-vigia/vision/.venv/lib/python3.12/site-packages/httpx/_transports/default.py", line 118, in map_httpcore_exceptions
    raise mapped_exc(message) from exc
httpx.ReadTimeout
2026-08-19 20:53:06,965 src.backend_client ERROR Fallo al enviar evento frame 900
Traceback (most recent call last):
  File "/home/raftlee/Documentos/Workspace/prototipo-vigia/vision/.venv/lib/python3.12/site-packages/httpx/_transports/default.py", line 101, in map_httpcore_exceptions
    yield
  File "/home/raftlee/Documentos/Workspace/prototipo-vigia/vision/.venv/lib/python3.12/site-packages/httpx/_transports/default.py", line 394, in handle_async_request
    resp = await self._pool.handle_async_request(req)
           ^^^^^^^^^^^^^^^^^^^^^^^^^^^^^^^^^^^^^^^^^^
  File "/home/raftlee/Documentos/Workspace/prototipo-vigia/vision/.venv/lib/python3.12/site-packages/httpcore/_async/connection_pool.py", line 256, in handle_async_request
    raise exc from None
  File "/home/raftlee/Documentos/Workspace/prototipo-vigia/vision/.venv/lib/python3.12/site-packages/httpcore/_async/connection_pool.py", line 236, in handle_async_request
    response = await connection.handle_async_request(
               ^^^^^^^^^^^^^^^^^^^^^^^^^^^^^^^^^^^^^^
  File "/home/raftlee/Documentos/Workspace/prototipo-vigia/vision/.venv/lib/python3.12/site-packages/httpcore/_async/connection.py", line 103, in handle_async_request
    return await self._connection.handle_async_request(request)
           ^^^^^^^^^^^^^^^^^^^^^^^^^^^^^^^^^^^^^^^^^^^^^^^^^^^^
  File "/home/raftlee/Documentos/Workspace/prototipo-vigia/vision/.venv/lib/python3.12/site-packages/httpcore/_async/http11.py", line 136, in handle_async_request
    raise exc
  File "/home/raftlee/Documentos/Workspace/prototipo-vigia/vision/.venv/lib/python3.12/site-packages/httpcore/_async/http11.py", line 106, in handle_async_request
    ) = await self._receive_response_headers(**kwargs)
        ^^^^^^^^^^^^^^^^^^^^^^^^^^^^^^^^^^^^^^^^^^^^^^
  File "/home/raftlee/Documentos/Workspace/prototipo-vigia/vision/.venv/lib/python3.12/site-packages/httpcore/_async/http11.py", line 177, in _receive_response_headers
    event = await self._receive_event(timeout=timeout)
            ^^^^^^^^^^^^^^^^^^^^^^^^^^^^^^^^^^^^^^^^^^
  File "/home/raftlee/Documentos/Workspace/prototipo-vigia/vision/.venv/lib/python3.12/site-packages/httpcore/_async/http11.py", line 217, in _receive_event
    data = await self._network_stream.read(
           ^^^^^^^^^^^^^^^^^^^^^^^^^^^^^^^^
  File "/home/raftlee/Documentos/Workspace/prototipo-vigia/vision/.venv/lib/python3.12/site-packages/httpcore/_backends/anyio.py", line 32, in read
    with map_exceptions(exc_map):
  File "/usr/lib/python3.12/contextlib.py", line 158, in __exit__
    self.gen.throw(value)
  File "/home/raftlee/Documentos/Workspace/prototipo-vigia/vision/.venv/lib/python3.12/site-packages/httpcore/_exceptions.py", line 14, in map_exceptions
    raise to_exc(exc) from exc
httpcore.ReadTimeout

The above exception was the direct cause of the following exception:

Traceback (most recent call last):
  File "/home/raftlee/Documentos/Workspace/prototipo-vigia/vision/src/backend_client.py", line 19, in enviar
    resp = await client.post(self.url, json=evento)
           ^^^^^^^^^^^^^^^^^^^^^^^^^^^^^^^^^^^^^^^^
  File "/home/raftlee/Documentos/Workspace/prototipo-vigia/vision/.venv/lib/python3.12/site-packages/httpx/_client.py", line 1859, in post
    return await self.request(
           ^^^^^^^^^^^^^^^^^^^
  File "/home/raftlee/Documentos/Workspace/prototipo-vigia/vision/.venv/lib/python3.12/site-packages/httpx/_client.py", line 1540, in request
    return await self.send(request, auth=auth, follow_redirects=follow_redirects)
           ^^^^^^^^^^^^^^^^^^^^^^^^^^^^^^^^^^^^^^^^^^^^^^^^^^^^^^^^^^^^^^^^^^^^^^
  File "/home/raftlee/Documentos/Workspace/prototipo-vigia/vision/.venv/lib/python3.12/site-packages/httpx/_client.py", line 1629, in send
    response = await self._send_handling_auth(
               ^^^^^^^^^^^^^^^^^^^^^^^^^^^^^^^
  File "/home/raftlee/Documentos/Workspace/prototipo-vigia/vision/.venv/lib/python3.12/site-packages/httpx/_client.py", line 1657, in _send_handling_auth
    response = await self._send_handling_redirects(
               ^^^^^^^^^^^^^^^^^^^^^^^^^^^^^^^^^^^^
  File "/home/raftlee/Documentos/Workspace/prototipo-vigia/vision/.venv/lib/python3.12/site-packages/httpx/_client.py", line 1694, in _send_handling_redirects
    response = await self._send_single_request(request)
               ^^^^^^^^^^^^^^^^^^^^^^^^^^^^^^^^^^^^^^^^
  File "/home/raftlee/Documentos/Workspace/prototipo-vigia/vision/.venv/lib/python3.12/site-packages/httpx/_client.py", line 1730, in _send_single_request
    response = await transport.handle_async_request(request)
               ^^^^^^^^^^^^^^^^^^^^^^^^^^^^^^^^^^^^^^^^^^^^^
  File "/home/raftlee/Documentos/Workspace/prototipo-vigia/vision/.venv/lib/python3.12/site-packages/httpx/_transports/default.py", line 393, in handle_async_request
    with map_httpcore_exceptions():
  File "/usr/lib/python3.12/contextlib.py", line 158, in __exit__
    self.gen.throw(value)
  File "/home/raftlee/Documentos/Workspace/prototipo-vigia/vision/.venv/lib/python3.12/site-packages/httpx/_transports/default.py", line 118, in map_httpcore_exceptions
    raise mapped_exc(message) from exc
httpx.ReadTimeout
2026-08-19 20:53:14,969 src.backend_client ERROR Se agotaron los reintentos para el frame 900
2026-08-19 20:53:14,969 vision INFO frame=900 detectados=10 enviado=False
2026-08-19 20:53:25,997 src.backend_client ERROR Fallo al enviar evento frame 930
Traceback (most recent call last):
  File "/home/raftlee/Documentos/Workspace/prototipo-vigia/vision/.venv/lib/python3.12/site-packages/httpx/_transports/default.py", line 101, in map_httpcore_exceptions
    yield
  File "/home/raftlee/Documentos/Workspace/prototipo-vigia/vision/.venv/lib/python3.12/site-packages/httpx/_transports/default.py", line 394, in handle_async_request
    resp = await self._pool.handle_async_request(req)
           ^^^^^^^^^^^^^^^^^^^^^^^^^^^^^^^^^^^^^^^^^^
  File "/home/raftlee/Documentos/Workspace/prototipo-vigia/vision/.venv/lib/python3.12/site-packages/httpcore/_async/connection_pool.py", line 256, in handle_async_request
    raise exc from None
  File "/home/raftlee/Documentos/Workspace/prototipo-vigia/vision/.venv/lib/python3.12/site-packages/httpcore/_async/connection_pool.py", line 236, in handle_async_request
    response = await connection.handle_async_request(
               ^^^^^^^^^^^^^^^^^^^^^^^^^^^^^^^^^^^^^^
  File "/home/raftlee/Documentos/Workspace/prototipo-vigia/vision/.venv/lib/python3.12/site-packages/httpcore/_async/connection.py", line 103, in handle_async_request
    return await self._connection.handle_async_request(request)
           ^^^^^^^^^^^^^^^^^^^^^^^^^^^^^^^^^^^^^^^^^^^^^^^^^^^^
  File "/home/raftlee/Documentos/Workspace/prototipo-vigia/vision/.venv/lib/python3.12/site-packages/httpcore/_async/http11.py", line 136, in handle_async_request
    raise exc
  File "/home/raftlee/Documentos/Workspace/prototipo-vigia/vision/.venv/lib/python3.12/site-packages/httpcore/_async/http11.py", line 106, in handle_async_request
    ) = await self._receive_response_headers(**kwargs)
        ^^^^^^^^^^^^^^^^^^^^^^^^^^^^^^^^^^^^^^^^^^^^^^
  File "/home/raftlee/Documentos/Workspace/prototipo-vigia/vision/.venv/lib/python3.12/site-packages/httpcore/_async/http11.py", line 177, in _receive_response_headers
    event = await self._receive_event(timeout=timeout)
            ^^^^^^^^^^^^^^^^^^^^^^^^^^^^^^^^^^^^^^^^^^
  File "/home/raftlee/Documentos/Workspace/prototipo-vigia/vision/.venv/lib/python3.12/site-packages/httpcore/_async/http11.py", line 217, in _receive_event
    data = await self._network_stream.read(
           ^^^^^^^^^^^^^^^^^^^^^^^^^^^^^^^^
  File "/home/raftlee/Documentos/Workspace/prototipo-vigia/vision/.venv/lib/python3.12/site-packages/httpcore/_backends/anyio.py", line 32, in read
    with map_exceptions(exc_map):
  File "/usr/lib/python3.12/contextlib.py", line 158, in __exit__
    self.gen.throw(value)
  File "/home/raftlee/Documentos/Workspace/prototipo-vigia/vision/.venv/lib/python3.12/site-packages/httpcore/_exceptions.py", line 14, in map_exceptions
    raise to_exc(exc) from exc
httpcore.ReadTimeout

The above exception was the direct cause of the following exception:

Traceback (most recent call last):
  File "/home/raftlee/Documentos/Workspace/prototipo-vigia/vision/src/backend_client.py", line 19, in enviar
    resp = await client.post(self.url, json=evento)
           ^^^^^^^^^^^^^^^^^^^^^^^^^^^^^^^^^^^^^^^^
  File "/home/raftlee/Documentos/Workspace/prototipo-vigia/vision/.venv/lib/python3.12/site-packages/httpx/_client.py", line 1859, in post
    return await self.request(
           ^^^^^^^^^^^^^^^^^^^
  File "/home/raftlee/Documentos/Workspace/prototipo-vigia/vision/.venv/lib/python3.12/site-packages/httpx/_client.py", line 1540, in request
    return await self.send(request, auth=auth, follow_redirects=follow_redirects)
           ^^^^^^^^^^^^^^^^^^^^^^^^^^^^^^^^^^^^^^^^^^^^^^^^^^^^^^^^^^^^^^^^^^^^^^
  File "/home/raftlee/Documentos/Workspace/prototipo-vigia/vision/.venv/lib/python3.12/site-packages/httpx/_client.py", line 1629, in send
    response = await self._send_handling_auth(
               ^^^^^^^^^^^^^^^^^^^^^^^^^^^^^^^
  File "/home/raftlee/Documentos/Workspace/prototipo-vigia/vision/.venv/lib/python3.12/site-packages/httpx/_client.py", line 1657, in _send_handling_auth
    response = await self._send_handling_redirects(
               ^^^^^^^^^^^^^^^^^^^^^^^^^^^^^^^^^^^^
  File "/home/raftlee/Documentos/Workspace/prototipo-vigia/vision/.venv/lib/python3.12/site-packages/httpx/_client.py", line 1694, in _send_handling_redirects
    response = await self._send_single_request(request)
               ^^^^^^^^^^^^^^^^^^^^^^^^^^^^^^^^^^^^^^^^
  File "/home/raftlee/Documentos/Workspace/prototipo-vigia/vision/.venv/lib/python3.12/site-packages/httpx/_client.py", line 1730, in _send_single_request
    response = await transport.handle_async_request(request)
               ^^^^^^^^^^^^^^^^^^^^^^^^^^^^^^^^^^^^^^^^^^^^^
  File "/home/raftlee/Documentos/Workspace/prototipo-vigia/vision/.venv/lib/python3.12/site-packages/httpx/_transports/default.py", line 393, in handle_async_request
    with map_httpcore_exceptions():
  File "/usr/lib/python3.12/contextlib.py", line 158, in __exit__
    self.gen.throw(value)
  File "/home/raftlee/Documentos/Workspace/prototipo-vigia/vision/.venv/lib/python3.12/site-packages/httpx/_transports/default.py", line 118, in map_httpcore_exceptions
    raise mapped_exc(message) from exc
httpx.ReadTimeout
2026-08-19 20:53:32,402 httpx INFO HTTP Request: POST http://localhost:8000/api/v1/eventos/ingest "HTTP/1.1 201 Created"
2026-08-19 20:53:32,404 vision INFO frame=930 detectados=14 enviado=True
2026-08-19 20:53:37,812 httpx INFO HTTP Request: POST http://localhost:8000/api/v1/eventos/ingest "HTTP/1.1 201 Created"
2026-08-19 20:53:37,813 vision INFO frame=960 detectados=11 enviado=True
2026-08-19 20:53:43,297 httpx INFO HTTP Request: POST http://localhost:8000/api/v1/eventos/ingest "HTTP/1.1 201 Created"
2026-08-19 20:53:43,299 vision INFO frame=990 detectados=7 enviado=True
2026-08-19 20:53:49,043 httpx INFO HTTP Request: POST http://localhost:8000/api/v1/eventos/ingest "HTTP/1.1 201 Created"
2026-08-19 20:53:49,045 vision INFO frame=1020 detectados=7 enviado=True
2026-08-19 20:53:54,477 httpx INFO HTTP Request: POST http://localhost:8000/api/v1/eventos/ingest "HTTP/1.1 201 Created"
2026-08-19 20:53:54,478 vision INFO frame=1050 detectados=9 enviado=True
2026-08-19 20:53:59,786 httpx INFO HTTP Request: POST http://localhost:8000/api/v1/eventos/ingest "HTTP/1.1 201 Created"
2026-08-19 20:53:59,787 vision INFO frame=1080 detectados=12 enviado=True
2026-08-19 20:54:05,374 httpx INFO HTTP Request: POST http://localhost:8000/api/v1/eventos/ingest "HTTP/1.1 201 Created"
2026-08-19 20:54:05,376 vision INFO frame=1110 detectados=8 enviado=True
2026-08-19 20:54:10,614 httpx INFO HTTP Request: POST http://localhost:8000/api/v1/eventos/ingest "HTTP/1.1 201 Created"
2026-08-19 20:54:10,616 vision INFO frame=1140 detectados=6 enviado=True
2026-08-19 20:54:16,521 httpx INFO HTTP Request: POST http://localhost:8000/api/v1/eventos/ingest "HTTP/1.1 201 Created"
2026-08-19 20:54:16,523 vision INFO frame=1170 detectados=4 enviado=True
2026-08-19 20:54:16,613 vision INFO Bucle finalizado, reiniciando la fuente…
2026-08-19 20:54:23,204 httpx INFO HTTP Request: POST http://localhost:8000/api/v1/eventos/ingest "HTTP/1.1 201 Created"
2026-08-19 20:54:23,205 vision INFO frame=30 detectados=10 enviado=True
2026-08-19 20:54:28,592 httpx INFO HTTP Request: POST http://localhost:8000/api/v1/eventos/ingest "HTTP/1.1 201 Created"
2026-08-19 20:54:28,593 vision INFO frame=60 detectados=6 enviado=True
2026-08-19 20:54:33,947 httpx INFO HTTP Request: POST http://localhost:8000/api/v1/eventos/ingest "HTTP/1.1 201 Created"
2026-08-19 20:54:33,949 vision INFO frame=90 detectados=8 enviado=True
2026-08-19 20:54:39,380 httpx INFO HTTP Request: POST http://localhost:8000/api/v1/eventos/ingest "HTTP/1.1 201 Created"
2026-08-19 20:54:39,381 vision INFO frame=120 detectados=10 enviado=True
2026-08-19 20:54:44,890 httpx INFO HTTP Request: POST http://localhost:8000/api/v1/eventos/ingest "HTTP/1.1 201 Created"
2026-08-19 20:54:44,892 vision INFO frame=150 detectados=7 enviado=True
2026-08-19 20:54:50,681 httpx INFO HTTP Request: POST http://localhost:8000/api/v1/eventos/ingest "HTTP/1.1 201 Created"
2026-08-19 20:54:50,682 vision INFO frame=180 detectados=9 enviado=True
2026-08-19 20:54:56,177 httpx INFO HTTP Request: POST http://localhost:8000/api/v1/eventos/ingest "HTTP/1.1 201 Created"
2026-08-19 20:54:56,179 vision INFO frame=210 detectados=10 enviado=True
2026-08-19 20:55:01,877 httpx INFO HTTP Request: POST http://localhost:8000/api/v1/eventos/ingest "HTTP/1.1 201 Created"
2026-08-19 20:55:01,878 vision INFO frame=240 detectados=8 enviado=True
2026-08-19 20:55:07,386 httpx INFO HTTP Request: POST http://localhost:8000/api/v1/eventos/ingest "HTTP/1.1 201 Created"
2026-08-19 20:55:07,388 vision INFO frame=270 detectados=9 enviado=True
2026-08-19 22:18:05,943 src.backend_client ERROR Fallo al enviar evento frame 300
Traceback (most recent call last):
  File "/home/raftlee/Documentos/Workspace/prototipo-vigia/vision/.venv/lib/python3.12/site-packages/httpx/_transports/default.py", line 101, in map_httpcore_exceptions
    yield
  File "/home/raftlee/Documentos/Workspace/prototipo-vigia/vision/.venv/lib/python3.12/site-packages/httpx/_transports/default.py", line 394, in handle_async_request
    resp = await self._pool.handle_async_request(req)
           ^^^^^^^^^^^^^^^^^^^^^^^^^^^^^^^^^^^^^^^^^^
  File "/home/raftlee/Documentos/Workspace/prototipo-vigia/vision/.venv/lib/python3.12/site-packages/httpcore/_async/connection_pool.py", line 256, in handle_async_request
    raise exc from None
  File "/home/raftlee/Documentos/Workspace/prototipo-vigia/vision/.venv/lib/python3.12/site-packages/httpcore/_async/connection_pool.py", line 236, in handle_async_request
    response = await connection.handle_async_request(
               ^^^^^^^^^^^^^^^^^^^^^^^^^^^^^^^^^^^^^^
  File "/home/raftlee/Documentos/Workspace/prototipo-vigia/vision/.venv/lib/python3.12/site-packages/httpcore/_async/connection.py", line 103, in handle_async_request
    return await self._connection.handle_async_request(request)
           ^^^^^^^^^^^^^^^^^^^^^^^^^^^^^^^^^^^^^^^^^^^^^^^^^^^^
  File "/home/raftlee/Documentos/Workspace/prototipo-vigia/vision/.venv/lib/python3.12/site-packages/httpcore/_async/http11.py", line 136, in handle_async_request
    raise exc
  File "/home/raftlee/Documentos/Workspace/prototipo-vigia/vision/.venv/lib/python3.12/site-packages/httpcore/_async/http11.py", line 106, in handle_async_request
    ) = await self._receive_response_headers(**kwargs)
        ^^^^^^^^^^^^^^^^^^^^^^^^^^^^^^^^^^^^^^^^^^^^^^
  File "/home/raftlee/Documentos/Workspace/prototipo-vigia/vision/.venv/lib/python3.12/site-packages/httpcore/_async/http11.py", line 177, in _receive_response_headers
    event = await self._receive_event(timeout=timeout)
            ^^^^^^^^^^^^^^^^^^^^^^^^^^^^^^^^^^^^^^^^^^
  File "/home/raftlee/Documentos/Workspace/prototipo-vigia/vision/.venv/lib/python3.12/site-packages/httpcore/_async/http11.py", line 217, in _receive_event
    data = await self._network_stream.read(
           ^^^^^^^^^^^^^^^^^^^^^^^^^^^^^^^^
  File "/home/raftlee/Documentos/Workspace/prototipo-vigia/vision/.venv/lib/python3.12/site-packages/httpcore/_backends/anyio.py", line 32, in read
    with map_exceptions(exc_map):
  File "/usr/lib/python3.12/contextlib.py", line 158, in __exit__
    self.gen.throw(value)
  File "/home/raftlee/Documentos/Workspace/prototipo-vigia/vision/.venv/lib/python3.12/site-packages/httpcore/_exceptions.py", line 14, in map_exceptions
    raise to_exc(exc) from exc
httpcore.ReadTimeout

The above exception was the direct cause of the following exception:

Traceback (most recent call last):
  File "/home/raftlee/Documentos/Workspace/prototipo-vigia/vision/src/backend_client.py", line 19, in enviar
    resp = await client.post(self.url, json=evento)
           ^^^^^^^^^^^^^^^^^^^^^^^^^^^^^^^^^^^^^^^^
  File "/home/raftlee/Documentos/Workspace/prototipo-vigia/vision/.venv/lib/python3.12/site-packages/httpx/_client.py", line 1859, in post
    return await self.request(
           ^^^^^^^^^^^^^^^^^^^
  File "/home/raftlee/Documentos/Workspace/prototipo-vigia/vision/.venv/lib/python3.12/site-packages/httpx/_client.py", line 1540, in request
    return await self.send(request, auth=auth, follow_redirects=follow_redirects)
           ^^^^^^^^^^^^^^^^^^^^^^^^^^^^^^^^^^^^^^^^^^^^^^^^^^^^^^^^^^^^^^^^^^^^^^
  File "/home/raftlee/Documentos/Workspace/prototipo-vigia/vision/.venv/lib/python3.12/site-packages/httpx/_client.py", line 1629, in send
    response = await self._send_handling_auth(
               ^^^^^^^^^^^^^^^^^^^^^^^^^^^^^^^
  File "/home/raftlee/Documentos/Workspace/prototipo-vigia/vision/.venv/lib/python3.12/site-packages/httpx/_client.py", line 1657, in _send_handling_auth
    response = await self._send_handling_redirects(
               ^^^^^^^^^^^^^^^^^^^^^^^^^^^^^^^^^^^^
  File "/home/raftlee/Documentos/Workspace/prototipo-vigia/vision/.venv/lib/python3.12/site-packages/httpx/_client.py", line 1694, in _send_handling_redirects
    response = await self._send_single_request(request)
               ^^^^^^^^^^^^^^^^^^^^^^^^^^^^^^^^^^^^^^^^
  File "/home/raftlee/Documentos/Workspace/prototipo-vigia/vision/.venv/lib/python3.12/site-packages/httpx/_client.py", line 1730, in _send_single_request
    response = await transport.handle_async_request(request)
               ^^^^^^^^^^^^^^^^^^^^^^^^^^^^^^^^^^^^^^^^^^^^^
  File "/home/raftlee/Documentos/Workspace/prototipo-vigia/vision/.venv/lib/python3.12/site-packages/httpx/_transports/default.py", line 393, in handle_async_request
    with map_httpcore_exceptions():
  File "/usr/lib/python3.12/contextlib.py", line 158, in __exit__
    self.gen.throw(value)
  File "/home/raftlee/Documentos/Workspace/prototipo-vigia/vision/.venv/lib/python3.12/site-packages/httpx/_transports/default.py", line 118, in map_httpcore_exceptions
    raise mapped_exc(message) from exc
httpx.ReadTimeout
2026-08-19 22:18:09,101 httpx INFO HTTP Request: POST http://localhost:8000/api/v1/eventos/ingest "HTTP/1.1 201 Created"
2026-08-19 22:18:09,102 vision INFO frame=300 detectados=10 enviado=True
2026-08-19 22:18:12,295 httpx INFO HTTP Request: POST http://localhost:8000/api/v1/eventos/ingest "HTTP/1.1 201 Created"
2026-08-19 22:18:12,297 vision INFO frame=330 detectados=8 enviado=True
2026-08-19 22:18:14,564 httpx INFO HTTP Request: POST http://localhost:8000/api/v1/eventos/ingest "HTTP/1.1 201 Created"
2026-08-19 22:18:14,565 vision INFO frame=360 detectados=9 enviado=True
2026-08-19 22:18:16,786 httpx INFO HTTP Request: POST http://localhost:8000/api/v1/eventos/ingest "HTTP/1.1 201 Created"
2026-08-19 22:18:16,788 vision INFO frame=390 detectados=10 enviado=True
2026-08-19 22:18:18,612 httpx INFO HTTP Request: POST http://localhost:8000/api/v1/eventos/ingest "HTTP/1.1 201 Created"
2026-08-19 22:18:18,613 vision INFO frame=420 detectados=11 enviado=True
2026-08-19 22:18:19,309 httpx INFO HTTP Request: POST http://localhost:8000/api/v1/eventos/ingest "HTTP/1.1 201 Created"
2026-08-19 22:18:19,310 vision INFO frame=450 detectados=11 enviado=True
2026-08-19 22:18:20,927 httpx INFO HTTP Request: POST http://localhost:8000/api/v1/eventos/ingest "HTTP/1.1 201 Created"
2026-08-19 22:18:20,928 vision INFO frame=480 detectados=14 enviado=True
2026-08-19 22:18:30,906 httpx INFO HTTP Request: POST http://localhost:8000/api/v1/eventos/ingest "HTTP/1.1 201 Created"
2026-08-19 22:18:30,907 vision INFO frame=510 detectados=14 enviado=True
2026-08-19 22:18:32,678 httpx INFO HTTP Request: POST http://localhost:8000/api/v1/eventos/ingest "HTTP/1.1 201 Created"
2026-08-19 22:18:32,680 vision INFO frame=540 detectados=13 enviado=True
2026-08-19 22:18:38,382 httpx INFO HTTP Request: POST http://localhost:8000/api/v1/eventos/ingest "HTTP/1.1 201 Created"
2026-08-19 22:18:38,382 vision INFO frame=570 detectados=11 enviado=True
2026-08-19 22:18:48,996 src.backend_client ERROR Fallo al enviar evento frame 600
Traceback (most recent call last):
  File "/home/raftlee/Documentos/Workspace/prototipo-vigia/vision/.venv/lib/python3.12/site-packages/httpx/_transports/default.py", line 101, in map_httpcore_exceptions
    yield
  File "/home/raftlee/Documentos/Workspace/prototipo-vigia/vision/.venv/lib/python3.12/site-packages/httpx/_transports/default.py", line 394, in handle_async_request
    resp = await self._pool.handle_async_request(req)
           ^^^^^^^^^^^^^^^^^^^^^^^^^^^^^^^^^^^^^^^^^^
  File "/home/raftlee/Documentos/Workspace/prototipo-vigia/vision/.venv/lib/python3.12/site-packages/httpcore/_async/connection_pool.py", line 256, in handle_async_request
    raise exc from None
  File "/home/raftlee/Documentos/Workspace/prototipo-vigia/vision/.venv/lib/python3.12/site-packages/httpcore/_async/connection_pool.py", line 236, in handle_async_request
    response = await connection.handle_async_request(
               ^^^^^^^^^^^^^^^^^^^^^^^^^^^^^^^^^^^^^^
  File "/home/raftlee/Documentos/Workspace/prototipo-vigia/vision/.venv/lib/python3.12/site-packages/httpcore/_async/connection.py", line 103, in handle_async_request
    return await self._connection.handle_async_request(request)
           ^^^^^^^^^^^^^^^^^^^^^^^^^^^^^^^^^^^^^^^^^^^^^^^^^^^^
  File "/home/raftlee/Documentos/Workspace/prototipo-vigia/vision/.venv/lib/python3.12/site-packages/httpcore/_async/http11.py", line 136, in handle_async_request
    raise exc
  File "/home/raftlee/Documentos/Workspace/prototipo-vigia/vision/.venv/lib/python3.12/site-packages/httpcore/_async/http11.py", line 106, in handle_async_request
    ) = await self._receive_response_headers(**kwargs)
        ^^^^^^^^^^^^^^^^^^^^^^^^^^^^^^^^^^^^^^^^^^^^^^
  File "/home/raftlee/Documentos/Workspace/prototipo-vigia/vision/.venv/lib/python3.12/site-packages/httpcore/_async/http11.py", line 177, in _receive_response_headers
    event = await self._receive_event(timeout=timeout)
            ^^^^^^^^^^^^^^^^^^^^^^^^^^^^^^^^^^^^^^^^^^
  File "/home/raftlee/Documentos/Workspace/prototipo-vigia/vision/.venv/lib/python3.12/site-packages/httpcore/_async/http11.py", line 217, in _receive_event
    data = await self._network_stream.read(
           ^^^^^^^^^^^^^^^^^^^^^^^^^^^^^^^^
  File "/home/raftlee/Documentos/Workspace/prototipo-vigia/vision/.venv/lib/python3.12/site-packages/httpcore/_backends/anyio.py", line 32, in read
    with map_exceptions(exc_map):
  File "/usr/lib/python3.12/contextlib.py", line 158, in __exit__
    self.gen.throw(value)
  File "/home/raftlee/Documentos/Workspace/prototipo-vigia/vision/.venv/lib/python3.12/site-packages/httpcore/_exceptions.py", line 14, in map_exceptions
    raise to_exc(exc) from exc
httpcore.ReadTimeout

The above exception was the direct cause of the following exception:

Traceback (most recent call last):
  File "/home/raftlee/Documentos/Workspace/prototipo-vigia/vision/src/backend_client.py", line 19, in enviar
    resp = await client.post(self.url, json=evento)
           ^^^^^^^^^^^^^^^^^^^^^^^^^^^^^^^^^^^^^^^^
  File "/home/raftlee/Documentos/Workspace/prototipo-vigia/vision/.venv/lib/python3.12/site-packages/httpx/_client.py", line 1859, in post
    return await self.request(
           ^^^^^^^^^^^^^^^^^^^
  File "/home/raftlee/Documentos/Workspace/prototipo-vigia/vision/.venv/lib/python3.12/site-packages/httpx/_client.py", line 1540, in request
    return await self.send(request, auth=auth, follow_redirects=follow_redirects)
           ^^^^^^^^^^^^^^^^^^^^^^^^^^^^^^^^^^^^^^^^^^^^^^^^^^^^^^^^^^^^^^^^^^^^^^
  File "/home/raftlee/Documentos/Workspace/prototipo-vigia/vision/.venv/lib/python3.12/site-packages/httpx/_client.py", line 1629, in send
    response = await self._send_handling_auth(
               ^^^^^^^^^^^^^^^^^^^^^^^^^^^^^^^
  File "/home/raftlee/Documentos/Workspace/prototipo-vigia/vision/.venv/lib/python3.12/site-packages/httpx/_client.py", line 1657, in _send_handling_auth
    response = await self._send_handling_redirects(
               ^^^^^^^^^^^^^^^^^^^^^^^^^^^^^^^^^^^^
  File "/home/raftlee/Documentos/Workspace/prototipo-vigia/vision/.venv/lib/python3.12/site-packages/httpx/_client.py", line 1694, in _send_handling_redirects
    response = await self._send_single_request(request)
               ^^^^^^^^^^^^^^^^^^^^^^^^^^^^^^^^^^^^^^^^
  File "/home/raftlee/Documentos/Workspace/prototipo-vigia/vision/.venv/lib/python3.12/site-packages/httpx/_client.py", line 1730, in _send_single_request
    response = await transport.handle_async_request(request)
               ^^^^^^^^^^^^^^^^^^^^^^^^^^^^^^^^^^^^^^^^^^^^^
  File "/home/raftlee/Documentos/Workspace/prototipo-vigia/vision/.venv/lib/python3.12/site-packages/httpx/_transports/default.py", line 393, in handle_async_request
    with map_httpcore_exceptions():
  File "/usr/lib/python3.12/contextlib.py", line 158, in __exit__
    self.gen.throw(value)
  File "/home/raftlee/Documentos/Workspace/prototipo-vigia/vision/.venv/lib/python3.12/site-packages/httpx/_transports/default.py", line 118, in map_httpcore_exceptions
    raise mapped_exc(message) from exc
httpx.ReadTimeout
2026-08-19 22:18:55,596 httpx INFO HTTP Request: POST http://localhost:8000/api/v1/eventos/ingest "HTTP/1.1 201 Created"
2026-08-19 22:18:55,598 vision INFO frame=600 detectados=15 enviado=True
2026-08-19 22:19:01,002 httpx INFO HTTP Request: POST http://localhost:8000/api/v1/eventos/ingest "HTTP/1.1 201 Created"
2026-08-19 22:19:01,004 vision INFO frame=630 detectados=12 enviado=True
2026-08-19 22:19:06,339 httpx INFO HTTP Request: POST http://localhost:8000/api/v1/eventos/ingest "HTTP/1.1 201 Created"
2026-08-19 22:19:06,340 vision INFO frame=660 detectados=10 enviado=True
2026-08-19 22:19:14,245 httpx INFO HTTP Request: POST http://localhost:8000/api/v1/eventos/ingest "HTTP/1.1 201 Created"
2026-08-19 22:19:14,247 vision INFO frame=690 detectados=9 enviado=True
2026-08-19 22:19:19,587 httpx INFO HTTP Request: POST http://localhost:8000/api/v1/eventos/ingest "HTTP/1.1 201 Created"
2026-08-19 22:19:19,590 vision INFO frame=720 detectados=10 enviado=True
2026-08-19 22:19:25,155 httpx INFO HTTP Request: POST http://localhost:8000/api/v1/eventos/ingest "HTTP/1.1 201 Created"
2026-08-19 22:19:25,157 vision INFO frame=750 detectados=11 enviado=True
2026-08-19 22:19:30,579 httpx INFO HTTP Request: POST http://localhost:8000/api/v1/eventos/ingest "HTTP/1.1 201 Created"
2026-08-19 22:19:30,582 vision INFO frame=780 detectados=10 enviado=True
2026-08-19 22:19:35,878 httpx INFO HTTP Request: POST http://localhost:8000/api/v1/eventos/ingest "HTTP/1.1 201 Created"
2026-08-19 22:19:35,880 vision INFO frame=810 detectados=16 enviado=True
2026-08-19 22:19:41,257 httpx INFO HTTP Request: POST http://localhost:8000/api/v1/eventos/ingest "HTTP/1.1 201 Created"
2026-08-19 22:19:41,259 vision INFO frame=840 detectados=12 enviado=True
2026-08-19 22:19:46,475 httpx INFO HTTP Request: POST http://localhost:8000/api/v1/eventos/ingest "HTTP/1.1 201 Created"
2026-08-19 22:19:46,477 vision INFO frame=870 detectados=5 enviado=True
2026-08-19 22:19:51,831 httpx INFO HTTP Request: POST http://localhost:8000/api/v1/eventos/ingest "HTTP/1.1 201 Created"
2026-08-19 22:19:51,832 vision INFO frame=900 detectados=10 enviado=True
2026-08-19 22:19:57,275 httpx INFO HTTP Request: POST http://localhost:8000/api/v1/eventos/ingest "HTTP/1.1 201 Created"
2026-08-19 22:19:57,276 vision INFO frame=930 detectados=14 enviado=True
2026-08-19 22:20:02,579 httpx INFO HTTP Request: POST http://localhost:8000/api/v1/eventos/ingest "HTTP/1.1 201 Created"
2026-08-19 22:20:02,581 vision INFO frame=960 detectados=11 enviado=True
2026-08-19 22:20:07,948 httpx INFO HTTP Request: POST http://localhost:8000/api/v1/eventos/ingest "HTTP/1.1 201 Created"
2026-08-19 22:20:07,952 vision INFO frame=990 detectados=7 enviado=True
2026-08-19 22:20:13,224 httpx INFO HTTP Request: POST http://localhost:8000/api/v1/eventos/ingest "HTTP/1.1 201 Created"
2026-08-19 22:20:13,226 vision INFO frame=1020 detectados=7 enviado=True
2026-08-19 22:20:18,521 httpx INFO HTTP Request: POST http://localhost:8000/api/v1/eventos/ingest "HTTP/1.1 201 Created"
2026-08-19 22:20:18,523 vision INFO frame=1050 detectados=9 enviado=True
2026-08-19 22:20:23,857 httpx INFO HTTP Request: POST http://localhost:8000/api/v1/eventos/ingest "HTTP/1.1 201 Created"
2026-08-19 22:20:23,859 vision INFO frame=1080 detectados=12 enviado=True
2026-08-19 22:20:29,336 httpx INFO HTTP Request: POST http://localhost:8000/api/v1/eventos/ingest "HTTP/1.1 201 Created"
2026-08-19 22:20:29,338 vision INFO frame=1110 detectados=8 enviado=True
2026-08-19 22:20:34,609 httpx INFO HTTP Request: POST http://localhost:8000/api/v1/eventos/ingest "HTTP/1.1 201 Created"
2026-08-19 22:20:34,610 vision INFO frame=1140 detectados=6 enviado=True
2026-08-19 22:20:40,328 httpx INFO HTTP Request: POST http://localhost:8000/api/v1/eventos/ingest "HTTP/1.1 201 Created"
2026-08-19 22:20:40,330 vision INFO frame=1170 detectados=4 enviado=True
2026-08-19 22:20:40,409 vision INFO Bucle finalizado, reiniciando la fuente…
2026-08-19 22:20:46,994 httpx INFO HTTP Request: POST http://localhost:8000/api/v1/eventos/ingest "HTTP/1.1 201 Created"
2026-08-19 22:20:46,996 vision INFO frame=30 detectados=10 enviado=True
2026-08-19 22:20:52,583 httpx INFO HTTP Request: POST http://localhost:8000/api/v1/eventos/ingest "HTTP/1.1 201 Created"
2026-08-19 22:20:52,584 vision INFO frame=60 detectados=6 enviado=True
2026-08-19 22:20:57,773 httpx INFO HTTP Request: POST http://localhost:8000/api/v1/eventos/ingest "HTTP/1.1 201 Created"
2026-08-19 22:20:57,774 vision INFO frame=90 detectados=8 enviado=True
2026-08-19 22:21:02,900 httpx INFO HTTP Request: POST http://localhost:8000/api/v1/eventos/ingest "HTTP/1.1 201 Created"
2026-08-19 22:21:02,901 vision INFO frame=120 detectados=10 enviado=True
2026-08-19 22:21:07,999 httpx INFO HTTP Request: POST http://localhost:8000/api/v1/eventos/ingest "HTTP/1.1 201 Created"
2026-08-19 22:21:08,001 vision INFO frame=150 detectados=7 enviado=True
2026-08-19 22:21:13,311 httpx INFO HTTP Request: POST http://localhost:8000/api/v1/eventos/ingest "HTTP/1.1 201 Created"
2026-08-19 22:21:13,312 vision INFO frame=180 detectados=9 enviado=True
2026-08-19 22:21:18,584 httpx INFO HTTP Request: POST http://localhost:8000/api/v1/eventos/ingest "HTTP/1.1 201 Created"
2026-08-19 22:21:18,586 vision INFO frame=210 detectados=10 enviado=True
2026-08-19 22:21:24,124 httpx INFO HTTP Request: POST http://localhost:8000/api/v1/eventos/ingest "HTTP/1.1 201 Created"
2026-08-19 22:21:24,125 vision INFO frame=240 detectados=8 enviado=True
2026-08-19 22:21:29,316 httpx INFO HTTP Request: POST http://localhost:8000/api/v1/eventos/ingest "HTTP/1.1 201 Created"
2026-08-19 22:21:29,318 vision INFO frame=270 detectados=9 enviado=True
2026-08-19 22:21:34,366 httpx INFO HTTP Request: POST http://localhost:8000/api/v1/eventos/ingest "HTTP/1.1 201 Created"
2026-08-19 22:21:34,368 vision INFO frame=300 detectados=10 enviado=True
2026-08-19 22:21:39,610 httpx INFO HTTP Request: POST http://localhost:8000/api/v1/eventos/ingest "HTTP/1.1 201 Created"
2026-08-19 22:21:39,613 vision INFO frame=330 detectados=8 enviado=True
2026-08-19 22:21:44,743 httpx INFO HTTP Request: POST http://localhost:8000/api/v1/eventos/ingest "HTTP/1.1 201 Created"
2026-08-19 22:21:44,744 vision INFO frame=360 detectados=9 enviado=True
2026-08-19 22:21:49,865 httpx INFO HTTP Request: POST http://localhost:8000/api/v1/eventos/ingest "HTTP/1.1 201 Created"
2026-08-19 22:21:49,867 vision INFO frame=390 detectados=10 enviado=True
2026-08-19 22:21:55,061 httpx INFO HTTP Request: POST http://localhost:8000/api/v1/eventos/ingest "HTTP/1.1 201 Created"
2026-08-19 22:21:55,063 vision INFO frame=420 detectados=11 enviado=True
2026-08-19 22:22:00,069 httpx INFO HTTP Request: POST http://localhost:8000/api/v1/eventos/ingest "HTTP/1.1 201 Created"
2026-08-19 22:22:00,071 vision INFO frame=450 detectados=11 enviado=True
2026-08-19 22:22:00,746 httpx INFO HTTP Request: POST http://localhost:8000/api/v1/eventos/ingest "HTTP/1.1 201 Created"
2026-08-19 22:22:00,747 vision INFO frame=480 detectados=14 enviado=True
2026-08-19 22:22:01,262 httpx INFO HTTP Request: POST http://localhost:8000/api/v1/eventos/ingest "HTTP/1.1 201 Created"
2026-08-19 22:22:01,263 vision INFO frame=510 detectados=14 enviado=True
2026-08-19 22:22:06,236 httpx INFO HTTP Request: POST http://localhost:8000/api/v1/eventos/ingest "HTTP/1.1 201 Created"
2026-08-19 22:22:06,237 vision INFO frame=540 detectados=13 enviado=True
2026-08-19 22:22:11,359 httpx INFO HTTP Request: POST http://localhost:8000/api/v1/eventos/ingest "HTTP/1.1 201 Created"
2026-08-19 22:22:11,361 vision INFO frame=570 detectados=11 enviado=True
2026-08-19 22:22:16,514 httpx INFO HTTP Request: POST http://localhost:8000/api/v1/eventos/ingest "HTTP/1.1 201 Created"
2026-08-19 22:22:16,516 vision INFO frame=600 detectados=15 enviado=True
2026-08-19 22:22:21,811 httpx INFO HTTP Request: POST http://localhost:8000/api/v1/eventos/ingest "HTTP/1.1 201 Created"
2026-08-19 22:22:21,813 vision INFO frame=630 detectados=12 enviado=True
2026-08-19 22:22:26,837 httpx INFO HTTP Request: POST http://localhost:8000/api/v1/eventos/ingest "HTTP/1.1 201 Created"
2026-08-19 22:22:26,837 vision INFO frame=660 detectados=10 enviado=True
2026-08-19 22:22:32,073 httpx INFO HTTP Request: POST http://localhost:8000/api/v1/eventos/ingest "HTTP/1.1 201 Created"
2026-08-19 22:22:32,075 vision INFO frame=690 detectados=9 enviado=True
2026-08-19 22:22:37,226 httpx INFO HTTP Request: POST http://localhost:8000/api/v1/eventos/ingest "HTTP/1.1 201 Created"
2026-08-19 22:22:37,228 vision INFO frame=720 detectados=10 enviado=True
2026-08-19 22:22:42,228 httpx INFO HTTP Request: POST http://localhost:8000/api/v1/eventos/ingest "HTTP/1.1 201 Created"
2026-08-19 22:22:42,230 vision INFO frame=750 detectados=11 enviado=True
2026-08-19 22:22:47,518 httpx INFO HTTP Request: POST http://localhost:8000/api/v1/eventos/ingest "HTTP/1.1 201 Created"
2026-08-19 22:22:47,519 vision INFO frame=780 detectados=10 enviado=True
2026-08-19 22:22:52,593 httpx INFO HTTP Request: POST http://localhost:8000/api/v1/eventos/ingest "HTTP/1.1 201 Created"
2026-08-19 22:22:52,594 vision INFO frame=810 detectados=16 enviado=True
2026-08-19 22:22:57,752 httpx INFO HTTP Request: POST http://localhost:8000/api/v1/eventos/ingest "HTTP/1.1 201 Created"
2026-08-19 22:22:57,754 vision INFO frame=840 detectados=12 enviado=True
2026-08-19 22:23:02,904 httpx INFO HTTP Request: POST http://localhost:8000/api/v1/eventos/ingest "HTTP/1.1 201 Created"
2026-08-19 22:23:02,906 vision INFO frame=870 detectados=5 enviado=True
2026-08-19 22:23:07,942 httpx INFO HTTP Request: POST http://localhost:8000/api/v1/eventos/ingest "HTTP/1.1 201 Created"
2026-08-19 22:23:07,943 vision INFO frame=900 detectados=10 enviado=True
2026-08-19 22:23:13,248 httpx INFO HTTP Request: POST http://localhost:8000/api/v1/eventos/ingest "HTTP/1.1 201 Created"
2026-08-19 22:23:13,249 vision INFO frame=930 detectados=14 enviado=True
2026-08-19 22:23:18,758 httpx INFO HTTP Request: POST http://localhost:8000/api/v1/eventos/ingest "HTTP/1.1 201 Created"
2026-08-19 22:23:18,759 vision INFO frame=960 detectados=11 enviado=True
2026-08-19 22:23:23,955 httpx INFO HTTP Request: POST http://localhost:8000/api/v1/eventos/ingest "HTTP/1.1 201 Created"
2026-08-19 22:23:23,958 vision INFO frame=990 detectados=7 enviado=True
2026-08-19 22:23:29,016 httpx INFO HTTP Request: POST http://localhost:8000/api/v1/eventos/ingest "HTTP/1.1 201 Created"
2026-08-19 22:23:29,017 vision INFO frame=1020 detectados=7 enviado=True
2026-08-19 22:23:34,133 httpx INFO HTTP Request: POST http://localhost:8000/api/v1/eventos/ingest "HTTP/1.1 201 Created"
2026-08-19 22:23:34,135 vision INFO frame=1050 detectados=9 enviado=True
2026-08-19 22:23:39,112 httpx INFO HTTP Request: POST http://localhost:8000/api/v1/eventos/ingest "HTTP/1.1 201 Created"
2026-08-19 22:23:39,113 vision INFO frame=1080 detectados=12 enviado=True
2026-08-19 22:23:44,412 httpx INFO HTTP Request: POST http://localhost:8000/api/v1/eventos/ingest "HTTP/1.1 201 Created"
2026-08-19 22:23:44,413 vision INFO frame=1110 detectados=8 enviado=True
2026-08-19 22:23:49,520 httpx INFO HTTP Request: POST http://localhost:8000/api/v1/eventos/ingest "HTTP/1.1 201 Created"
2026-08-19 22:23:49,521 vision INFO frame=1140 detectados=6 enviado=True
2026-08-19 22:23:54,692 httpx INFO HTTP Request: POST http://localhost:8000/api/v1/eventos/ingest "HTTP/1.1 201 Created"
2026-08-19 22:23:54,693 vision INFO frame=1170 detectados=4 enviado=True
2026-08-19 22:23:54,777 vision INFO Bucle finalizado, reiniciando la fuente…
2026-08-19 22:24:01,205 httpx INFO HTTP Request: POST http://localhost:8000/api/v1/eventos/ingest "HTTP/1.1 201 Created"
2026-08-19 22:24:01,207 vision INFO frame=30 detectados=10 enviado=True
2026-08-19 22:24:06,227 httpx INFO HTTP Request: POST http://localhost:8000/api/v1/eventos/ingest "HTTP/1.1 201 Created"
2026-08-19 22:24:06,228 vision INFO frame=60 detectados=6 enviado=True
2026-08-19 22:24:11,296 httpx INFO HTTP Request: POST http://localhost:8000/api/v1/eventos/ingest "HTTP/1.1 201 Created"
2026-08-19 22:24:11,298 vision INFO frame=90 detectados=8 enviado=True
2026-08-19 22:24:16,329 httpx INFO HTTP Request: POST http://localhost:8000/api/v1/eventos/ingest "HTTP/1.1 201 Created"
2026-08-19 22:24:16,330 vision INFO frame=120 detectados=10 enviado=True
2026-08-19 22:24:26,893 src.backend_client ERROR Fallo al enviar evento frame 150
Traceback (most recent call last):
  File "/home/raftlee/Documentos/Workspace/prototipo-vigia/vision/.venv/lib/python3.12/site-packages/httpx/_transports/default.py", line 101, in map_httpcore_exceptions
    yield
  File "/home/raftlee/Documentos/Workspace/prototipo-vigia/vision/.venv/lib/python3.12/site-packages/httpx/_transports/default.py", line 394, in handle_async_request
    resp = await self._pool.handle_async_request(req)
           ^^^^^^^^^^^^^^^^^^^^^^^^^^^^^^^^^^^^^^^^^^
  File "/home/raftlee/Documentos/Workspace/prototipo-vigia/vision/.venv/lib/python3.12/site-packages/httpcore/_async/connection_pool.py", line 256, in handle_async_request
    raise exc from None
  File "/home/raftlee/Documentos/Workspace/prototipo-vigia/vision/.venv/lib/python3.12/site-packages/httpcore/_async/connection_pool.py", line 236, in handle_async_request
    response = await connection.handle_async_request(
               ^^^^^^^^^^^^^^^^^^^^^^^^^^^^^^^^^^^^^^
  File "/home/raftlee/Documentos/Workspace/prototipo-vigia/vision/.venv/lib/python3.12/site-packages/httpcore/_async/connection.py", line 103, in handle_async_request
    return await self._connection.handle_async_request(request)
           ^^^^^^^^^^^^^^^^^^^^^^^^^^^^^^^^^^^^^^^^^^^^^^^^^^^^
  File "/home/raftlee/Documentos/Workspace/prototipo-vigia/vision/.venv/lib/python3.12/site-packages/httpcore/_async/http11.py", line 136, in handle_async_request
    raise exc
  File "/home/raftlee/Documentos/Workspace/prototipo-vigia/vision/.venv/lib/python3.12/site-packages/httpcore/_async/http11.py", line 106, in handle_async_request
    ) = await self._receive_response_headers(**kwargs)
        ^^^^^^^^^^^^^^^^^^^^^^^^^^^^^^^^^^^^^^^^^^^^^^
  File "/home/raftlee/Documentos/Workspace/prototipo-vigia/vision/.venv/lib/python3.12/site-packages/httpcore/_async/http11.py", line 177, in _receive_response_headers
    event = await self._receive_event(timeout=timeout)
            ^^^^^^^^^^^^^^^^^^^^^^^^^^^^^^^^^^^^^^^^^^
  File "/home/raftlee/Documentos/Workspace/prototipo-vigia/vision/.venv/lib/python3.12/site-packages/httpcore/_async/http11.py", line 217, in _receive_event
    data = await self._network_stream.read(
           ^^^^^^^^^^^^^^^^^^^^^^^^^^^^^^^^
  File "/home/raftlee/Documentos/Workspace/prototipo-vigia/vision/.venv/lib/python3.12/site-packages/httpcore/_backends/anyio.py", line 32, in read
    with map_exceptions(exc_map):
  File "/usr/lib/python3.12/contextlib.py", line 158, in __exit__
    self.gen.throw(value)
  File "/home/raftlee/Documentos/Workspace/prototipo-vigia/vision/.venv/lib/python3.12/site-packages/httpcore/_exceptions.py", line 14, in map_exceptions
    raise to_exc(exc) from exc
httpcore.ReadTimeout

The above exception was the direct cause of the following exception:

Traceback (most recent call last):
  File "/home/raftlee/Documentos/Workspace/prototipo-vigia/vision/src/backend_client.py", line 19, in enviar
    resp = await client.post(self.url, json=evento)
           ^^^^^^^^^^^^^^^^^^^^^^^^^^^^^^^^^^^^^^^^
  File "/home/raftlee/Documentos/Workspace/prototipo-vigia/vision/.venv/lib/python3.12/site-packages/httpx/_client.py", line 1859, in post
    return await self.request(
           ^^^^^^^^^^^^^^^^^^^
  File "/home/raftlee/Documentos/Workspace/prototipo-vigia/vision/.venv/lib/python3.12/site-packages/httpx/_client.py", line 1540, in request
    return await self.send(request, auth=auth, follow_redirects=follow_redirects)
           ^^^^^^^^^^^^^^^^^^^^^^^^^^^^^^^^^^^^^^^^^^^^^^^^^^^^^^^^^^^^^^^^^^^^^^
  File "/home/raftlee/Documentos/Workspace/prototipo-vigia/vision/.venv/lib/python3.12/site-packages/httpx/_client.py", line 1629, in send
    response = await self._send_handling_auth(
               ^^^^^^^^^^^^^^^^^^^^^^^^^^^^^^^
  File "/home/raftlee/Documentos/Workspace/prototipo-vigia/vision/.venv/lib/python3.12/site-packages/httpx/_client.py", line 1657, in _send_handling_auth
    response = await self._send_handling_redirects(
               ^^^^^^^^^^^^^^^^^^^^^^^^^^^^^^^^^^^^
  File "/home/raftlee/Documentos/Workspace/prototipo-vigia/vision/.venv/lib/python3.12/site-packages/httpx/_client.py", line 1694, in _send_handling_redirects
    response = await self._send_single_request(request)
               ^^^^^^^^^^^^^^^^^^^^^^^^^^^^^^^^^^^^^^^^
  File "/home/raftlee/Documentos/Workspace/prototipo-vigia/vision/.venv/lib/python3.12/site-packages/httpx/_client.py", line 1730, in _send_single_request
    response = await transport.handle_async_request(request)
               ^^^^^^^^^^^^^^^^^^^^^^^^^^^^^^^^^^^^^^^^^^^^^
  File "/home/raftlee/Documentos/Workspace/prototipo-vigia/vision/.venv/lib/python3.12/site-packages/httpx/_transports/default.py", line 393, in handle_async_request
    with map_httpcore_exceptions():
  File "/usr/lib/python3.12/contextlib.py", line 158, in __exit__
    self.gen.throw(value)
  File "/home/raftlee/Documentos/Workspace/prototipo-vigia/vision/.venv/lib/python3.12/site-packages/httpx/_transports/default.py", line 118, in map_httpcore_exceptions
    raise mapped_exc(message) from exc
httpx.ReadTimeout
2026-08-19 22:24:38,944 src.backend_client ERROR Fallo al enviar evento frame 150
Traceback (most recent call last):
  File "/home/raftlee/Documentos/Workspace/prototipo-vigia/vision/.venv/lib/python3.12/site-packages/httpx/_transports/default.py", line 101, in map_httpcore_exceptions
    yield
  File "/home/raftlee/Documentos/Workspace/prototipo-vigia/vision/.venv/lib/python3.12/site-packages/httpx/_transports/default.py", line 394, in handle_async_request
    resp = await self._pool.handle_async_request(req)
           ^^^^^^^^^^^^^^^^^^^^^^^^^^^^^^^^^^^^^^^^^^
  File "/home/raftlee/Documentos/Workspace/prototipo-vigia/vision/.venv/lib/python3.12/site-packages/httpcore/_async/connection_pool.py", line 256, in handle_async_request
    raise exc from None
  File "/home/raftlee/Documentos/Workspace/prototipo-vigia/vision/.venv/lib/python3.12/site-packages/httpcore/_async/connection_pool.py", line 236, in handle_async_request
    response = await connection.handle_async_request(
               ^^^^^^^^^^^^^^^^^^^^^^^^^^^^^^^^^^^^^^
  File "/home/raftlee/Documentos/Workspace/prototipo-vigia/vision/.venv/lib/python3.12/site-packages/httpcore/_async/connection.py", line 103, in handle_async_request
    return await self._connection.handle_async_request(request)
           ^^^^^^^^^^^^^^^^^^^^^^^^^^^^^^^^^^^^^^^^^^^^^^^^^^^^
  File "/home/raftlee/Documentos/Workspace/prototipo-vigia/vision/.venv/lib/python3.12/site-packages/httpcore/_async/http11.py", line 136, in handle_async_request
    raise exc
  File "/home/raftlee/Documentos/Workspace/prototipo-vigia/vision/.venv/lib/python3.12/site-packages/httpcore/_async/http11.py", line 106, in handle_async_request
    ) = await self._receive_response_headers(**kwargs)
        ^^^^^^^^^^^^^^^^^^^^^^^^^^^^^^^^^^^^^^^^^^^^^^
  File "/home/raftlee/Documentos/Workspace/prototipo-vigia/vision/.venv/lib/python3.12/site-packages/httpcore/_async/http11.py", line 177, in _receive_response_headers
    event = await self._receive_event(timeout=timeout)
            ^^^^^^^^^^^^^^^^^^^^^^^^^^^^^^^^^^^^^^^^^^
  File "/home/raftlee/Documentos/Workspace/prototipo-vigia/vision/.venv/lib/python3.12/site-packages/httpcore/_async/http11.py", line 217, in _receive_event
    data = await self._network_stream.read(
           ^^^^^^^^^^^^^^^^^^^^^^^^^^^^^^^^
  File "/home/raftlee/Documentos/Workspace/prototipo-vigia/vision/.venv/lib/python3.12/site-packages/httpcore/_backends/anyio.py", line 32, in read
    with map_exceptions(exc_map):
  File "/usr/lib/python3.12/contextlib.py", line 158, in __exit__
    self.gen.throw(value)
  File "/home/raftlee/Documentos/Workspace/prototipo-vigia/vision/.venv/lib/python3.12/site-packages/httpcore/_exceptions.py", line 14, in map_exceptions
    raise to_exc(exc) from exc
httpcore.ReadTimeout

The above exception was the direct cause of the following exception:

Traceback (most recent call last):
  File "/home/raftlee/Documentos/Workspace/prototipo-vigia/vision/src/backend_client.py", line 19, in enviar
    resp = await client.post(self.url, json=evento)
           ^^^^^^^^^^^^^^^^^^^^^^^^^^^^^^^^^^^^^^^^
  File "/home/raftlee/Documentos/Workspace/prototipo-vigia/vision/.venv/lib/python3.12/site-packages/httpx/_client.py", line 1859, in post
    return await self.request(
           ^^^^^^^^^^^^^^^^^^^
  File "/home/raftlee/Documentos/Workspace/prototipo-vigia/vision/.venv/lib/python3.12/site-packages/httpx/_client.py", line 1540, in request
    return await self.send(request, auth=auth, follow_redirects=follow_redirects)
           ^^^^^^^^^^^^^^^^^^^^^^^^^^^^^^^^^^^^^^^^^^^^^^^^^^^^^^^^^^^^^^^^^^^^^^
  File "/home/raftlee/Documentos/Workspace/prototipo-vigia/vision/.venv/lib/python3.12/site-packages/httpx/_client.py", line 1629, in send
    response = await self._send_handling_auth(
               ^^^^^^^^^^^^^^^^^^^^^^^^^^^^^^^
  File "/home/raftlee/Documentos/Workspace/prototipo-vigia/vision/.venv/lib/python3.12/site-packages/httpx/_client.py", line 1657, in _send_handling_auth
    response = await self._send_handling_redirects(
               ^^^^^^^^^^^^^^^^^^^^^^^^^^^^^^^^^^^^
  File "/home/raftlee/Documentos/Workspace/prototipo-vigia/vision/.venv/lib/python3.12/site-packages/httpx/_client.py", line 1694, in _send_handling_redirects
    response = await self._send_single_request(request)
               ^^^^^^^^^^^^^^^^^^^^^^^^^^^^^^^^^^^^^^^^
  File "/home/raftlee/Documentos/Workspace/prototipo-vigia/vision/.venv/lib/python3.12/site-packages/httpx/_client.py", line 1730, in _send_single_request
    response = await transport.handle_async_request(request)
               ^^^^^^^^^^^^^^^^^^^^^^^^^^^^^^^^^^^^^^^^^^^^^
  File "/home/raftlee/Documentos/Workspace/prototipo-vigia/vision/.venv/lib/python3.12/site-packages/httpx/_transports/default.py", line 393, in handle_async_request
    with map_httpcore_exceptions():
  File "/usr/lib/python3.12/contextlib.py", line 158, in __exit__
    self.gen.throw(value)
  File "/home/raftlee/Documentos/Workspace/prototipo-vigia/vision/.venv/lib/python3.12/site-packages/httpx/_transports/default.py", line 118, in map_httpcore_exceptions
    raise mapped_exc(message) from exc
httpx.ReadTimeout
2026-08-19 22:24:52,987 src.backend_client ERROR Fallo al enviar evento frame 150
Traceback (most recent call last):
  File "/home/raftlee/Documentos/Workspace/prototipo-vigia/vision/.venv/lib/python3.12/site-packages/httpx/_transports/default.py", line 101, in map_httpcore_exceptions
    yield
  File "/home/raftlee/Documentos/Workspace/prototipo-vigia/vision/.venv/lib/python3.12/site-packages/httpx/_transports/default.py", line 394, in handle_async_request
    resp = await self._pool.handle_async_request(req)
           ^^^^^^^^^^^^^^^^^^^^^^^^^^^^^^^^^^^^^^^^^^
  File "/home/raftlee/Documentos/Workspace/prototipo-vigia/vision/.venv/lib/python3.12/site-packages/httpcore/_async/connection_pool.py", line 256, in handle_async_request
    raise exc from None
  File "/home/raftlee/Documentos/Workspace/prototipo-vigia/vision/.venv/lib/python3.12/site-packages/httpcore/_async/connection_pool.py", line 236, in handle_async_request
    response = await connection.handle_async_request(
               ^^^^^^^^^^^^^^^^^^^^^^^^^^^^^^^^^^^^^^
  File "/home/raftlee/Documentos/Workspace/prototipo-vigia/vision/.venv/lib/python3.12/site-packages/httpcore/_async/connection.py", line 103, in handle_async_request
    return await self._connection.handle_async_request(request)
           ^^^^^^^^^^^^^^^^^^^^^^^^^^^^^^^^^^^^^^^^^^^^^^^^^^^^
  File "/home/raftlee/Documentos/Workspace/prototipo-vigia/vision/.venv/lib/python3.12/site-packages/httpcore/_async/http11.py", line 136, in handle_async_request
    raise exc
  File "/home/raftlee/Documentos/Workspace/prototipo-vigia/vision/.venv/lib/python3.12/site-packages/httpcore/_async/http11.py", line 106, in handle_async_request
    ) = await self._receive_response_headers(**kwargs)
        ^^^^^^^^^^^^^^^^^^^^^^^^^^^^^^^^^^^^^^^^^^^^^^
  File "/home/raftlee/Documentos/Workspace/prototipo-vigia/vision/.venv/lib/python3.12/site-packages/httpcore/_async/http11.py", line 177, in _receive_response_headers
    event = await self._receive_event(timeout=timeout)
            ^^^^^^^^^^^^^^^^^^^^^^^^^^^^^^^^^^^^^^^^^^
  File "/home/raftlee/Documentos/Workspace/prototipo-vigia/vision/.venv/lib/python3.12/site-packages/httpcore/_async/http11.py", line 217, in _receive_event
    data = await self._network_stream.read(
           ^^^^^^^^^^^^^^^^^^^^^^^^^^^^^^^^
  File "/home/raftlee/Documentos/Workspace/prototipo-vigia/vision/.venv/lib/python3.12/site-packages/httpcore/_backends/anyio.py", line 32, in read
    with map_exceptions(exc_map):
  File "/usr/lib/python3.12/contextlib.py", line 158, in __exit__
    self.gen.throw(value)
  File "/home/raftlee/Documentos/Workspace/prototipo-vigia/vision/.venv/lib/python3.12/site-packages/httpcore/_exceptions.py", line 14, in map_exceptions
    raise to_exc(exc) from exc
httpcore.ReadTimeout

The above exception was the direct cause of the following exception:

Traceback (most recent call last):
  File "/home/raftlee/Documentos/Workspace/prototipo-vigia/vision/src/backend_client.py", line 19, in enviar
    resp = await client.post(self.url, json=evento)
           ^^^^^^^^^^^^^^^^^^^^^^^^^^^^^^^^^^^^^^^^
  File "/home/raftlee/Documentos/Workspace/prototipo-vigia/vision/.venv/lib/python3.12/site-packages/httpx/_client.py", line 1859, in post
    return await self.request(
           ^^^^^^^^^^^^^^^^^^^
  File "/home/raftlee/Documentos/Workspace/prototipo-vigia/vision/.venv/lib/python3.12/site-packages/httpx/_client.py", line 1540, in request
    return await self.send(request, auth=auth, follow_redirects=follow_redirects)
           ^^^^^^^^^^^^^^^^^^^^^^^^^^^^^^^^^^^^^^^^^^^^^^^^^^^^^^^^^^^^^^^^^^^^^^
  File "/home/raftlee/Documentos/Workspace/prototipo-vigia/vision/.venv/lib/python3.12/site-packages/httpx/_client.py", line 1629, in send
    response = await self._send_handling_auth(
               ^^^^^^^^^^^^^^^^^^^^^^^^^^^^^^^
  File "/home/raftlee/Documentos/Workspace/prototipo-vigia/vision/.venv/lib/python3.12/site-packages/httpx/_client.py", line 1657, in _send_handling_auth
    response = await self._send_handling_redirects(
               ^^^^^^^^^^^^^^^^^^^^^^^^^^^^^^^^^^^^
  File "/home/raftlee/Documentos/Workspace/prototipo-vigia/vision/.venv/lib/python3.12/site-packages/httpx/_client.py", line 1694, in _send_handling_redirects
    response = await self._send_single_request(request)
               ^^^^^^^^^^^^^^^^^^^^^^^^^^^^^^^^^^^^^^^^
  File "/home/raftlee/Documentos/Workspace/prototipo-vigia/vision/.venv/lib/python3.12/site-packages/httpx/_client.py", line 1730, in _send_single_request
    response = await transport.handle_async_request(request)
               ^^^^^^^^^^^^^^^^^^^^^^^^^^^^^^^^^^^^^^^^^^^^^
  File "/home/raftlee/Documentos/Workspace/prototipo-vigia/vision/.venv/lib/python3.12/site-packages/httpx/_transports/default.py", line 393, in handle_async_request
    with map_httpcore_exceptions():
  File "/usr/lib/python3.12/contextlib.py", line 158, in __exit__
    self.gen.throw(value)
  File "/home/raftlee/Documentos/Workspace/prototipo-vigia/vision/.venv/lib/python3.12/site-packages/httpx/_transports/default.py", line 118, in map_httpcore_exceptions
    raise mapped_exc(message) from exc
httpx.ReadTimeout
2026-08-19 22:25:00,991 src.backend_client ERROR Se agotaron los reintentos para el frame 150
2026-08-19 22:25:00,991 vision INFO frame=150 detectados=7 enviado=False
2026-08-19 22:25:06,373 httpx INFO HTTP Request: POST http://localhost:8000/api/v1/eventos/ingest "HTTP/1.1 201 Created"
2026-08-19 22:25:06,376 vision INFO frame=180 detectados=9 enviado=True
2026-08-19 22:25:12,133 httpx INFO HTTP Request: POST http://localhost:8000/api/v1/eventos/ingest "HTTP/1.1 201 Created"
2026-08-19 22:25:12,135 vision INFO frame=210 detectados=10 enviado=True
2026-08-19 22:25:12,791 httpx INFO HTTP Request: POST http://localhost:8000/api/v1/eventos/ingest "HTTP/1.1 201 Created"
2026-08-19 22:25:12,792 vision INFO frame=240 detectados=8 enviado=True
2026-08-19 22:25:13,360 httpx INFO HTTP Request: POST http://localhost:8000/api/v1/eventos/ingest "HTTP/1.1 201 Created"
2026-08-19 22:25:13,361 vision INFO frame=270 detectados=9 enviado=True
2026-08-19 22:25:13,930 httpx INFO HTTP Request: POST http://localhost:8000/api/v1/eventos/ingest "HTTP/1.1 201 Created"
2026-08-19 22:25:13,931 vision INFO frame=300 detectados=10 enviado=True
2026-08-19 22:25:14,497 httpx INFO HTTP Request: POST http://localhost:8000/api/v1/eventos/ingest "HTTP/1.1 201 Created"
2026-08-19 22:25:14,498 vision INFO frame=330 detectados=8 enviado=True
2026-08-19 22:25:14,996 httpx INFO HTTP Request: POST http://localhost:8000/api/v1/eventos/ingest "HTTP/1.1 201 Created"
2026-08-19 22:25:14,997 vision INFO frame=360 detectados=9 enviado=True
2026-08-19 22:25:15,442 httpx INFO HTTP Request: POST http://localhost:8000/api/v1/eventos/ingest "HTTP/1.1 201 Created"
2026-08-19 22:25:15,442 vision INFO frame=390 detectados=10 enviado=True
2026-08-19 22:25:20,468 httpx INFO HTTP Request: POST http://localhost:8000/api/v1/eventos/ingest "HTTP/1.1 201 Created"
2026-08-19 22:25:20,469 vision INFO frame=420 detectados=11 enviado=True
2026-08-19 22:25:25,444 httpx INFO HTTP Request: POST http://localhost:8000/api/v1/eventos/ingest "HTTP/1.1 201 Created"
2026-08-19 22:25:25,445 vision INFO frame=450 detectados=11 enviado=True
2026-08-19 22:25:26,019 httpx INFO HTTP Request: POST http://localhost:8000/api/v1/eventos/ingest "HTTP/1.1 201 Created"
2026-08-19 22:25:26,020 vision INFO frame=480 detectados=14 enviado=True
2026-08-19 22:25:26,597 httpx INFO HTTP Request: POST http://localhost:8000/api/v1/eventos/ingest "HTTP/1.1 201 Created"
2026-08-19 22:25:26,598 vision INFO frame=510 detectados=14 enviado=True
2026-08-19 22:25:31,621 httpx INFO HTTP Request: POST http://localhost:8000/api/v1/eventos/ingest "HTTP/1.1 201 Created"
2026-08-19 22:25:31,623 vision INFO frame=540 detectados=13 enviado=True
2026-08-19 22:25:36,723 httpx INFO HTTP Request: POST http://localhost:8000/api/v1/eventos/ingest "HTTP/1.1 201 Created"
2026-08-19 22:25:36,724 vision INFO frame=570 detectados=11 enviado=True
2026-08-19 22:25:41,807 httpx INFO HTTP Request: POST http://localhost:8000/api/v1/eventos/ingest "HTTP/1.1 201 Created"
2026-08-19 22:25:41,808 vision INFO frame=600 detectados=15 enviado=True
2026-08-19 22:25:46,819 httpx INFO HTTP Request: POST http://localhost:8000/api/v1/eventos/ingest "HTTP/1.1 201 Created"
2026-08-19 22:25:46,821 vision INFO frame=630 detectados=12 enviado=True
2026-08-19 22:25:51,872 httpx INFO HTTP Request: POST http://localhost:8000/api/v1/eventos/ingest "HTTP/1.1 201 Created"
2026-08-19 22:25:51,874 vision INFO frame=660 detectados=10 enviado=True
2026-08-19 22:25:57,170 httpx INFO HTTP Request: POST http://localhost:8000/api/v1/eventos/ingest "HTTP/1.1 201 Created"
2026-08-19 22:25:57,172 vision INFO frame=690 detectados=9 enviado=True
2026-08-19 22:26:02,296 httpx INFO HTTP Request: POST http://localhost:8000/api/v1/eventos/ingest "HTTP/1.1 201 Created"
2026-08-19 22:26:02,298 vision INFO frame=720 detectados=10 enviado=True
2026-08-19 22:26:07,356 httpx INFO HTTP Request: POST http://localhost:8000/api/v1/eventos/ingest "HTTP/1.1 201 Created"
2026-08-19 22:26:07,358 vision INFO frame=750 detectados=11 enviado=True
2026-08-19 22:26:12,429 httpx INFO HTTP Request: POST http://localhost:8000/api/v1/eventos/ingest "HTTP/1.1 201 Created"
2026-08-19 22:26:12,431 vision INFO frame=780 detectados=10 enviado=True
2026-08-19 22:26:17,503 httpx INFO HTTP Request: POST http://localhost:8000/api/v1/eventos/ingest "HTTP/1.1 201 Created"
2026-08-19 22:26:17,505 vision INFO frame=810 detectados=16 enviado=True
2026-08-19 22:26:22,617 httpx INFO HTTP Request: POST http://localhost:8000/api/v1/eventos/ingest "HTTP/1.1 201 Created"
2026-08-19 22:26:22,618 vision INFO frame=840 detectados=12 enviado=True
2026-08-19 22:26:27,628 httpx INFO HTTP Request: POST http://localhost:8000/api/v1/eventos/ingest "HTTP/1.1 201 Created"
2026-08-19 22:26:27,629 vision INFO frame=870 detectados=5 enviado=True
2026-08-19 22:26:32,665 httpx INFO HTTP Request: POST http://localhost:8000/api/v1/eventos/ingest "HTTP/1.1 201 Created"
2026-08-19 22:26:32,667 vision INFO frame=900 detectados=10 enviado=True
2026-08-19 22:26:37,679 httpx INFO HTTP Request: POST http://localhost:8000/api/v1/eventos/ingest "HTTP/1.1 201 Created"
2026-08-19 22:26:37,681 vision INFO frame=930 detectados=14 enviado=True
2026-08-19 22:26:42,856 httpx INFO HTTP Request: POST http://localhost:8000/api/v1/eventos/ingest "HTTP/1.1 201 Created"
2026-08-19 22:26:42,858 vision INFO frame=960 detectados=11 enviado=True
2026-08-19 22:26:49,700 httpx INFO HTTP Request: POST http://localhost:8000/api/v1/eventos/ingest "HTTP/1.1 201 Created"
2026-08-19 22:26:49,702 vision INFO frame=990 detectados=7 enviado=True
2026-08-19 22:26:54,827 httpx INFO HTTP Request: POST http://localhost:8000/api/v1/eventos/ingest "HTTP/1.1 201 Created"
2026-08-19 22:26:54,828 vision INFO frame=1020 detectados=7 enviado=True
2026-08-19 22:26:59,804 httpx INFO HTTP Request: POST http://localhost:8000/api/v1/eventos/ingest "HTTP/1.1 201 Created"
2026-08-19 22:26:59,805 vision INFO frame=1050 detectados=9 enviado=True
2026-08-19 22:27:04,782 httpx INFO HTTP Request: POST http://localhost:8000/api/v1/eventos/ingest "HTTP/1.1 201 Created"
2026-08-19 22:27:04,783 vision INFO frame=1080 detectados=12 enviado=True
2026-08-19 22:27:10,177 httpx INFO HTTP Request: POST http://localhost:8000/api/v1/eventos/ingest "HTTP/1.1 201 Created"
2026-08-19 22:27:10,179 vision INFO frame=1110 detectados=8 enviado=True
2026-08-19 22:27:15,630 httpx INFO HTTP Request: POST http://localhost:8000/api/v1/eventos/ingest "HTTP/1.1 201 Created"
2026-08-19 22:27:15,632 vision INFO frame=1140 detectados=6 enviado=True
2026-08-19 22:27:20,737 httpx INFO HTTP Request: POST http://localhost:8000/api/v1/eventos/ingest "HTTP/1.1 201 Created"
2026-08-19 22:27:20,739 vision INFO frame=1170 detectados=4 enviado=True
2026-08-19 22:27:20,817 vision INFO Bucle finalizado, reiniciando la fuente…
2026-08-19 22:27:27,774 httpx INFO HTTP Request: POST http://localhost:8000/api/v1/eventos/ingest "HTTP/1.1 201 Created"
2026-08-19 22:27:27,776 vision INFO frame=30 detectados=10 enviado=True
2026-08-19 22:27:33,786 httpx INFO HTTP Request: POST http://localhost:8000/api/v1/eventos/ingest "HTTP/1.1 201 Created"
2026-08-19 22:27:33,788 vision INFO frame=60 detectados=6 enviado=True
2026-08-19 22:27:39,223 httpx INFO HTTP Request: POST http://localhost:8000/api/v1/eventos/ingest "HTTP/1.1 201 Created"
2026-08-19 22:27:39,225 vision INFO frame=90 detectados=8 enviado=True
2026-08-19 22:27:44,296 httpx INFO HTTP Request: POST http://localhost:8000/api/v1/eventos/ingest "HTTP/1.1 201 Created"
2026-08-19 22:27:44,298 vision INFO frame=120 detectados=10 enviado=True
2026-08-19 22:27:49,926 httpx INFO HTTP Request: POST http://localhost:8000/api/v1/eventos/ingest "HTTP/1.1 201 Created"
2026-08-19 22:27:49,927 vision INFO frame=150 detectados=7 enviado=True
2026-08-19 22:27:54,911 httpx INFO HTTP Request: POST http://localhost:8000/api/v1/eventos/ingest "HTTP/1.1 201 Created"
2026-08-19 22:27:54,913 vision INFO frame=180 detectados=9 enviado=True
2026-08-19 22:28:00,906 httpx INFO HTTP Request: POST http://localhost:8000/api/v1/eventos/ingest "HTTP/1.1 201 Created"
2026-08-19 22:28:00,909 vision INFO frame=210 detectados=10 enviado=True
2026-08-19 22:28:06,350 httpx INFO HTTP Request: POST http://localhost:8000/api/v1/eventos/ingest "HTTP/1.1 201 Created"
2026-08-19 22:28:06,352 vision INFO frame=240 detectados=8 enviado=True
2026-08-19 22:28:11,718 httpx INFO HTTP Request: POST http://localhost:8000/api/v1/eventos/ingest "HTTP/1.1 201 Created"
2026-08-19 22:28:11,721 vision INFO frame=270 detectados=9 enviado=True
2026-08-19 22:28:18,435 httpx INFO HTTP Request: POST http://localhost:8000/api/v1/eventos/ingest "HTTP/1.1 201 Created"
2026-08-19 22:28:18,437 vision INFO frame=300 detectados=10 enviado=True
2026-08-19 22:28:23,970 httpx INFO HTTP Request: POST http://localhost:8000/api/v1/eventos/ingest "HTTP/1.1 201 Created"
2026-08-19 22:28:23,971 vision INFO frame=330 detectados=8 enviado=True
2026-08-19 22:28:29,318 httpx INFO HTTP Request: POST http://localhost:8000/api/v1/eventos/ingest "HTTP/1.1 201 Created"
2026-08-19 22:28:29,320 vision INFO frame=360 detectados=9 enviado=True
2026-08-19 22:28:34,716 httpx INFO HTTP Request: POST http://localhost:8000/api/v1/eventos/ingest "HTTP/1.1 201 Created"
2026-08-19 22:28:34,717 vision INFO frame=390 detectados=10 enviado=True
2026-08-19 22:28:40,027 httpx INFO HTTP Request: POST http://localhost:8000/api/v1/eventos/ingest "HTTP/1.1 201 Created"
2026-08-19 22:28:40,029 vision INFO frame=420 detectados=11 enviado=True
2026-08-19 22:28:50,631 src.backend_client ERROR Fallo al enviar evento frame 450
Traceback (most recent call last):
  File "/home/raftlee/Documentos/Workspace/prototipo-vigia/vision/.venv/lib/python3.12/site-packages/httpx/_transports/default.py", line 101, in map_httpcore_exceptions
    yield
  File "/home/raftlee/Documentos/Workspace/prototipo-vigia/vision/.venv/lib/python3.12/site-packages/httpx/_transports/default.py", line 394, in handle_async_request
    resp = await self._pool.handle_async_request(req)
           ^^^^^^^^^^^^^^^^^^^^^^^^^^^^^^^^^^^^^^^^^^
  File "/home/raftlee/Documentos/Workspace/prototipo-vigia/vision/.venv/lib/python3.12/site-packages/httpcore/_async/connection_pool.py", line 256, in handle_async_request
    raise exc from None
  File "/home/raftlee/Documentos/Workspace/prototipo-vigia/vision/.venv/lib/python3.12/site-packages/httpcore/_async/connection_pool.py", line 236, in handle_async_request
    response = await connection.handle_async_request(
               ^^^^^^^^^^^^^^^^^^^^^^^^^^^^^^^^^^^^^^
  File "/home/raftlee/Documentos/Workspace/prototipo-vigia/vision/.venv/lib/python3.12/site-packages/httpcore/_async/connection.py", line 103, in handle_async_request
    return await self._connection.handle_async_request(request)
           ^^^^^^^^^^^^^^^^^^^^^^^^^^^^^^^^^^^^^^^^^^^^^^^^^^^^
  File "/home/raftlee/Documentos/Workspace/prototipo-vigia/vision/.venv/lib/python3.12/site-packages/httpcore/_async/http11.py", line 136, in handle_async_request
    raise exc
  File "/home/raftlee/Documentos/Workspace/prototipo-vigia/vision/.venv/lib/python3.12/site-packages/httpcore/_async/http11.py", line 106, in handle_async_request
    ) = await self._receive_response_headers(**kwargs)
        ^^^^^^^^^^^^^^^^^^^^^^^^^^^^^^^^^^^^^^^^^^^^^^
  File "/home/raftlee/Documentos/Workspace/prototipo-vigia/vision/.venv/lib/python3.12/site-packages/httpcore/_async/http11.py", line 177, in _receive_response_headers
    event = await self._receive_event(timeout=timeout)
            ^^^^^^^^^^^^^^^^^^^^^^^^^^^^^^^^^^^^^^^^^^
  File "/home/raftlee/Documentos/Workspace/prototipo-vigia/vision/.venv/lib/python3.12/site-packages/httpcore/_async/http11.py", line 217, in _receive_event
    data = await self._network_stream.read(
           ^^^^^^^^^^^^^^^^^^^^^^^^^^^^^^^^
  File "/home/raftlee/Documentos/Workspace/prototipo-vigia/vision/.venv/lib/python3.12/site-packages/httpcore/_backends/anyio.py", line 32, in read
    with map_exceptions(exc_map):
  File "/usr/lib/python3.12/contextlib.py", line 158, in __exit__
    self.gen.throw(value)
  File "/home/raftlee/Documentos/Workspace/prototipo-vigia/vision/.venv/lib/python3.12/site-packages/httpcore/_exceptions.py", line 14, in map_exceptions
    raise to_exc(exc) from exc
httpcore.ReadTimeout

The above exception was the direct cause of the following exception:

Traceback (most recent call last):
  File "/home/raftlee/Documentos/Workspace/prototipo-vigia/vision/src/backend_client.py", line 19, in enviar
    resp = await client.post(self.url, json=evento)
           ^^^^^^^^^^^^^^^^^^^^^^^^^^^^^^^^^^^^^^^^
  File "/home/raftlee/Documentos/Workspace/prototipo-vigia/vision/.venv/lib/python3.12/site-packages/httpx/_client.py", line 1859, in post
    return await self.request(
           ^^^^^^^^^^^^^^^^^^^
  File "/home/raftlee/Documentos/Workspace/prototipo-vigia/vision/.venv/lib/python3.12/site-packages/httpx/_client.py", line 1540, in request
    return await self.send(request, auth=auth, follow_redirects=follow_redirects)
           ^^^^^^^^^^^^^^^^^^^^^^^^^^^^^^^^^^^^^^^^^^^^^^^^^^^^^^^^^^^^^^^^^^^^^^
  File "/home/raftlee/Documentos/Workspace/prototipo-vigia/vision/.venv/lib/python3.12/site-packages/httpx/_client.py", line 1629, in send
    response = await self._send_handling_auth(
               ^^^^^^^^^^^^^^^^^^^^^^^^^^^^^^^
  File "/home/raftlee/Documentos/Workspace/prototipo-vigia/vision/.venv/lib/python3.12/site-packages/httpx/_client.py", line 1657, in _send_handling_auth
    response = await self._send_handling_redirects(
               ^^^^^^^^^^^^^^^^^^^^^^^^^^^^^^^^^^^^
  File "/home/raftlee/Documentos/Workspace/prototipo-vigia/vision/.venv/lib/python3.12/site-packages/httpx/_client.py", line 1694, in _send_handling_redirects
    response = await self._send_single_request(request)
               ^^^^^^^^^^^^^^^^^^^^^^^^^^^^^^^^^^^^^^^^
  File "/home/raftlee/Documentos/Workspace/prototipo-vigia/vision/.venv/lib/python3.12/site-packages/httpx/_client.py", line 1730, in _send_single_request
    response = await transport.handle_async_request(request)
               ^^^^^^^^^^^^^^^^^^^^^^^^^^^^^^^^^^^^^^^^^^^^^
  File "/home/raftlee/Documentos/Workspace/prototipo-vigia/vision/.venv/lib/python3.12/site-packages/httpx/_transports/default.py", line 393, in handle_async_request
    with map_httpcore_exceptions():
  File "/usr/lib/python3.12/contextlib.py", line 158, in __exit__
    self.gen.throw(value)
  File "/home/raftlee/Documentos/Workspace/prototipo-vigia/vision/.venv/lib/python3.12/site-packages/httpx/_transports/default.py", line 118, in map_httpcore_exceptions
    raise mapped_exc(message) from exc
httpx.ReadTimeout
2026-08-19 22:28:52,685 httpx INFO HTTP Request: POST http://localhost:8000/api/v1/eventos/ingest "HTTP/1.1 201 Created"
2026-08-19 22:28:52,686 vision INFO frame=450 detectados=11 enviado=True
2026-08-19 22:28:53,353 httpx INFO HTTP Request: POST http://localhost:8000/api/v1/eventos/ingest "HTTP/1.1 201 Created"
2026-08-19 22:28:53,354 vision INFO frame=480 detectados=14 enviado=True
2026-08-19 22:28:53,915 httpx INFO HTTP Request: POST http://localhost:8000/api/v1/eventos/ingest "HTTP/1.1 201 Created"
2026-08-19 22:28:53,916 vision INFO frame=510 detectados=14 enviado=True
2026-08-19 22:28:54,478 httpx INFO HTTP Request: POST http://localhost:8000/api/v1/eventos/ingest "HTTP/1.1 201 Created"
2026-08-19 22:28:54,479 vision INFO frame=540 detectados=13 enviado=True
2026-08-19 22:28:55,045 httpx INFO HTTP Request: POST http://localhost:8000/api/v1/eventos/ingest "HTTP/1.1 201 Created"
2026-08-19 22:28:55,046 vision INFO frame=570 detectados=11 enviado=True
2026-08-19 22:29:05,544 src.backend_client ERROR Fallo al enviar evento frame 600
Traceback (most recent call last):
  File "/home/raftlee/Documentos/Workspace/prototipo-vigia/vision/.venv/lib/python3.12/site-packages/httpx/_transports/default.py", line 101, in map_httpcore_exceptions
    yield
  File "/home/raftlee/Documentos/Workspace/prototipo-vigia/vision/.venv/lib/python3.12/site-packages/httpx/_transports/default.py", line 394, in handle_async_request
    resp = await self._pool.handle_async_request(req)
           ^^^^^^^^^^^^^^^^^^^^^^^^^^^^^^^^^^^^^^^^^^
  File "/home/raftlee/Documentos/Workspace/prototipo-vigia/vision/.venv/lib/python3.12/site-packages/httpcore/_async/connection_pool.py", line 256, in handle_async_request
    raise exc from None
  File "/home/raftlee/Documentos/Workspace/prototipo-vigia/vision/.venv/lib/python3.12/site-packages/httpcore/_async/connection_pool.py", line 236, in handle_async_request
    response = await connection.handle_async_request(
               ^^^^^^^^^^^^^^^^^^^^^^^^^^^^^^^^^^^^^^
  File "/home/raftlee/Documentos/Workspace/prototipo-vigia/vision/.venv/lib/python3.12/site-packages/httpcore/_async/connection.py", line 103, in handle_async_request
    return await self._connection.handle_async_request(request)
           ^^^^^^^^^^^^^^^^^^^^^^^^^^^^^^^^^^^^^^^^^^^^^^^^^^^^
  File "/home/raftlee/Documentos/Workspace/prototipo-vigia/vision/.venv/lib/python3.12/site-packages/httpcore/_async/http11.py", line 136, in handle_async_request
    raise exc
  File "/home/raftlee/Documentos/Workspace/prototipo-vigia/vision/.venv/lib/python3.12/site-packages/httpcore/_async/http11.py", line 106, in handle_async_request
    ) = await self._receive_response_headers(**kwargs)
        ^^^^^^^^^^^^^^^^^^^^^^^^^^^^^^^^^^^^^^^^^^^^^^
  File "/home/raftlee/Documentos/Workspace/prototipo-vigia/vision/.venv/lib/python3.12/site-packages/httpcore/_async/http11.py", line 177, in _receive_response_headers
    event = await self._receive_event(timeout=timeout)
            ^^^^^^^^^^^^^^^^^^^^^^^^^^^^^^^^^^^^^^^^^^
  File "/home/raftlee/Documentos/Workspace/prototipo-vigia/vision/.venv/lib/python3.12/site-packages/httpcore/_async/http11.py", line 217, in _receive_event
    data = await self._network_stream.read(
           ^^^^^^^^^^^^^^^^^^^^^^^^^^^^^^^^
  File "/home/raftlee/Documentos/Workspace/prototipo-vigia/vision/.venv/lib/python3.12/site-packages/httpcore/_backends/anyio.py", line 32, in read
    with map_exceptions(exc_map):
  File "/usr/lib/python3.12/contextlib.py", line 158, in __exit__
    self.gen.throw(value)
  File "/home/raftlee/Documentos/Workspace/prototipo-vigia/vision/.venv/lib/python3.12/site-packages/httpcore/_exceptions.py", line 14, in map_exceptions
    raise to_exc(exc) from exc
httpcore.ReadTimeout

The above exception was the direct cause of the following exception:

Traceback (most recent call last):
  File "/home/raftlee/Documentos/Workspace/prototipo-vigia/vision/src/backend_client.py", line 19, in enviar
    resp = await client.post(self.url, json=evento)
           ^^^^^^^^^^^^^^^^^^^^^^^^^^^^^^^^^^^^^^^^
  File "/home/raftlee/Documentos/Workspace/prototipo-vigia/vision/.venv/lib/python3.12/site-packages/httpx/_client.py", line 1859, in post
    return await self.request(
           ^^^^^^^^^^^^^^^^^^^
  File "/home/raftlee/Documentos/Workspace/prototipo-vigia/vision/.venv/lib/python3.12/site-packages/httpx/_client.py", line 1540, in request
    return await self.send(request, auth=auth, follow_redirects=follow_redirects)
           ^^^^^^^^^^^^^^^^^^^^^^^^^^^^^^^^^^^^^^^^^^^^^^^^^^^^^^^^^^^^^^^^^^^^^^
  File "/home/raftlee/Documentos/Workspace/prototipo-vigia/vision/.venv/lib/python3.12/site-packages/httpx/_client.py", line 1629, in send
    response = await self._send_handling_auth(
               ^^^^^^^^^^^^^^^^^^^^^^^^^^^^^^^
  File "/home/raftlee/Documentos/Workspace/prototipo-vigia/vision/.venv/lib/python3.12/site-packages/httpx/_client.py", line 1657, in _send_handling_auth
    response = await self._send_handling_redirects(
               ^^^^^^^^^^^^^^^^^^^^^^^^^^^^^^^^^^^^
  File "/home/raftlee/Documentos/Workspace/prototipo-vigia/vision/.venv/lib/python3.12/site-packages/httpx/_client.py", line 1694, in _send_handling_redirects
    response = await self._send_single_request(request)
               ^^^^^^^^^^^^^^^^^^^^^^^^^^^^^^^^^^^^^^^^
  File "/home/raftlee/Documentos/Workspace/prototipo-vigia/vision/.venv/lib/python3.12/site-packages/httpx/_client.py", line 1730, in _send_single_request
    response = await transport.handle_async_request(request)
               ^^^^^^^^^^^^^^^^^^^^^^^^^^^^^^^^^^^^^^^^^^^^^
  File "/home/raftlee/Documentos/Workspace/prototipo-vigia/vision/.venv/lib/python3.12/site-packages/httpx/_transports/default.py", line 393, in handle_async_request
    with map_httpcore_exceptions():
  File "/usr/lib/python3.12/contextlib.py", line 158, in __exit__
    self.gen.throw(value)
  File "/home/raftlee/Documentos/Workspace/prototipo-vigia/vision/.venv/lib/python3.12/site-packages/httpx/_transports/default.py", line 118, in map_httpcore_exceptions
    raise mapped_exc(message) from exc
httpx.ReadTimeout
2026-08-19 22:29:17,591 src.backend_client ERROR Fallo al enviar evento frame 600
Traceback (most recent call last):
  File "/home/raftlee/Documentos/Workspace/prototipo-vigia/vision/.venv/lib/python3.12/site-packages/httpx/_transports/default.py", line 101, in map_httpcore_exceptions
    yield
  File "/home/raftlee/Documentos/Workspace/prototipo-vigia/vision/.venv/lib/python3.12/site-packages/httpx/_transports/default.py", line 394, in handle_async_request
    resp = await self._pool.handle_async_request(req)
           ^^^^^^^^^^^^^^^^^^^^^^^^^^^^^^^^^^^^^^^^^^
  File "/home/raftlee/Documentos/Workspace/prototipo-vigia/vision/.venv/lib/python3.12/site-packages/httpcore/_async/connection_pool.py", line 256, in handle_async_request
    raise exc from None
  File "/home/raftlee/Documentos/Workspace/prototipo-vigia/vision/.venv/lib/python3.12/site-packages/httpcore/_async/connection_pool.py", line 236, in handle_async_request
    response = await connection.handle_async_request(
               ^^^^^^^^^^^^^^^^^^^^^^^^^^^^^^^^^^^^^^
  File "/home/raftlee/Documentos/Workspace/prototipo-vigia/vision/.venv/lib/python3.12/site-packages/httpcore/_async/connection.py", line 103, in handle_async_request
    return await self._connection.handle_async_request(request)
           ^^^^^^^^^^^^^^^^^^^^^^^^^^^^^^^^^^^^^^^^^^^^^^^^^^^^
  File "/home/raftlee/Documentos/Workspace/prototipo-vigia/vision/.venv/lib/python3.12/site-packages/httpcore/_async/http11.py", line 136, in handle_async_request
    raise exc
  File "/home/raftlee/Documentos/Workspace/prototipo-vigia/vision/.venv/lib/python3.12/site-packages/httpcore/_async/http11.py", line 106, in handle_async_request
    ) = await self._receive_response_headers(**kwargs)
        ^^^^^^^^^^^^^^^^^^^^^^^^^^^^^^^^^^^^^^^^^^^^^^
  File "/home/raftlee/Documentos/Workspace/prototipo-vigia/vision/.venv/lib/python3.12/site-packages/httpcore/_async/http11.py", line 177, in _receive_response_headers
    event = await self._receive_event(timeout=timeout)
            ^^^^^^^^^^^^^^^^^^^^^^^^^^^^^^^^^^^^^^^^^^
  File "/home/raftlee/Documentos/Workspace/prototipo-vigia/vision/.venv/lib/python3.12/site-packages/httpcore/_async/http11.py", line 217, in _receive_event
    data = await self._network_stream.read(
           ^^^^^^^^^^^^^^^^^^^^^^^^^^^^^^^^
  File "/home/raftlee/Documentos/Workspace/prototipo-vigia/vision/.venv/lib/python3.12/site-packages/httpcore/_backends/anyio.py", line 32, in read
    with map_exceptions(exc_map):
  File "/usr/lib/python3.12/contextlib.py", line 158, in __exit__
    self.gen.throw(value)
  File "/home/raftlee/Documentos/Workspace/prototipo-vigia/vision/.venv/lib/python3.12/site-packages/httpcore/_exceptions.py", line 14, in map_exceptions
    raise to_exc(exc) from exc
httpcore.ReadTimeout

The above exception was the direct cause of the following exception:

Traceback (most recent call last):
  File "/home/raftlee/Documentos/Workspace/prototipo-vigia/vision/src/backend_client.py", line 19, in enviar
    resp = await client.post(self.url, json=evento)
           ^^^^^^^^^^^^^^^^^^^^^^^^^^^^^^^^^^^^^^^^
  File "/home/raftlee/Documentos/Workspace/prototipo-vigia/vision/.venv/lib/python3.12/site-packages/httpx/_client.py", line 1859, in post
    return await self.request(
           ^^^^^^^^^^^^^^^^^^^
  File "/home/raftlee/Documentos/Workspace/prototipo-vigia/vision/.venv/lib/python3.12/site-packages/httpx/_client.py", line 1540, in request
    return await self.send(request, auth=auth, follow_redirects=follow_redirects)
           ^^^^^^^^^^^^^^^^^^^^^^^^^^^^^^^^^^^^^^^^^^^^^^^^^^^^^^^^^^^^^^^^^^^^^^
  File "/home/raftlee/Documentos/Workspace/prototipo-vigia/vision/.venv/lib/python3.12/site-packages/httpx/_client.py", line 1629, in send
    response = await self._send_handling_auth(
               ^^^^^^^^^^^^^^^^^^^^^^^^^^^^^^^
  File "/home/raftlee/Documentos/Workspace/prototipo-vigia/vision/.venv/lib/python3.12/site-packages/httpx/_client.py", line 1657, in _send_handling_auth
    response = await self._send_handling_redirects(
               ^^^^^^^^^^^^^^^^^^^^^^^^^^^^^^^^^^^^
  File "/home/raftlee/Documentos/Workspace/prototipo-vigia/vision/.venv/lib/python3.12/site-packages/httpx/_client.py", line 1694, in _send_handling_redirects
    response = await self._send_single_request(request)
               ^^^^^^^^^^^^^^^^^^^^^^^^^^^^^^^^^^^^^^^^
  File "/home/raftlee/Documentos/Workspace/prototipo-vigia/vision/.venv/lib/python3.12/site-packages/httpx/_client.py", line 1730, in _send_single_request
    response = await transport.handle_async_request(request)
               ^^^^^^^^^^^^^^^^^^^^^^^^^^^^^^^^^^^^^^^^^^^^^
  File "/home/raftlee/Documentos/Workspace/prototipo-vigia/vision/.venv/lib/python3.12/site-packages/httpx/_transports/default.py", line 393, in handle_async_request
    with map_httpcore_exceptions():
  File "/usr/lib/python3.12/contextlib.py", line 158, in __exit__
    self.gen.throw(value)
  File "/home/raftlee/Documentos/Workspace/prototipo-vigia/vision/.venv/lib/python3.12/site-packages/httpx/_transports/default.py", line 118, in map_httpcore_exceptions
    raise mapped_exc(message) from exc
httpx.ReadTimeout
2026-08-19 22:29:31,635 src.backend_client ERROR Fallo al enviar evento frame 600
Traceback (most recent call last):
  File "/home/raftlee/Documentos/Workspace/prototipo-vigia/vision/.venv/lib/python3.12/site-packages/httpx/_transports/default.py", line 101, in map_httpcore_exceptions
    yield
  File "/home/raftlee/Documentos/Workspace/prototipo-vigia/vision/.venv/lib/python3.12/site-packages/httpx/_transports/default.py", line 394, in handle_async_request
    resp = await self._pool.handle_async_request(req)
           ^^^^^^^^^^^^^^^^^^^^^^^^^^^^^^^^^^^^^^^^^^
  File "/home/raftlee/Documentos/Workspace/prototipo-vigia/vision/.venv/lib/python3.12/site-packages/httpcore/_async/connection_pool.py", line 256, in handle_async_request
    raise exc from None
  File "/home/raftlee/Documentos/Workspace/prototipo-vigia/vision/.venv/lib/python3.12/site-packages/httpcore/_async/connection_pool.py", line 236, in handle_async_request
    response = await connection.handle_async_request(
               ^^^^^^^^^^^^^^^^^^^^^^^^^^^^^^^^^^^^^^
  File "/home/raftlee/Documentos/Workspace/prototipo-vigia/vision/.venv/lib/python3.12/site-packages/httpcore/_async/connection.py", line 103, in handle_async_request
    return await self._connection.handle_async_request(request)
           ^^^^^^^^^^^^^^^^^^^^^^^^^^^^^^^^^^^^^^^^^^^^^^^^^^^^
  File "/home/raftlee/Documentos/Workspace/prototipo-vigia/vision/.venv/lib/python3.12/site-packages/httpcore/_async/http11.py", line 136, in handle_async_request
    raise exc
  File "/home/raftlee/Documentos/Workspace/prototipo-vigia/vision/.venv/lib/python3.12/site-packages/httpcore/_async/http11.py", line 106, in handle_async_request
    ) = await self._receive_response_headers(**kwargs)
        ^^^^^^^^^^^^^^^^^^^^^^^^^^^^^^^^^^^^^^^^^^^^^^
  File "/home/raftlee/Documentos/Workspace/prototipo-vigia/vision/.venv/lib/python3.12/site-packages/httpcore/_async/http11.py", line 177, in _receive_response_headers
    event = await self._receive_event(timeout=timeout)
            ^^^^^^^^^^^^^^^^^^^^^^^^^^^^^^^^^^^^^^^^^^
  File "/home/raftlee/Documentos/Workspace/prototipo-vigia/vision/.venv/lib/python3.12/site-packages/httpcore/_async/http11.py", line 217, in _receive_event
    data = await self._network_stream.read(
           ^^^^^^^^^^^^^^^^^^^^^^^^^^^^^^^^
  File "/home/raftlee/Documentos/Workspace/prototipo-vigia/vision/.venv/lib/python3.12/site-packages/httpcore/_backends/anyio.py", line 32, in read
    with map_exceptions(exc_map):
  File "/usr/lib/python3.12/contextlib.py", line 158, in __exit__
    self.gen.throw(value)
  File "/home/raftlee/Documentos/Workspace/prototipo-vigia/vision/.venv/lib/python3.12/site-packages/httpcore/_exceptions.py", line 14, in map_exceptions
    raise to_exc(exc) from exc
httpcore.ReadTimeout

The above exception was the direct cause of the following exception:

Traceback (most recent call last):
  File "/home/raftlee/Documentos/Workspace/prototipo-vigia/vision/src/backend_client.py", line 19, in enviar
    resp = await client.post(self.url, json=evento)
           ^^^^^^^^^^^^^^^^^^^^^^^^^^^^^^^^^^^^^^^^
  File "/home/raftlee/Documentos/Workspace/prototipo-vigia/vision/.venv/lib/python3.12/site-packages/httpx/_client.py", line 1859, in post
    return await self.request(
           ^^^^^^^^^^^^^^^^^^^
  File "/home/raftlee/Documentos/Workspace/prototipo-vigia/vision/.venv/lib/python3.12/site-packages/httpx/_client.py", line 1540, in request
    return await self.send(request, auth=auth, follow_redirects=follow_redirects)
           ^^^^^^^^^^^^^^^^^^^^^^^^^^^^^^^^^^^^^^^^^^^^^^^^^^^^^^^^^^^^^^^^^^^^^^
  File "/home/raftlee/Documentos/Workspace/prototipo-vigia/vision/.venv/lib/python3.12/site-packages/httpx/_client.py", line 1629, in send
    response = await self._send_handling_auth(
               ^^^^^^^^^^^^^^^^^^^^^^^^^^^^^^^
  File "/home/raftlee/Documentos/Workspace/prototipo-vigia/vision/.venv/lib/python3.12/site-packages/httpx/_client.py", line 1657, in _send_handling_auth
    response = await self._send_handling_redirects(
               ^^^^^^^^^^^^^^^^^^^^^^^^^^^^^^^^^^^^
  File "/home/raftlee/Documentos/Workspace/prototipo-vigia/vision/.venv/lib/python3.12/site-packages/httpx/_client.py", line 1694, in _send_handling_redirects
    response = await self._send_single_request(request)
               ^^^^^^^^^^^^^^^^^^^^^^^^^^^^^^^^^^^^^^^^
  File "/home/raftlee/Documentos/Workspace/prototipo-vigia/vision/.venv/lib/python3.12/site-packages/httpx/_client.py", line 1730, in _send_single_request
    response = await transport.handle_async_request(request)
               ^^^^^^^^^^^^^^^^^^^^^^^^^^^^^^^^^^^^^^^^^^^^^
  File "/home/raftlee/Documentos/Workspace/prototipo-vigia/vision/.venv/lib/python3.12/site-packages/httpx/_transports/default.py", line 393, in handle_async_request
    with map_httpcore_exceptions():
  File "/usr/lib/python3.12/contextlib.py", line 158, in __exit__
    self.gen.throw(value)
  File "/home/raftlee/Documentos/Workspace/prototipo-vigia/vision/.venv/lib/python3.12/site-packages/httpx/_transports/default.py", line 118, in map_httpcore_exceptions
    raise mapped_exc(message) from exc
httpx.ReadTimeout
2026-08-19 22:29:39,637 src.backend_client ERROR Se agotaron los reintentos para el frame 600
2026-08-19 22:29:39,638 vision INFO frame=600 detectados=15 enviado=False
2026-08-19 22:29:44,957 httpx INFO HTTP Request: POST http://localhost:8000/api/v1/eventos/ingest "HTTP/1.1 201 Created"
2026-08-19 22:29:44,959 vision INFO frame=630 detectados=12 enviado=True
2026-08-19 22:29:50,180 httpx INFO HTTP Request: POST http://localhost:8000/api/v1/eventos/ingest "HTTP/1.1 201 Created"
2026-08-19 22:29:50,182 vision INFO frame=660 detectados=10 enviado=True
2026-08-19 22:29:55,243 httpx INFO HTTP Request: POST http://localhost:8000/api/v1/eventos/ingest "HTTP/1.1 201 Created"
2026-08-19 22:29:55,245 vision INFO frame=690 detectados=9 enviado=True
2026-08-19 22:30:00,208 httpx INFO HTTP Request: POST http://localhost:8000/api/v1/eventos/ingest "HTTP/1.1 201 Created"
2026-08-19 22:30:00,209 vision INFO frame=720 detectados=10 enviado=True
2026-08-19 22:30:05,357 httpx INFO HTTP Request: POST http://localhost:8000/api/v1/eventos/ingest "HTTP/1.1 201 Created"
2026-08-19 22:30:05,358 vision INFO frame=750 detectados=11 enviado=True
2026-08-19 22:30:10,475 httpx INFO HTTP Request: POST http://localhost:8000/api/v1/eventos/ingest "HTTP/1.1 201 Created"
2026-08-19 22:30:10,477 vision INFO frame=780 detectados=10 enviado=True
2026-08-19 22:30:15,734 httpx INFO HTTP Request: POST http://localhost:8000/api/v1/eventos/ingest "HTTP/1.1 201 Created"
2026-08-19 22:30:15,736 vision INFO frame=810 detectados=16 enviado=True
2026-08-19 22:30:20,974 httpx INFO HTTP Request: POST http://localhost:8000/api/v1/eventos/ingest "HTTP/1.1 201 Created"
2026-08-19 22:30:20,976 vision INFO frame=840 detectados=12 enviado=True
2026-08-19 22:30:26,073 httpx INFO HTTP Request: POST http://localhost:8000/api/v1/eventos/ingest "HTTP/1.1 201 Created"
2026-08-19 22:30:26,075 vision INFO frame=870 detectados=5 enviado=True
2026-08-19 22:30:31,622 httpx INFO HTTP Request: POST http://localhost:8000/api/v1/eventos/ingest "HTTP/1.1 201 Created"
2026-08-19 22:30:31,624 vision INFO frame=900 detectados=10 enviado=True
2026-08-19 22:30:39,540 httpx INFO HTTP Request: POST http://localhost:8000/api/v1/eventos/ingest "HTTP/1.1 201 Created"
2026-08-19 22:30:39,542 vision INFO frame=930 detectados=14 enviado=True
2026-08-19 22:30:44,629 httpx INFO HTTP Request: POST http://localhost:8000/api/v1/eventos/ingest "HTTP/1.1 201 Created"
2026-08-19 22:30:44,631 vision INFO frame=960 detectados=11 enviado=True
2026-08-19 22:30:50,212 httpx INFO HTTP Request: POST http://localhost:8000/api/v1/eventos/ingest "HTTP/1.1 201 Created"
2026-08-19 22:30:50,213 vision INFO frame=990 detectados=7 enviado=True
2026-08-19 22:30:55,390 httpx INFO HTTP Request: POST http://localhost:8000/api/v1/eventos/ingest "HTTP/1.1 201 Created"
2026-08-19 22:30:55,391 vision INFO frame=1020 detectados=7 enviado=True
2026-08-19 22:31:00,961 httpx INFO HTTP Request: POST http://localhost:8000/api/v1/eventos/ingest "HTTP/1.1 201 Created"
2026-08-19 22:31:00,962 vision INFO frame=1050 detectados=9 enviado=True
2026-08-19 22:31:06,468 httpx INFO HTTP Request: POST http://localhost:8000/api/v1/eventos/ingest "HTTP/1.1 201 Created"
2026-08-19 22:31:06,469 vision INFO frame=1080 detectados=12 enviado=True
2026-08-19 22:31:11,502 httpx INFO HTTP Request: POST http://localhost:8000/api/v1/eventos/ingest "HTTP/1.1 201 Created"
2026-08-19 22:31:11,504 vision INFO frame=1110 detectados=8 enviado=True
2026-08-19 22:31:16,543 httpx INFO HTTP Request: POST http://localhost:8000/api/v1/eventos/ingest "HTTP/1.1 201 Created"
2026-08-19 22:31:16,545 vision INFO frame=1140 detectados=6 enviado=True
2026-08-19 22:31:21,525 httpx INFO HTTP Request: POST http://localhost:8000/api/v1/eventos/ingest "HTTP/1.1 201 Created"
2026-08-19 22:31:21,526 vision INFO frame=1170 detectados=4 enviado=True
2026-08-19 22:31:21,600 vision INFO Bucle finalizado, reiniciando la fuente…
2026-08-19 22:31:27,664 httpx INFO HTTP Request: POST http://localhost:8000/api/v1/eventos/ingest "HTTP/1.1 201 Created"
2026-08-19 22:31:27,665 vision INFO frame=30 detectados=10 enviado=True
2026-08-19 22:31:32,694 httpx INFO HTTP Request: POST http://localhost:8000/api/v1/eventos/ingest "HTTP/1.1 201 Created"
2026-08-19 22:31:32,696 vision INFO frame=60 detectados=6 enviado=True
2026-08-19 22:31:37,744 httpx INFO HTTP Request: POST http://localhost:8000/api/v1/eventos/ingest "HTTP/1.1 201 Created"
2026-08-19 22:31:37,745 vision INFO frame=90 detectados=8 enviado=True
2026-08-19 22:31:42,799 httpx INFO HTTP Request: POST http://localhost:8000/api/v1/eventos/ingest "HTTP/1.1 201 Created"
2026-08-19 22:31:42,801 vision INFO frame=120 detectados=10 enviado=True
2026-08-19 22:31:48,248 httpx INFO HTTP Request: POST http://localhost:8000/api/v1/eventos/ingest "HTTP/1.1 201 Created"
2026-08-19 22:31:48,250 vision INFO frame=150 detectados=7 enviado=True
2026-08-19 22:31:53,828 httpx INFO HTTP Request: POST http://localhost:8000/api/v1/eventos/ingest "HTTP/1.1 201 Created"
2026-08-19 22:31:53,829 vision INFO frame=180 detectados=9 enviado=True
2026-08-19 22:31:58,982 httpx INFO HTTP Request: POST http://localhost:8000/api/v1/eventos/ingest "HTTP/1.1 201 Created"
2026-08-19 22:31:58,984 vision INFO frame=210 detectados=10 enviado=True
2026-08-19 22:32:04,096 httpx INFO HTTP Request: POST http://localhost:8000/api/v1/eventos/ingest "HTTP/1.1 201 Created"
2026-08-19 22:32:04,098 vision INFO frame=240 detectados=8 enviado=True
2026-08-19 22:32:09,514 httpx INFO HTTP Request: POST http://localhost:8000/api/v1/eventos/ingest "HTTP/1.1 201 Created"
2026-08-19 22:32:09,517 vision INFO frame=270 detectados=9 enviado=True
2026-08-19 22:32:14,831 httpx INFO HTTP Request: POST http://localhost:8000/api/v1/eventos/ingest "HTTP/1.1 201 Created"
2026-08-19 22:32:14,833 vision INFO frame=300 detectados=10 enviado=True
2026-08-19 22:32:20,109 httpx INFO HTTP Request: POST http://localhost:8000/api/v1/eventos/ingest "HTTP/1.1 201 Created"
2026-08-19 22:32:20,111 vision INFO frame=330 detectados=8 enviado=True
2026-08-19 22:32:25,443 httpx INFO HTTP Request: POST http://localhost:8000/api/v1/eventos/ingest "HTTP/1.1 201 Created"
2026-08-19 22:32:25,444 vision INFO frame=360 detectados=9 enviado=True
2026-08-19 22:32:30,649 httpx INFO HTTP Request: POST http://localhost:8000/api/v1/eventos/ingest "HTTP/1.1 201 Created"
2026-08-19 22:32:30,651 vision INFO frame=390 detectados=10 enviado=True
2026-08-19 22:32:35,761 httpx INFO HTTP Request: POST http://localhost:8000/api/v1/eventos/ingest "HTTP/1.1 201 Created"
2026-08-19 22:32:35,763 vision INFO frame=420 detectados=11 enviado=True
2026-08-19 22:32:40,889 httpx INFO HTTP Request: POST http://localhost:8000/api/v1/eventos/ingest "HTTP/1.1 201 Created"
2026-08-19 22:32:40,891 vision INFO frame=450 detectados=11 enviado=True
2026-08-19 22:32:41,454 httpx INFO HTTP Request: POST http://localhost:8000/api/v1/eventos/ingest "HTTP/1.1 201 Created"
2026-08-19 22:32:41,455 vision INFO frame=480 detectados=14 enviado=True
2026-08-19 22:32:41,917 httpx INFO HTTP Request: POST http://localhost:8000/api/v1/eventos/ingest "HTTP/1.1 201 Created"
2026-08-19 22:32:41,918 vision INFO frame=510 detectados=14 enviado=True
2026-08-19 22:32:46,843 httpx INFO HTTP Request: POST http://localhost:8000/api/v1/eventos/ingest "HTTP/1.1 201 Created"
2026-08-19 22:32:46,845 vision INFO frame=540 detectados=13 enviado=True
2026-08-19 22:32:51,929 httpx INFO HTTP Request: POST http://localhost:8000/api/v1/eventos/ingest "HTTP/1.1 201 Created"
2026-08-19 22:32:51,931 vision INFO frame=570 detectados=11 enviado=True
2026-08-19 22:32:56,999 httpx INFO HTTP Request: POST http://localhost:8000/api/v1/eventos/ingest "HTTP/1.1 201 Created"
2026-08-19 22:32:57,001 vision INFO frame=600 detectados=15 enviado=True
2026-08-19 22:33:02,073 httpx INFO HTTP Request: POST http://localhost:8000/api/v1/eventos/ingest "HTTP/1.1 201 Created"
2026-08-19 22:33:02,075 vision INFO frame=630 detectados=12 enviado=True
2026-08-19 22:33:07,071 httpx INFO HTTP Request: POST http://localhost:8000/api/v1/eventos/ingest "HTTP/1.1 201 Created"
2026-08-19 22:33:07,072 vision INFO frame=660 detectados=10 enviado=True
2026-08-19 22:33:11,996 httpx INFO HTTP Request: POST http://localhost:8000/api/v1/eventos/ingest "HTTP/1.1 201 Created"
2026-08-19 22:33:11,998 vision INFO frame=690 detectados=9 enviado=True
2026-08-19 22:33:16,950 httpx INFO HTTP Request: POST http://localhost:8000/api/v1/eventos/ingest "HTTP/1.1 201 Created"
2026-08-19 22:33:16,951 vision INFO frame=720 detectados=10 enviado=True
2026-08-19 22:33:22,310 httpx INFO HTTP Request: POST http://localhost:8000/api/v1/eventos/ingest "HTTP/1.1 201 Created"
2026-08-19 22:33:22,311 vision INFO frame=750 detectados=11 enviado=True
2026-08-19 22:33:27,956 httpx INFO HTTP Request: POST http://localhost:8000/api/v1/eventos/ingest "HTTP/1.1 201 Created"
2026-08-19 22:33:27,958 vision INFO frame=780 detectados=10 enviado=True
2026-08-19 22:33:33,396 httpx INFO HTTP Request: POST http://localhost:8000/api/v1/eventos/ingest "HTTP/1.1 201 Created"
2026-08-19 22:33:33,397 vision INFO frame=810 detectados=16 enviado=True
2026-08-19 22:33:39,289 httpx INFO HTTP Request: POST http://localhost:8000/api/v1/eventos/ingest "HTTP/1.1 201 Created"
2026-08-19 22:33:39,292 vision INFO frame=840 detectados=12 enviado=True
2026-08-19 22:33:44,509 httpx INFO HTTP Request: POST http://localhost:8000/api/v1/eventos/ingest "HTTP/1.1 201 Created"
2026-08-19 22:33:44,511 vision INFO frame=870 detectados=5 enviado=True
2026-08-19 22:33:49,653 httpx INFO HTTP Request: POST http://localhost:8000/api/v1/eventos/ingest "HTTP/1.1 201 Created"
2026-08-19 22:33:49,654 vision INFO frame=900 detectados=10 enviado=True
2026-08-19 22:33:55,217 httpx INFO HTTP Request: POST http://localhost:8000/api/v1/eventos/ingest "HTTP/1.1 201 Created"
2026-08-19 22:33:55,218 vision INFO frame=930 detectados=14 enviado=True
2026-08-19 22:34:01,191 httpx INFO HTTP Request: POST http://localhost:8000/api/v1/eventos/ingest "HTTP/1.1 201 Created"
2026-08-19 22:34:01,192 vision INFO frame=960 detectados=11 enviado=True
2026-08-19 22:34:06,427 httpx INFO HTTP Request: POST http://localhost:8000/api/v1/eventos/ingest "HTTP/1.1 201 Created"
2026-08-19 22:34:06,429 vision INFO frame=990 detectados=7 enviado=True
2026-08-19 22:34:11,428 httpx INFO HTTP Request: POST http://localhost:8000/api/v1/eventos/ingest "HTTP/1.1 201 Created"
2026-08-19 22:34:11,429 vision INFO frame=1020 detectados=7 enviado=True
2026-08-19 22:34:16,388 httpx INFO HTTP Request: POST http://localhost:8000/api/v1/eventos/ingest "HTTP/1.1 201 Created"
2026-08-19 22:34:16,389 vision INFO frame=1050 detectados=9 enviado=True
2026-08-19 22:34:21,371 httpx INFO HTTP Request: POST http://localhost:8000/api/v1/eventos/ingest "HTTP/1.1 201 Created"
2026-08-19 22:34:21,372 vision INFO frame=1080 detectados=12 enviado=True
2026-08-19 22:34:26,397 httpx INFO HTTP Request: POST http://localhost:8000/api/v1/eventos/ingest "HTTP/1.1 201 Created"
2026-08-19 22:34:26,399 vision INFO frame=1110 detectados=8 enviado=True
2026-08-19 22:34:31,372 httpx INFO HTTP Request: POST http://localhost:8000/api/v1/eventos/ingest "HTTP/1.1 201 Created"
2026-08-19 22:34:31,374 vision INFO frame=1140 detectados=6 enviado=True
2026-08-19 22:34:36,430 httpx INFO HTTP Request: POST http://localhost:8000/api/v1/eventos/ingest "HTTP/1.1 201 Created"
2026-08-19 22:34:36,432 vision INFO frame=1170 detectados=4 enviado=True
2026-08-19 22:34:36,529 vision INFO Bucle finalizado, reiniciando la fuente…
2026-08-19 22:34:42,563 httpx INFO HTTP Request: POST http://localhost:8000/api/v1/eventos/ingest "HTTP/1.1 201 Created"
2026-08-19 22:34:42,564 vision INFO frame=30 detectados=10 enviado=True
2026-08-19 22:34:47,608 httpx INFO HTTP Request: POST http://localhost:8000/api/v1/eventos/ingest "HTTP/1.1 201 Created"
2026-08-19 22:34:47,611 vision INFO frame=60 detectados=6 enviado=True
2026-08-19 22:34:52,601 httpx INFO HTTP Request: POST http://localhost:8000/api/v1/eventos/ingest "HTTP/1.1 201 Created"
2026-08-19 22:34:52,602 vision INFO frame=90 detectados=8 enviado=True
2026-08-19 22:34:57,662 httpx INFO HTTP Request: POST http://localhost:8000/api/v1/eventos/ingest "HTTP/1.1 201 Created"
2026-08-19 22:34:57,664 vision INFO frame=120 detectados=10 enviado=True
2026-08-19 22:35:02,798 httpx INFO HTTP Request: POST http://localhost:8000/api/v1/eventos/ingest "HTTP/1.1 201 Created"
2026-08-19 22:35:02,799 vision INFO frame=150 detectados=7 enviado=True
2026-08-19 22:35:07,827 httpx INFO HTTP Request: POST http://localhost:8000/api/v1/eventos/ingest "HTTP/1.1 201 Created"
2026-08-19 22:35:07,829 vision INFO frame=180 detectados=9 enviado=True
2026-08-19 22:35:12,857 httpx INFO HTTP Request: POST http://localhost:8000/api/v1/eventos/ingest "HTTP/1.1 201 Created"
2026-08-19 22:35:12,858 vision INFO frame=210 detectados=10 enviado=True
2026-08-19 22:35:18,037 httpx INFO HTTP Request: POST http://localhost:8000/api/v1/eventos/ingest "HTTP/1.1 201 Created"
2026-08-19 22:35:18,039 vision INFO frame=240 detectados=8 enviado=True
2026-08-19 22:35:23,058 httpx INFO HTTP Request: POST http://localhost:8000/api/v1/eventos/ingest "HTTP/1.1 201 Created"
2026-08-19 22:35:23,059 vision INFO frame=270 detectados=9 enviado=True
2026-08-19 22:35:28,049 httpx INFO HTTP Request: POST http://localhost:8000/api/v1/eventos/ingest "HTTP/1.1 201 Created"
2026-08-19 22:35:28,050 vision INFO frame=300 detectados=10 enviado=True
2026-08-19 22:35:33,048 httpx INFO HTTP Request: POST http://localhost:8000/api/v1/eventos/ingest "HTTP/1.1 201 Created"
2026-08-19 22:35:33,049 vision INFO frame=330 detectados=8 enviado=True
2026-08-19 22:35:38,150 httpx INFO HTTP Request: POST http://localhost:8000/api/v1/eventos/ingest "HTTP/1.1 201 Created"
2026-08-19 22:35:38,151 vision INFO frame=360 detectados=9 enviado=True
2026-08-19 22:35:43,165 httpx INFO HTTP Request: POST http://localhost:8000/api/v1/eventos/ingest "HTTP/1.1 201 Created"
2026-08-19 22:35:43,166 vision INFO frame=390 detectados=10 enviado=True
2026-08-19 22:35:48,152 httpx INFO HTTP Request: POST http://localhost:8000/api/v1/eventos/ingest "HTTP/1.1 201 Created"
2026-08-19 22:35:48,153 vision INFO frame=420 detectados=11 enviado=True
2026-08-19 22:35:53,142 httpx INFO HTTP Request: POST http://localhost:8000/api/v1/eventos/ingest "HTTP/1.1 201 Created"
2026-08-19 22:35:53,143 vision INFO frame=450 detectados=11 enviado=True
2026-08-19 22:35:53,713 httpx INFO HTTP Request: POST http://localhost:8000/api/v1/eventos/ingest "HTTP/1.1 201 Created"
2026-08-19 22:35:53,714 vision INFO frame=480 detectados=14 enviado=True
2026-08-19 22:35:54,286 httpx INFO HTTP Request: POST http://localhost:8000/api/v1/eventos/ingest "HTTP/1.1 201 Created"
2026-08-19 22:35:54,288 vision INFO frame=510 detectados=14 enviado=True
2026-08-19 22:35:59,274 httpx INFO HTTP Request: POST http://localhost:8000/api/v1/eventos/ingest "HTTP/1.1 201 Created"
2026-08-19 22:35:59,275 vision INFO frame=540 detectados=13 enviado=True
2026-08-19 22:36:04,236 httpx INFO HTTP Request: POST http://localhost:8000/api/v1/eventos/ingest "HTTP/1.1 201 Created"
2026-08-19 22:36:04,237 vision INFO frame=570 detectados=11 enviado=True
2026-08-19 22:36:09,292 httpx INFO HTTP Request: POST http://localhost:8000/api/v1/eventos/ingest "HTTP/1.1 201 Created"
2026-08-19 22:36:09,294 vision INFO frame=600 detectados=15 enviado=True
2026-08-19 22:36:14,472 httpx INFO HTTP Request: POST http://localhost:8000/api/v1/eventos/ingest "HTTP/1.1 201 Created"
2026-08-19 22:36:14,474 vision INFO frame=630 detectados=12 enviado=True
2026-08-19 22:36:19,740 httpx INFO HTTP Request: POST http://localhost:8000/api/v1/eventos/ingest "HTTP/1.1 201 Created"
2026-08-19 22:36:19,741 vision INFO frame=660 detectados=10 enviado=True
2026-08-19 22:36:24,867 httpx INFO HTTP Request: POST http://localhost:8000/api/v1/eventos/ingest "HTTP/1.1 201 Created"
2026-08-19 22:36:24,868 vision INFO frame=690 detectados=9 enviado=True
2026-08-19 22:36:29,896 httpx INFO HTTP Request: POST http://localhost:8000/api/v1/eventos/ingest "HTTP/1.1 201 Created"
2026-08-19 22:36:29,898 vision INFO frame=720 detectados=10 enviado=True
2026-08-19 22:36:34,972 httpx INFO HTTP Request: POST http://localhost:8000/api/v1/eventos/ingest "HTTP/1.1 201 Created"
2026-08-19 22:36:34,973 vision INFO frame=750 detectados=11 enviado=True
2026-08-19 22:36:39,992 httpx INFO HTTP Request: POST http://localhost:8000/api/v1/eventos/ingest "HTTP/1.1 201 Created"
2026-08-19 22:36:39,993 vision INFO frame=780 detectados=10 enviado=True
2026-08-19 22:36:44,999 httpx INFO HTTP Request: POST http://localhost:8000/api/v1/eventos/ingest "HTTP/1.1 201 Created"
2026-08-19 22:36:45,000 vision INFO frame=810 detectados=16 enviado=True
2026-08-19 22:36:50,073 httpx INFO HTTP Request: POST http://localhost:8000/api/v1/eventos/ingest "HTTP/1.1 201 Created"
2026-08-19 22:36:50,075 vision INFO frame=840 detectados=12 enviado=True
2026-08-19 22:36:55,107 httpx INFO HTTP Request: POST http://localhost:8000/api/v1/eventos/ingest "HTTP/1.1 201 Created"
2026-08-19 22:36:55,108 vision INFO frame=870 detectados=5 enviado=True
2026-08-19 22:37:00,110 httpx INFO HTTP Request: POST http://localhost:8000/api/v1/eventos/ingest "HTTP/1.1 201 Created"
2026-08-19 22:37:00,112 vision INFO frame=900 detectados=10 enviado=True
2026-08-19 22:37:05,215 httpx INFO HTTP Request: POST http://localhost:8000/api/v1/eventos/ingest "HTTP/1.1 201 Created"
2026-08-19 22:37:05,217 vision INFO frame=930 detectados=14 enviado=True
2026-08-19 22:37:10,350 httpx INFO HTTP Request: POST http://localhost:8000/api/v1/eventos/ingest "HTTP/1.1 201 Created"
2026-08-19 22:37:10,351 vision INFO frame=960 detectados=11 enviado=True
2026-08-19 22:37:15,404 httpx INFO HTTP Request: POST http://localhost:8000/api/v1/eventos/ingest "HTTP/1.1 201 Created"
2026-08-19 22:37:15,406 vision INFO frame=990 detectados=7 enviado=True
2026-08-19 22:37:20,452 httpx INFO HTTP Request: POST http://localhost:8000/api/v1/eventos/ingest "HTTP/1.1 201 Created"
2026-08-19 22:37:20,454 vision INFO frame=1020 detectados=7 enviado=True
2026-08-19 22:37:25,797 httpx INFO HTTP Request: POST http://localhost:8000/api/v1/eventos/ingest "HTTP/1.1 201 Created"
2026-08-19 22:37:25,799 vision INFO frame=1050 detectados=9 enviado=True
2026-08-19 22:37:30,904 httpx INFO HTTP Request: POST http://localhost:8000/api/v1/eventos/ingest "HTTP/1.1 201 Created"
2026-08-19 22:37:30,905 vision INFO frame=1080 detectados=12 enviado=True
2026-08-19 22:37:36,052 httpx INFO HTTP Request: POST http://localhost:8000/api/v1/eventos/ingest "HTTP/1.1 201 Created"
2026-08-19 22:37:36,053 vision INFO frame=1110 detectados=8 enviado=True
2026-08-19 22:37:41,261 httpx INFO HTTP Request: POST http://localhost:8000/api/v1/eventos/ingest "HTTP/1.1 201 Created"
2026-08-19 22:37:41,263 vision INFO frame=1140 detectados=6 enviado=True
2026-08-19 22:37:46,361 httpx INFO HTTP Request: POST http://localhost:8000/api/v1/eventos/ingest "HTTP/1.1 201 Created"
2026-08-19 22:37:46,362 vision INFO frame=1170 detectados=4 enviado=True
2026-08-19 22:37:46,415 vision INFO Bucle finalizado, reiniciando la fuente…
2026-08-19 22:37:52,497 httpx INFO HTTP Request: POST http://localhost:8000/api/v1/eventos/ingest "HTTP/1.1 201 Created"
2026-08-19 22:37:52,498 vision INFO frame=30 detectados=10 enviado=True
2026-08-19 22:37:57,662 httpx INFO HTTP Request: POST http://localhost:8000/api/v1/eventos/ingest "HTTP/1.1 201 Created"
2026-08-19 22:37:57,666 vision INFO frame=60 detectados=6 enviado=True
2026-08-19 22:38:03,955 httpx INFO HTTP Request: POST http://localhost:8000/api/v1/eventos/ingest "HTTP/1.1 201 Created"
2026-08-19 22:38:03,958 vision INFO frame=90 detectados=8 enviado=True
2026-08-19 22:38:09,942 httpx INFO HTTP Request: POST http://localhost:8000/api/v1/eventos/ingest "HTTP/1.1 201 Created"
2026-08-19 22:38:09,944 vision INFO frame=120 detectados=10 enviado=True
2026-08-19 22:38:15,029 httpx INFO HTTP Request: POST http://localhost:8000/api/v1/eventos/ingest "HTTP/1.1 201 Created"
2026-08-19 22:38:15,030 vision INFO frame=150 detectados=7 enviado=True
2026-08-19 22:38:20,090 httpx INFO HTTP Request: POST http://localhost:8000/api/v1/eventos/ingest "HTTP/1.1 201 Created"
2026-08-19 22:38:20,091 vision INFO frame=180 detectados=9 enviado=True
2026-08-19 22:38:25,057 httpx INFO HTTP Request: POST http://localhost:8000/api/v1/eventos/ingest "HTTP/1.1 201 Created"
2026-08-19 22:38:25,059 vision INFO frame=210 detectados=10 enviado=True
2026-08-19 22:38:30,281 httpx INFO HTTP Request: POST http://localhost:8000/api/v1/eventos/ingest "HTTP/1.1 201 Created"
2026-08-19 22:38:30,283 vision INFO frame=240 detectados=8 enviado=True
2026-08-19 22:38:35,542 httpx INFO HTTP Request: POST http://localhost:8000/api/v1/eventos/ingest "HTTP/1.1 201 Created"
2026-08-19 22:38:35,544 vision INFO frame=270 detectados=9 enviado=True
2026-08-19 22:38:40,613 httpx INFO HTTP Request: POST http://localhost:8000/api/v1/eventos/ingest "HTTP/1.1 201 Created"
2026-08-19 22:38:40,615 vision INFO frame=300 detectados=10 enviado=True
2026-08-19 22:38:45,712 httpx INFO HTTP Request: POST http://localhost:8000/api/v1/eventos/ingest "HTTP/1.1 201 Created"
2026-08-19 22:38:45,713 vision INFO frame=330 detectados=8 enviado=True
2026-08-19 22:38:50,707 httpx INFO HTTP Request: POST http://localhost:8000/api/v1/eventos/ingest "HTTP/1.1 201 Created"
2026-08-19 22:38:50,709 vision INFO frame=360 detectados=9 enviado=True
2026-08-19 22:38:55,784 httpx INFO HTTP Request: POST http://localhost:8000/api/v1/eventos/ingest "HTTP/1.1 201 Created"
2026-08-19 22:38:55,786 vision INFO frame=390 detectados=10 enviado=True
2026-08-19 22:39:00,776 httpx INFO HTTP Request: POST http://localhost:8000/api/v1/eventos/ingest "HTTP/1.1 201 Created"
2026-08-19 22:39:00,778 vision INFO frame=420 detectados=11 enviado=True
2026-08-19 22:39:05,846 httpx INFO HTTP Request: POST http://localhost:8000/api/v1/eventos/ingest "HTTP/1.1 201 Created"
2026-08-19 22:39:05,847 vision INFO frame=450 detectados=11 enviado=True
2026-08-19 22:39:06,555 httpx INFO HTTP Request: POST http://localhost:8000/api/v1/eventos/ingest "HTTP/1.1 201 Created"
2026-08-19 22:39:06,556 vision INFO frame=480 detectados=14 enviado=True
2026-08-19 22:39:07,127 httpx INFO HTTP Request: POST http://localhost:8000/api/v1/eventos/ingest "HTTP/1.1 201 Created"
2026-08-19 22:39:07,128 vision INFO frame=510 detectados=14 enviado=True
2026-08-19 22:39:12,097 httpx INFO HTTP Request: POST http://localhost:8000/api/v1/eventos/ingest "HTTP/1.1 201 Created"
2026-08-19 22:39:12,098 vision INFO frame=540 detectados=13 enviado=True
2026-08-19 22:39:17,055 httpx INFO HTTP Request: POST http://localhost:8000/api/v1/eventos/ingest "HTTP/1.1 201 Created"
2026-08-19 22:39:17,056 vision INFO frame=570 detectados=11 enviado=True
2026-08-19 22:39:22,098 httpx INFO HTTP Request: POST http://localhost:8000/api/v1/eventos/ingest "HTTP/1.1 201 Created"
2026-08-19 22:39:22,100 vision INFO frame=600 detectados=15 enviado=True
2026-08-19 22:39:27,209 httpx INFO HTTP Request: POST http://localhost:8000/api/v1/eventos/ingest "HTTP/1.1 201 Created"
2026-08-19 22:39:27,210 vision INFO frame=630 detectados=12 enviado=True
2026-08-19 22:39:32,188 httpx INFO HTTP Request: POST http://localhost:8000/api/v1/eventos/ingest "HTTP/1.1 201 Created"
2026-08-19 22:39:32,189 vision INFO frame=660 detectados=10 enviado=True
2026-08-19 22:39:37,314 httpx INFO HTTP Request: POST http://localhost:8000/api/v1/eventos/ingest "HTTP/1.1 201 Created"
2026-08-19 22:39:37,315 vision INFO frame=690 detectados=9 enviado=True
2026-08-19 22:39:42,867 httpx INFO HTTP Request: POST http://localhost:8000/api/v1/eventos/ingest "HTTP/1.1 201 Created"
2026-08-19 22:39:42,869 vision INFO frame=720 detectados=10 enviado=True
2026-08-19 22:39:53,829 src.backend_client ERROR Fallo al enviar evento frame 750
Traceback (most recent call last):
  File "/home/raftlee/Documentos/Workspace/prototipo-vigia/vision/.venv/lib/python3.12/site-packages/httpx/_transports/default.py", line 101, in map_httpcore_exceptions
    yield
  File "/home/raftlee/Documentos/Workspace/prototipo-vigia/vision/.venv/lib/python3.12/site-packages/httpx/_transports/default.py", line 394, in handle_async_request
    resp = await self._pool.handle_async_request(req)
           ^^^^^^^^^^^^^^^^^^^^^^^^^^^^^^^^^^^^^^^^^^
  File "/home/raftlee/Documentos/Workspace/prototipo-vigia/vision/.venv/lib/python3.12/site-packages/httpcore/_async/connection_pool.py", line 256, in handle_async_request
    raise exc from None
  File "/home/raftlee/Documentos/Workspace/prototipo-vigia/vision/.venv/lib/python3.12/site-packages/httpcore/_async/connection_pool.py", line 236, in handle_async_request
    response = await connection.handle_async_request(
               ^^^^^^^^^^^^^^^^^^^^^^^^^^^^^^^^^^^^^^
  File "/home/raftlee/Documentos/Workspace/prototipo-vigia/vision/.venv/lib/python3.12/site-packages/httpcore/_async/connection.py", line 103, in handle_async_request
    return await self._connection.handle_async_request(request)
           ^^^^^^^^^^^^^^^^^^^^^^^^^^^^^^^^^^^^^^^^^^^^^^^^^^^^
  File "/home/raftlee/Documentos/Workspace/prototipo-vigia/vision/.venv/lib/python3.12/site-packages/httpcore/_async/http11.py", line 136, in handle_async_request
    raise exc
  File "/home/raftlee/Documentos/Workspace/prototipo-vigia/vision/.venv/lib/python3.12/site-packages/httpcore/_async/http11.py", line 106, in handle_async_request
    ) = await self._receive_response_headers(**kwargs)
        ^^^^^^^^^^^^^^^^^^^^^^^^^^^^^^^^^^^^^^^^^^^^^^
  File "/home/raftlee/Documentos/Workspace/prototipo-vigia/vision/.venv/lib/python3.12/site-packages/httpcore/_async/http11.py", line 177, in _receive_response_headers
    event = await self._receive_event(timeout=timeout)
            ^^^^^^^^^^^^^^^^^^^^^^^^^^^^^^^^^^^^^^^^^^
  File "/home/raftlee/Documentos/Workspace/prototipo-vigia/vision/.venv/lib/python3.12/site-packages/httpcore/_async/http11.py", line 217, in _receive_event
    data = await self._network_stream.read(
           ^^^^^^^^^^^^^^^^^^^^^^^^^^^^^^^^
  File "/home/raftlee/Documentos/Workspace/prototipo-vigia/vision/.venv/lib/python3.12/site-packages/httpcore/_backends/anyio.py", line 32, in read
    with map_exceptions(exc_map):
  File "/usr/lib/python3.12/contextlib.py", line 158, in __exit__
    self.gen.throw(value)
  File "/home/raftlee/Documentos/Workspace/prototipo-vigia/vision/.venv/lib/python3.12/site-packages/httpcore/_exceptions.py", line 14, in map_exceptions
    raise to_exc(exc) from exc
httpcore.ReadTimeout

The above exception was the direct cause of the following exception:

Traceback (most recent call last):
  File "/home/raftlee/Documentos/Workspace/prototipo-vigia/vision/src/backend_client.py", line 19, in enviar
    resp = await client.post(self.url, json=evento)
           ^^^^^^^^^^^^^^^^^^^^^^^^^^^^^^^^^^^^^^^^
  File "/home/raftlee/Documentos/Workspace/prototipo-vigia/vision/.venv/lib/python3.12/site-packages/httpx/_client.py", line 1859, in post
    return await self.request(
           ^^^^^^^^^^^^^^^^^^^
  File "/home/raftlee/Documentos/Workspace/prototipo-vigia/vision/.venv/lib/python3.12/site-packages/httpx/_client.py", line 1540, in request
    return await self.send(request, auth=auth, follow_redirects=follow_redirects)
           ^^^^^^^^^^^^^^^^^^^^^^^^^^^^^^^^^^^^^^^^^^^^^^^^^^^^^^^^^^^^^^^^^^^^^^
  File "/home/raftlee/Documentos/Workspace/prototipo-vigia/vision/.venv/lib/python3.12/site-packages/httpx/_client.py", line 1629, in send
    response = await self._send_handling_auth(
               ^^^^^^^^^^^^^^^^^^^^^^^^^^^^^^^
  File "/home/raftlee/Documentos/Workspace/prototipo-vigia/vision/.venv/lib/python3.12/site-packages/httpx/_client.py", line 1657, in _send_handling_auth
    response = await self._send_handling_redirects(
               ^^^^^^^^^^^^^^^^^^^^^^^^^^^^^^^^^^^^
  File "/home/raftlee/Documentos/Workspace/prototipo-vigia/vision/.venv/lib/python3.12/site-packages/httpx/_client.py", line 1694, in _send_handling_redirects
    response = await self._send_single_request(request)
               ^^^^^^^^^^^^^^^^^^^^^^^^^^^^^^^^^^^^^^^^
  File "/home/raftlee/Documentos/Workspace/prototipo-vigia/vision/.venv/lib/python3.12/site-packages/httpx/_client.py", line 1730, in _send_single_request
    response = await transport.handle_async_request(request)
               ^^^^^^^^^^^^^^^^^^^^^^^^^^^^^^^^^^^^^^^^^^^^^
  File "/home/raftlee/Documentos/Workspace/prototipo-vigia/vision/.venv/lib/python3.12/site-packages/httpx/_transports/default.py", line 393, in handle_async_request
    with map_httpcore_exceptions():
  File "/usr/lib/python3.12/contextlib.py", line 158, in __exit__
    self.gen.throw(value)
  File "/home/raftlee/Documentos/Workspace/prototipo-vigia/vision/.venv/lib/python3.12/site-packages/httpx/_transports/default.py", line 118, in map_httpcore_exceptions
    raise mapped_exc(message) from exc
httpx.ReadTimeout
2026-08-19 22:40:05,898 src.backend_client ERROR Fallo al enviar evento frame 750
Traceback (most recent call last):
  File "/home/raftlee/Documentos/Workspace/prototipo-vigia/vision/.venv/lib/python3.12/site-packages/httpx/_transports/default.py", line 101, in map_httpcore_exceptions
    yield
  File "/home/raftlee/Documentos/Workspace/prototipo-vigia/vision/.venv/lib/python3.12/site-packages/httpx/_transports/default.py", line 394, in handle_async_request
    resp = await self._pool.handle_async_request(req)
           ^^^^^^^^^^^^^^^^^^^^^^^^^^^^^^^^^^^^^^^^^^
  File "/home/raftlee/Documentos/Workspace/prototipo-vigia/vision/.venv/lib/python3.12/site-packages/httpcore/_async/connection_pool.py", line 256, in handle_async_request
    raise exc from None
  File "/home/raftlee/Documentos/Workspace/prototipo-vigia/vision/.venv/lib/python3.12/site-packages/httpcore/_async/connection_pool.py", line 236, in handle_async_request
    response = await connection.handle_async_request(
               ^^^^^^^^^^^^^^^^^^^^^^^^^^^^^^^^^^^^^^
  File "/home/raftlee/Documentos/Workspace/prototipo-vigia/vision/.venv/lib/python3.12/site-packages/httpcore/_async/connection.py", line 103, in handle_async_request
    return await self._connection.handle_async_request(request)
           ^^^^^^^^^^^^^^^^^^^^^^^^^^^^^^^^^^^^^^^^^^^^^^^^^^^^
  File "/home/raftlee/Documentos/Workspace/prototipo-vigia/vision/.venv/lib/python3.12/site-packages/httpcore/_async/http11.py", line 136, in handle_async_request
    raise exc
  File "/home/raftlee/Documentos/Workspace/prototipo-vigia/vision/.venv/lib/python3.12/site-packages/httpcore/_async/http11.py", line 106, in handle_async_request
    ) = await self._receive_response_headers(**kwargs)
        ^^^^^^^^^^^^^^^^^^^^^^^^^^^^^^^^^^^^^^^^^^^^^^
  File "/home/raftlee/Documentos/Workspace/prototipo-vigia/vision/.venv/lib/python3.12/site-packages/httpcore/_async/http11.py", line 177, in _receive_response_headers
    event = await self._receive_event(timeout=timeout)
            ^^^^^^^^^^^^^^^^^^^^^^^^^^^^^^^^^^^^^^^^^^
  File "/home/raftlee/Documentos/Workspace/prototipo-vigia/vision/.venv/lib/python3.12/site-packages/httpcore/_async/http11.py", line 217, in _receive_event
    data = await self._network_stream.read(
           ^^^^^^^^^^^^^^^^^^^^^^^^^^^^^^^^
  File "/home/raftlee/Documentos/Workspace/prototipo-vigia/vision/.venv/lib/python3.12/site-packages/httpcore/_backends/anyio.py", line 32, in read
    with map_exceptions(exc_map):
  File "/usr/lib/python3.12/contextlib.py", line 158, in __exit__
    self.gen.throw(value)
  File "/home/raftlee/Documentos/Workspace/prototipo-vigia/vision/.venv/lib/python3.12/site-packages/httpcore/_exceptions.py", line 14, in map_exceptions
    raise to_exc(exc) from exc
httpcore.ReadTimeout

The above exception was the direct cause of the following exception:

Traceback (most recent call last):
  File "/home/raftlee/Documentos/Workspace/prototipo-vigia/vision/src/backend_client.py", line 19, in enviar
    resp = await client.post(self.url, json=evento)
           ^^^^^^^^^^^^^^^^^^^^^^^^^^^^^^^^^^^^^^^^
  File "/home/raftlee/Documentos/Workspace/prototipo-vigia/vision/.venv/lib/python3.12/site-packages/httpx/_client.py", line 1859, in post
    return await self.request(
           ^^^^^^^^^^^^^^^^^^^
  File "/home/raftlee/Documentos/Workspace/prototipo-vigia/vision/.venv/lib/python3.12/site-packages/httpx/_client.py", line 1540, in request
    return await self.send(request, auth=auth, follow_redirects=follow_redirects)
           ^^^^^^^^^^^^^^^^^^^^^^^^^^^^^^^^^^^^^^^^^^^^^^^^^^^^^^^^^^^^^^^^^^^^^^
  File "/home/raftlee/Documentos/Workspace/prototipo-vigia/vision/.venv/lib/python3.12/site-packages/httpx/_client.py", line 1629, in send
    response = await self._send_handling_auth(
               ^^^^^^^^^^^^^^^^^^^^^^^^^^^^^^^
  File "/home/raftlee/Documentos/Workspace/prototipo-vigia/vision/.venv/lib/python3.12/site-packages/httpx/_client.py", line 1657, in _send_handling_auth
    response = await self._send_handling_redirects(
               ^^^^^^^^^^^^^^^^^^^^^^^^^^^^^^^^^^^^
  File "/home/raftlee/Documentos/Workspace/prototipo-vigia/vision/.venv/lib/python3.12/site-packages/httpx/_client.py", line 1694, in _send_handling_redirects
    response = await self._send_single_request(request)
               ^^^^^^^^^^^^^^^^^^^^^^^^^^^^^^^^^^^^^^^^
  File "/home/raftlee/Documentos/Workspace/prototipo-vigia/vision/.venv/lib/python3.12/site-packages/httpx/_client.py", line 1730, in _send_single_request
    response = await transport.handle_async_request(request)
               ^^^^^^^^^^^^^^^^^^^^^^^^^^^^^^^^^^^^^^^^^^^^^
  File "/home/raftlee/Documentos/Workspace/prototipo-vigia/vision/.venv/lib/python3.12/site-packages/httpx/_transports/default.py", line 393, in handle_async_request
    with map_httpcore_exceptions():
  File "/usr/lib/python3.12/contextlib.py", line 158, in __exit__
    self.gen.throw(value)
  File "/home/raftlee/Documentos/Workspace/prototipo-vigia/vision/.venv/lib/python3.12/site-packages/httpx/_transports/default.py", line 118, in map_httpcore_exceptions
    raise mapped_exc(message) from exc
httpx.ReadTimeout
2026-08-19 22:40:19,929 src.backend_client ERROR Fallo al enviar evento frame 750
Traceback (most recent call last):
  File "/home/raftlee/Documentos/Workspace/prototipo-vigia/vision/.venv/lib/python3.12/site-packages/httpx/_transports/default.py", line 101, in map_httpcore_exceptions
    yield
  File "/home/raftlee/Documentos/Workspace/prototipo-vigia/vision/.venv/lib/python3.12/site-packages/httpx/_transports/default.py", line 394, in handle_async_request
    resp = await self._pool.handle_async_request(req)
           ^^^^^^^^^^^^^^^^^^^^^^^^^^^^^^^^^^^^^^^^^^
  File "/home/raftlee/Documentos/Workspace/prototipo-vigia/vision/.venv/lib/python3.12/site-packages/httpcore/_async/connection_pool.py", line 256, in handle_async_request
    raise exc from None
  File "/home/raftlee/Documentos/Workspace/prototipo-vigia/vision/.venv/lib/python3.12/site-packages/httpcore/_async/connection_pool.py", line 236, in handle_async_request
    response = await connection.handle_async_request(
               ^^^^^^^^^^^^^^^^^^^^^^^^^^^^^^^^^^^^^^
  File "/home/raftlee/Documentos/Workspace/prototipo-vigia/vision/.venv/lib/python3.12/site-packages/httpcore/_async/connection.py", line 103, in handle_async_request
    return await self._connection.handle_async_request(request)
           ^^^^^^^^^^^^^^^^^^^^^^^^^^^^^^^^^^^^^^^^^^^^^^^^^^^^
  File "/home/raftlee/Documentos/Workspace/prototipo-vigia/vision/.venv/lib/python3.12/site-packages/httpcore/_async/http11.py", line 136, in handle_async_request
    raise exc
  File "/home/raftlee/Documentos/Workspace/prototipo-vigia/vision/.venv/lib/python3.12/site-packages/httpcore/_async/http11.py", line 106, in handle_async_request
    ) = await self._receive_response_headers(**kwargs)
        ^^^^^^^^^^^^^^^^^^^^^^^^^^^^^^^^^^^^^^^^^^^^^^
  File "/home/raftlee/Documentos/Workspace/prototipo-vigia/vision/.venv/lib/python3.12/site-packages/httpcore/_async/http11.py", line 177, in _receive_response_headers
    event = await self._receive_event(timeout=timeout)
            ^^^^^^^^^^^^^^^^^^^^^^^^^^^^^^^^^^^^^^^^^^
  File "/home/raftlee/Documentos/Workspace/prototipo-vigia/vision/.venv/lib/python3.12/site-packages/httpcore/_async/http11.py", line 217, in _receive_event
    data = await self._network_stream.read(
           ^^^^^^^^^^^^^^^^^^^^^^^^^^^^^^^^
  File "/home/raftlee/Documentos/Workspace/prototipo-vigia/vision/.venv/lib/python3.12/site-packages/httpcore/_backends/anyio.py", line 32, in read
    with map_exceptions(exc_map):
  File "/usr/lib/python3.12/contextlib.py", line 158, in __exit__
    self.gen.throw(value)
  File "/home/raftlee/Documentos/Workspace/prototipo-vigia/vision/.venv/lib/python3.12/site-packages/httpcore/_exceptions.py", line 14, in map_exceptions
    raise to_exc(exc) from exc
httpcore.ReadTimeout

The above exception was the direct cause of the following exception:

Traceback (most recent call last):
  File "/home/raftlee/Documentos/Workspace/prototipo-vigia/vision/src/backend_client.py", line 19, in enviar
    resp = await client.post(self.url, json=evento)
           ^^^^^^^^^^^^^^^^^^^^^^^^^^^^^^^^^^^^^^^^
  File "/home/raftlee/Documentos/Workspace/prototipo-vigia/vision/.venv/lib/python3.12/site-packages/httpx/_client.py", line 1859, in post
    return await self.request(
           ^^^^^^^^^^^^^^^^^^^
  File "/home/raftlee/Documentos/Workspace/prototipo-vigia/vision/.venv/lib/python3.12/site-packages/httpx/_client.py", line 1540, in request
    return await self.send(request, auth=auth, follow_redirects=follow_redirects)
           ^^^^^^^^^^^^^^^^^^^^^^^^^^^^^^^^^^^^^^^^^^^^^^^^^^^^^^^^^^^^^^^^^^^^^^
  File "/home/raftlee/Documentos/Workspace/prototipo-vigia/vision/.venv/lib/python3.12/site-packages/httpx/_client.py", line 1629, in send
    response = await self._send_handling_auth(
               ^^^^^^^^^^^^^^^^^^^^^^^^^^^^^^^
  File "/home/raftlee/Documentos/Workspace/prototipo-vigia/vision/.venv/lib/python3.12/site-packages/httpx/_client.py", line 1657, in _send_handling_auth
    response = await self._send_handling_redirects(
               ^^^^^^^^^^^^^^^^^^^^^^^^^^^^^^^^^^^^
  File "/home/raftlee/Documentos/Workspace/prototipo-vigia/vision/.venv/lib/python3.12/site-packages/httpx/_client.py", line 1694, in _send_handling_redirects
    response = await self._send_single_request(request)
               ^^^^^^^^^^^^^^^^^^^^^^^^^^^^^^^^^^^^^^^^
  File "/home/raftlee/Documentos/Workspace/prototipo-vigia/vision/.venv/lib/python3.12/site-packages/httpx/_client.py", line 1730, in _send_single_request
    response = await transport.handle_async_request(request)
               ^^^^^^^^^^^^^^^^^^^^^^^^^^^^^^^^^^^^^^^^^^^^^
  File "/home/raftlee/Documentos/Workspace/prototipo-vigia/vision/.venv/lib/python3.12/site-packages/httpx/_transports/default.py", line 393, in handle_async_request
    with map_httpcore_exceptions():
  File "/usr/lib/python3.12/contextlib.py", line 158, in __exit__
    self.gen.throw(value)
  File "/home/raftlee/Documentos/Workspace/prototipo-vigia/vision/.venv/lib/python3.12/site-packages/httpx/_transports/default.py", line 118, in map_httpcore_exceptions
    raise mapped_exc(message) from exc
httpx.ReadTimeout
2026-08-19 22:40:27,930 src.backend_client ERROR Se agotaron los reintentos para el frame 750
2026-08-19 22:40:27,931 vision INFO frame=750 detectados=11 enviado=False
2026-08-19 22:40:39,431 src.backend_client ERROR Fallo al enviar evento frame 780
Traceback (most recent call last):
  File "/home/raftlee/Documentos/Workspace/prototipo-vigia/vision/.venv/lib/python3.12/site-packages/httpx/_transports/default.py", line 101, in map_httpcore_exceptions
    yield
  File "/home/raftlee/Documentos/Workspace/prototipo-vigia/vision/.venv/lib/python3.12/site-packages/httpx/_transports/default.py", line 394, in handle_async_request
    resp = await self._pool.handle_async_request(req)
           ^^^^^^^^^^^^^^^^^^^^^^^^^^^^^^^^^^^^^^^^^^
  File "/home/raftlee/Documentos/Workspace/prototipo-vigia/vision/.venv/lib/python3.12/site-packages/httpcore/_async/connection_pool.py", line 256, in handle_async_request
    raise exc from None
  File "/home/raftlee/Documentos/Workspace/prototipo-vigia/vision/.venv/lib/python3.12/site-packages/httpcore/_async/connection_pool.py", line 236, in handle_async_request
    response = await connection.handle_async_request(
               ^^^^^^^^^^^^^^^^^^^^^^^^^^^^^^^^^^^^^^
  File "/home/raftlee/Documentos/Workspace/prototipo-vigia/vision/.venv/lib/python3.12/site-packages/httpcore/_async/connection.py", line 103, in handle_async_request
    return await self._connection.handle_async_request(request)
           ^^^^^^^^^^^^^^^^^^^^^^^^^^^^^^^^^^^^^^^^^^^^^^^^^^^^
  File "/home/raftlee/Documentos/Workspace/prototipo-vigia/vision/.venv/lib/python3.12/site-packages/httpcore/_async/http11.py", line 136, in handle_async_request
    raise exc
  File "/home/raftlee/Documentos/Workspace/prototipo-vigia/vision/.venv/lib/python3.12/site-packages/httpcore/_async/http11.py", line 106, in handle_async_request
    ) = await self._receive_response_headers(**kwargs)
        ^^^^^^^^^^^^^^^^^^^^^^^^^^^^^^^^^^^^^^^^^^^^^^
  File "/home/raftlee/Documentos/Workspace/prototipo-vigia/vision/.venv/lib/python3.12/site-packages/httpcore/_async/http11.py", line 177, in _receive_response_headers
    event = await self._receive_event(timeout=timeout)
            ^^^^^^^^^^^^^^^^^^^^^^^^^^^^^^^^^^^^^^^^^^
  File "/home/raftlee/Documentos/Workspace/prototipo-vigia/vision/.venv/lib/python3.12/site-packages/httpcore/_async/http11.py", line 217, in _receive_event
    data = await self._network_stream.read(
           ^^^^^^^^^^^^^^^^^^^^^^^^^^^^^^^^
  File "/home/raftlee/Documentos/Workspace/prototipo-vigia/vision/.venv/lib/python3.12/site-packages/httpcore/_backends/anyio.py", line 32, in read
    with map_exceptions(exc_map):
  File "/usr/lib/python3.12/contextlib.py", line 158, in __exit__
    self.gen.throw(value)
  File "/home/raftlee/Documentos/Workspace/prototipo-vigia/vision/.venv/lib/python3.12/site-packages/httpcore/_exceptions.py", line 14, in map_exceptions
    raise to_exc(exc) from exc
httpcore.ReadTimeout

The above exception was the direct cause of the following exception:

Traceback (most recent call last):
  File "/home/raftlee/Documentos/Workspace/prototipo-vigia/vision/src/backend_client.py", line 19, in enviar
    resp = await client.post(self.url, json=evento)
           ^^^^^^^^^^^^^^^^^^^^^^^^^^^^^^^^^^^^^^^^
  File "/home/raftlee/Documentos/Workspace/prototipo-vigia/vision/.venv/lib/python3.12/site-packages/httpx/_client.py", line 1859, in post
    return await self.request(
           ^^^^^^^^^^^^^^^^^^^
  File "/home/raftlee/Documentos/Workspace/prototipo-vigia/vision/.venv/lib/python3.12/site-packages/httpx/_client.py", line 1540, in request
    return await self.send(request, auth=auth, follow_redirects=follow_redirects)
           ^^^^^^^^^^^^^^^^^^^^^^^^^^^^^^^^^^^^^^^^^^^^^^^^^^^^^^^^^^^^^^^^^^^^^^
  File "/home/raftlee/Documentos/Workspace/prototipo-vigia/vision/.venv/lib/python3.12/site-packages/httpx/_client.py", line 1629, in send
    response = await self._send_handling_auth(
               ^^^^^^^^^^^^^^^^^^^^^^^^^^^^^^^
  File "/home/raftlee/Documentos/Workspace/prototipo-vigia/vision/.venv/lib/python3.12/site-packages/httpx/_client.py", line 1657, in _send_handling_auth
    response = await self._send_handling_redirects(
               ^^^^^^^^^^^^^^^^^^^^^^^^^^^^^^^^^^^^
  File "/home/raftlee/Documentos/Workspace/prototipo-vigia/vision/.venv/lib/python3.12/site-packages/httpx/_client.py", line 1694, in _send_handling_redirects
    response = await self._send_single_request(request)
               ^^^^^^^^^^^^^^^^^^^^^^^^^^^^^^^^^^^^^^^^
  File "/home/raftlee/Documentos/Workspace/prototipo-vigia/vision/.venv/lib/python3.12/site-packages/httpx/_client.py", line 1730, in _send_single_request
    response = await transport.handle_async_request(request)
               ^^^^^^^^^^^^^^^^^^^^^^^^^^^^^^^^^^^^^^^^^^^^^
  File "/home/raftlee/Documentos/Workspace/prototipo-vigia/vision/.venv/lib/python3.12/site-packages/httpx/_transports/default.py", line 393, in handle_async_request
    with map_httpcore_exceptions():
  File "/usr/lib/python3.12/contextlib.py", line 158, in __exit__
    self.gen.throw(value)
  File "/home/raftlee/Documentos/Workspace/prototipo-vigia/vision/.venv/lib/python3.12/site-packages/httpx/_transports/default.py", line 118, in map_httpcore_exceptions
    raise mapped_exc(message) from exc
httpx.ReadTimeout
2026-08-19 22:40:46,251 httpx INFO HTTP Request: POST http://localhost:8000/api/v1/eventos/ingest "HTTP/1.1 201 Created"
2026-08-19 22:40:46,255 vision INFO frame=780 detectados=10 enviado=True
2026-08-19 22:40:53,938 httpx INFO HTTP Request: POST http://localhost:8000/api/v1/eventos/ingest "HTTP/1.1 201 Created"
2026-08-19 22:40:53,943 vision INFO frame=810 detectados=16 enviado=True
2026-08-19 22:41:00,619 httpx INFO HTTP Request: POST http://localhost:8000/api/v1/eventos/ingest "HTTP/1.1 201 Created"
2026-08-19 22:41:00,621 vision INFO frame=840 detectados=12 enviado=True
2026-08-19 22:41:07,005 httpx INFO HTTP Request: POST http://localhost:8000/api/v1/eventos/ingest "HTTP/1.1 201 Created"
2026-08-19 22:41:07,008 vision INFO frame=870 detectados=5 enviado=True
2026-08-19 22:41:13,594 httpx INFO HTTP Request: POST http://localhost:8000/api/v1/eventos/ingest "HTTP/1.1 201 Created"
2026-08-19 22:41:13,597 vision INFO frame=900 detectados=10 enviado=True
2026-08-19 22:41:19,445 httpx INFO HTTP Request: POST http://localhost:8000/api/v1/eventos/ingest "HTTP/1.1 201 Created"
2026-08-19 22:41:19,447 vision INFO frame=930 detectados=14 enviado=True
2026-08-19 22:41:24,880 httpx INFO HTTP Request: POST http://localhost:8000/api/v1/eventos/ingest "HTTP/1.1 201 Created"
2026-08-19 22:41:24,881 vision INFO frame=960 detectados=11 enviado=True
2026-08-19 22:41:31,350 httpx INFO HTTP Request: POST http://localhost:8000/api/v1/eventos/ingest "HTTP/1.1 201 Created"
2026-08-19 22:41:31,352 vision INFO frame=990 detectados=7 enviado=True
2026-08-19 22:41:37,340 httpx INFO HTTP Request: POST http://localhost:8000/api/v1/eventos/ingest "HTTP/1.1 201 Created"
2026-08-19 22:41:37,341 vision INFO frame=1020 detectados=7 enviado=True
2026-08-19 22:41:43,782 httpx INFO HTTP Request: POST http://localhost:8000/api/v1/eventos/ingest "HTTP/1.1 201 Created"
2026-08-19 22:41:43,785 vision INFO frame=1050 detectados=9 enviado=True
2026-08-19 22:41:49,783 httpx INFO HTTP Request: POST http://localhost:8000/api/v1/eventos/ingest "HTTP/1.1 201 Created"
2026-08-19 22:41:49,785 vision INFO frame=1080 detectados=12 enviado=True
2026-08-19 22:41:56,234 httpx INFO HTTP Request: POST http://localhost:8000/api/v1/eventos/ingest "HTTP/1.1 201 Created"
2026-08-19 22:41:56,238 vision INFO frame=1110 detectados=8 enviado=True
2026-08-19 22:42:03,174 httpx INFO HTTP Request: POST http://localhost:8000/api/v1/eventos/ingest "HTTP/1.1 201 Created"
2026-08-19 22:42:03,187 vision INFO frame=1140 detectados=6 enviado=True
2026-08-19 22:42:09,158 httpx INFO HTTP Request: POST http://localhost:8000/api/v1/eventos/ingest "HTTP/1.1 201 Created"
2026-08-19 22:42:09,160 vision INFO frame=1170 detectados=4 enviado=True
2026-08-19 22:42:09,265 vision INFO Bucle finalizado, reiniciando la fuente…
2026-08-19 22:42:16,327 httpx INFO HTTP Request: POST http://localhost:8000/api/v1/eventos/ingest "HTTP/1.1 201 Created"
2026-08-19 22:42:16,328 vision INFO frame=30 detectados=10 enviado=True
2026-08-19 22:42:21,971 httpx INFO HTTP Request: POST http://localhost:8000/api/v1/eventos/ingest "HTTP/1.1 201 Created"
2026-08-19 22:42:21,975 vision INFO frame=60 detectados=6 enviado=True
2026-08-19 22:42:27,902 httpx INFO HTTP Request: POST http://localhost:8000/api/v1/eventos/ingest "HTTP/1.1 201 Created"
2026-08-19 22:42:27,904 vision INFO frame=90 detectados=8 enviado=True
2026-08-19 22:42:33,454 httpx INFO HTTP Request: POST http://localhost:8000/api/v1/eventos/ingest "HTTP/1.1 201 Created"
2026-08-19 22:42:33,456 vision INFO frame=120 detectados=10 enviado=True
2026-08-19 22:42:40,009 httpx INFO HTTP Request: POST http://localhost:8000/api/v1/eventos/ingest "HTTP/1.1 201 Created"
2026-08-19 22:42:40,010 vision INFO frame=150 detectados=7 enviado=True
2026-08-19 22:42:45,760 httpx INFO HTTP Request: POST http://localhost:8000/api/v1/eventos/ingest "HTTP/1.1 201 Created"
2026-08-19 22:42:45,762 vision INFO frame=180 detectados=9 enviado=True
2026-08-19 22:42:52,309 httpx INFO HTTP Request: POST http://localhost:8000/api/v1/eventos/ingest "HTTP/1.1 201 Created"
2026-08-19 22:42:52,318 vision INFO frame=210 detectados=10 enviado=True
2026-08-19 22:42:54,410 src.backend_client ERROR Fallo al enviar evento frame 240
Traceback (most recent call last):
  File "/home/raftlee/Documentos/Workspace/prototipo-vigia/vision/.venv/lib/python3.12/site-packages/httpx/_transports/default.py", line 101, in map_httpcore_exceptions
    yield
  File "/home/raftlee/Documentos/Workspace/prototipo-vigia/vision/.venv/lib/python3.12/site-packages/httpx/_transports/default.py", line 394, in handle_async_request
    resp = await self._pool.handle_async_request(req)
           ^^^^^^^^^^^^^^^^^^^^^^^^^^^^^^^^^^^^^^^^^^
  File "/home/raftlee/Documentos/Workspace/prototipo-vigia/vision/.venv/lib/python3.12/site-packages/httpcore/_async/connection_pool.py", line 256, in handle_async_request
    raise exc from None
  File "/home/raftlee/Documentos/Workspace/prototipo-vigia/vision/.venv/lib/python3.12/site-packages/httpcore/_async/connection_pool.py", line 236, in handle_async_request
    response = await connection.handle_async_request(
               ^^^^^^^^^^^^^^^^^^^^^^^^^^^^^^^^^^^^^^
  File "/home/raftlee/Documentos/Workspace/prototipo-vigia/vision/.venv/lib/python3.12/site-packages/httpcore/_async/connection.py", line 101, in handle_async_request
    raise exc
  File "/home/raftlee/Documentos/Workspace/prototipo-vigia/vision/.venv/lib/python3.12/site-packages/httpcore/_async/connection.py", line 78, in handle_async_request
    stream = await self._connect(request)
             ^^^^^^^^^^^^^^^^^^^^^^^^^^^^
  File "/home/raftlee/Documentos/Workspace/prototipo-vigia/vision/.venv/lib/python3.12/site-packages/httpcore/_async/connection.py", line 124, in _connect
    stream = await self._network_backend.connect_tcp(**kwargs)
             ^^^^^^^^^^^^^^^^^^^^^^^^^^^^^^^^^^^^^^^^^^^^^^^^^
  File "/home/raftlee/Documentos/Workspace/prototipo-vigia/vision/.venv/lib/python3.12/site-packages/httpcore/_backends/auto.py", line 31, in connect_tcp
    return await self._backend.connect_tcp(
           ^^^^^^^^^^^^^^^^^^^^^^^^^^^^^^^^
  File "/home/raftlee/Documentos/Workspace/prototipo-vigia/vision/.venv/lib/python3.12/site-packages/httpcore/_backends/anyio.py", line 113, in connect_tcp
    with map_exceptions(exc_map):
  File "/usr/lib/python3.12/contextlib.py", line 158, in __exit__
    self.gen.throw(value)
  File "/home/raftlee/Documentos/Workspace/prototipo-vigia/vision/.venv/lib/python3.12/site-packages/httpcore/_exceptions.py", line 14, in map_exceptions
    raise to_exc(exc) from exc
httpcore.ConnectError: All connection attempts failed

The above exception was the direct cause of the following exception:

Traceback (most recent call last):
  File "/home/raftlee/Documentos/Workspace/prototipo-vigia/vision/src/backend_client.py", line 19, in enviar
    resp = await client.post(self.url, json=evento)
           ^^^^^^^^^^^^^^^^^^^^^^^^^^^^^^^^^^^^^^^^
  File "/home/raftlee/Documentos/Workspace/prototipo-vigia/vision/.venv/lib/python3.12/site-packages/httpx/_client.py", line 1859, in post
    return await self.request(
           ^^^^^^^^^^^^^^^^^^^
  File "/home/raftlee/Documentos/Workspace/prototipo-vigia/vision/.venv/lib/python3.12/site-packages/httpx/_client.py", line 1540, in request
    return await self.send(request, auth=auth, follow_redirects=follow_redirects)
           ^^^^^^^^^^^^^^^^^^^^^^^^^^^^^^^^^^^^^^^^^^^^^^^^^^^^^^^^^^^^^^^^^^^^^^
  File "/home/raftlee/Documentos/Workspace/prototipo-vigia/vision/.venv/lib/python3.12/site-packages/httpx/_client.py", line 1629, in send
    response = await self._send_handling_auth(
               ^^^^^^^^^^^^^^^^^^^^^^^^^^^^^^^
  File "/home/raftlee/Documentos/Workspace/prototipo-vigia/vision/.venv/lib/python3.12/site-packages/httpx/_client.py", line 1657, in _send_handling_auth
    response = await self._send_handling_redirects(
               ^^^^^^^^^^^^^^^^^^^^^^^^^^^^^^^^^^^^
  File "/home/raftlee/Documentos/Workspace/prototipo-vigia/vision/.venv/lib/python3.12/site-packages/httpx/_client.py", line 1694, in _send_handling_redirects
    response = await self._send_single_request(request)
               ^^^^^^^^^^^^^^^^^^^^^^^^^^^^^^^^^^^^^^^^
  File "/home/raftlee/Documentos/Workspace/prototipo-vigia/vision/.venv/lib/python3.12/site-packages/httpx/_client.py", line 1730, in _send_single_request
    response = await transport.handle_async_request(request)
               ^^^^^^^^^^^^^^^^^^^^^^^^^^^^^^^^^^^^^^^^^^^^^
  File "/home/raftlee/Documentos/Workspace/prototipo-vigia/vision/.venv/lib/python3.12/site-packages/httpx/_transports/default.py", line 393, in handle_async_request
    with map_httpcore_exceptions():
  File "/usr/lib/python3.12/contextlib.py", line 158, in __exit__
    self.gen.throw(value)
  File "/home/raftlee/Documentos/Workspace/prototipo-vigia/vision/.venv/lib/python3.12/site-packages/httpx/_transports/default.py", line 118, in map_httpcore_exceptions
    raise mapped_exc(message) from exc
httpx.ConnectError: All connection attempts failed
2026-08-19 22:42:56,467 src.backend_client ERROR Fallo al enviar evento frame 240
Traceback (most recent call last):
  File "/home/raftlee/Documentos/Workspace/prototipo-vigia/vision/.venv/lib/python3.12/site-packages/httpx/_transports/default.py", line 101, in map_httpcore_exceptions
    yield
  File "/home/raftlee/Documentos/Workspace/prototipo-vigia/vision/.venv/lib/python3.12/site-packages/httpx/_transports/default.py", line 394, in handle_async_request
    resp = await self._pool.handle_async_request(req)
           ^^^^^^^^^^^^^^^^^^^^^^^^^^^^^^^^^^^^^^^^^^
  File "/home/raftlee/Documentos/Workspace/prototipo-vigia/vision/.venv/lib/python3.12/site-packages/httpcore/_async/connection_pool.py", line 256, in handle_async_request
    raise exc from None
  File "/home/raftlee/Documentos/Workspace/prototipo-vigia/vision/.venv/lib/python3.12/site-packages/httpcore/_async/connection_pool.py", line 236, in handle_async_request
    response = await connection.handle_async_request(
               ^^^^^^^^^^^^^^^^^^^^^^^^^^^^^^^^^^^^^^
  File "/home/raftlee/Documentos/Workspace/prototipo-vigia/vision/.venv/lib/python3.12/site-packages/httpcore/_async/connection.py", line 101, in handle_async_request
    raise exc
  File "/home/raftlee/Documentos/Workspace/prototipo-vigia/vision/.venv/lib/python3.12/site-packages/httpcore/_async/connection.py", line 78, in handle_async_request
    stream = await self._connect(request)
             ^^^^^^^^^^^^^^^^^^^^^^^^^^^^
  File "/home/raftlee/Documentos/Workspace/prototipo-vigia/vision/.venv/lib/python3.12/site-packages/httpcore/_async/connection.py", line 124, in _connect
    stream = await self._network_backend.connect_tcp(**kwargs)
             ^^^^^^^^^^^^^^^^^^^^^^^^^^^^^^^^^^^^^^^^^^^^^^^^^
  File "/home/raftlee/Documentos/Workspace/prototipo-vigia/vision/.venv/lib/python3.12/site-packages/httpcore/_backends/auto.py", line 31, in connect_tcp
    return await self._backend.connect_tcp(
           ^^^^^^^^^^^^^^^^^^^^^^^^^^^^^^^^
  File "/home/raftlee/Documentos/Workspace/prototipo-vigia/vision/.venv/lib/python3.12/site-packages/httpcore/_backends/anyio.py", line 113, in connect_tcp
    with map_exceptions(exc_map):
  File "/usr/lib/python3.12/contextlib.py", line 158, in __exit__
    self.gen.throw(value)
  File "/home/raftlee/Documentos/Workspace/prototipo-vigia/vision/.venv/lib/python3.12/site-packages/httpcore/_exceptions.py", line 14, in map_exceptions
    raise to_exc(exc) from exc
httpcore.ConnectError: All connection attempts failed

The above exception was the direct cause of the following exception:

Traceback (most recent call last):
  File "/home/raftlee/Documentos/Workspace/prototipo-vigia/vision/src/backend_client.py", line 19, in enviar
    resp = await client.post(self.url, json=evento)
           ^^^^^^^^^^^^^^^^^^^^^^^^^^^^^^^^^^^^^^^^
  File "/home/raftlee/Documentos/Workspace/prototipo-vigia/vision/.venv/lib/python3.12/site-packages/httpx/_client.py", line 1859, in post
    return await self.request(
           ^^^^^^^^^^^^^^^^^^^
  File "/home/raftlee/Documentos/Workspace/prototipo-vigia/vision/.venv/lib/python3.12/site-packages/httpx/_client.py", line 1540, in request
    return await self.send(request, auth=auth, follow_redirects=follow_redirects)
           ^^^^^^^^^^^^^^^^^^^^^^^^^^^^^^^^^^^^^^^^^^^^^^^^^^^^^^^^^^^^^^^^^^^^^^
  File "/home/raftlee/Documentos/Workspace/prototipo-vigia/vision/.venv/lib/python3.12/site-packages/httpx/_client.py", line 1629, in send
    response = await self._send_handling_auth(
               ^^^^^^^^^^^^^^^^^^^^^^^^^^^^^^^
  File "/home/raftlee/Documentos/Workspace/prototipo-vigia/vision/.venv/lib/python3.12/site-packages/httpx/_client.py", line 1657, in _send_handling_auth
    response = await self._send_handling_redirects(
               ^^^^^^^^^^^^^^^^^^^^^^^^^^^^^^^^^^^^
  File "/home/raftlee/Documentos/Workspace/prototipo-vigia/vision/.venv/lib/python3.12/site-packages/httpx/_client.py", line 1694, in _send_handling_redirects
    response = await self._send_single_request(request)
               ^^^^^^^^^^^^^^^^^^^^^^^^^^^^^^^^^^^^^^^^
  File "/home/raftlee/Documentos/Workspace/prototipo-vigia/vision/.venv/lib/python3.12/site-packages/httpx/_client.py", line 1730, in _send_single_request
    response = await transport.handle_async_request(request)
               ^^^^^^^^^^^^^^^^^^^^^^^^^^^^^^^^^^^^^^^^^^^^^
  File "/home/raftlee/Documentos/Workspace/prototipo-vigia/vision/.venv/lib/python3.12/site-packages/httpx/_transports/default.py", line 393, in handle_async_request
    with map_httpcore_exceptions():
  File "/usr/lib/python3.12/contextlib.py", line 158, in __exit__
    self.gen.throw(value)
  File "/home/raftlee/Documentos/Workspace/prototipo-vigia/vision/.venv/lib/python3.12/site-packages/httpx/_transports/default.py", line 118, in map_httpcore_exceptions
    raise mapped_exc(message) from exc
httpx.ConnectError: All connection attempts failed
2026-08-19 22:43:00,548 httpx INFO HTTP Request: POST http://localhost:8000/api/v1/eventos/ingest "HTTP/1.1 201 Created"
2026-08-19 22:43:00,549 vision INFO frame=240 detectados=8 enviado=True
2026-08-19 22:43:01,711 httpx INFO HTTP Request: POST http://localhost:8000/api/v1/eventos/ingest "HTTP/1.1 201 Created"
2026-08-19 22:43:01,712 vision INFO frame=270 detectados=9 enviado=True
2026-08-19 22:43:03,026 httpx INFO HTTP Request: POST http://localhost:8000/api/v1/eventos/ingest "HTTP/1.1 201 Created"
2026-08-19 22:43:03,027 vision INFO frame=300 detectados=10 enviado=True
2026-08-19 22:43:04,047 httpx INFO HTTP Request: POST http://localhost:8000/api/v1/eventos/ingest "HTTP/1.1 201 Created"
2026-08-19 22:43:04,048 vision INFO frame=330 detectados=8 enviado=True
2026-08-19 22:43:05,232 httpx INFO HTTP Request: POST http://localhost:8000/api/v1/eventos/ingest "HTTP/1.1 201 Created"
2026-08-19 22:43:05,233 vision INFO frame=360 detectados=9 enviado=True
2026-08-19 22:43:06,355 httpx INFO HTTP Request: POST http://localhost:8000/api/v1/eventos/ingest "HTTP/1.1 201 Created"
2026-08-19 22:43:06,356 vision INFO frame=390 detectados=10 enviado=True
2026-08-19 22:43:07,931 httpx INFO HTTP Request: POST http://localhost:8000/api/v1/eventos/ingest "HTTP/1.1 201 Created"
2026-08-19 22:43:07,932 vision INFO frame=420 detectados=11 enviado=True
2026-08-19 22:43:08,877 httpx INFO HTTP Request: POST http://localhost:8000/api/v1/eventos/ingest "HTTP/1.1 201 Created"
2026-08-19 22:43:08,878 vision INFO frame=450 detectados=11 enviado=True
2026-08-19 22:43:09,727 httpx INFO HTTP Request: POST http://localhost:8000/api/v1/eventos/ingest "HTTP/1.1 201 Created"
2026-08-19 22:43:09,728 vision INFO frame=480 detectados=14 enviado=True
2026-08-19 22:43:10,663 httpx INFO HTTP Request: POST http://localhost:8000/api/v1/eventos/ingest "HTTP/1.1 201 Created"
2026-08-19 22:43:10,665 vision INFO frame=510 detectados=14 enviado=True
2026-08-19 22:43:16,712 httpx INFO HTTP Request: POST http://localhost:8000/api/v1/eventos/ingest "HTTP/1.1 201 Created"
2026-08-19 22:43:16,713 vision INFO frame=540 detectados=13 enviado=True
2026-08-19 22:43:18,154 httpx INFO HTTP Request: POST http://localhost:8000/api/v1/eventos/ingest "HTTP/1.1 201 Created"
2026-08-19 22:43:18,155 vision INFO frame=570 detectados=11 enviado=True
2026-08-19 22:43:19,314 httpx INFO HTTP Request: POST http://localhost:8000/api/v1/eventos/ingest "HTTP/1.1 201 Created"
2026-08-19 22:43:19,315 vision INFO frame=600 detectados=15 enviado=True
2026-08-19 22:43:20,183 httpx INFO HTTP Request: POST http://localhost:8000/api/v1/eventos/ingest "HTTP/1.1 201 Created"
2026-08-19 22:43:20,184 vision INFO frame=630 detectados=12 enviado=True
2026-08-19 22:43:21,552 httpx INFO HTTP Request: POST http://localhost:8000/api/v1/eventos/ingest "HTTP/1.1 201 Created"
2026-08-19 22:43:21,553 vision INFO frame=660 detectados=10 enviado=True
2026-08-19 22:43:22,854 httpx INFO HTTP Request: POST http://localhost:8000/api/v1/eventos/ingest "HTTP/1.1 201 Created"
2026-08-19 22:43:22,855 vision INFO frame=690 detectados=9 enviado=True
2026-08-19 22:43:23,738 httpx INFO HTTP Request: POST http://localhost:8000/api/v1/eventos/ingest "HTTP/1.1 201 Created"
2026-08-19 22:43:23,739 vision INFO frame=720 detectados=10 enviado=True
2026-08-19 22:43:24,737 httpx INFO HTTP Request: POST http://localhost:8000/api/v1/eventos/ingest "HTTP/1.1 201 Created"
2026-08-19 22:43:24,738 vision INFO frame=750 detectados=11 enviado=True
2026-08-19 22:43:25,624 httpx INFO HTTP Request: POST http://localhost:8000/api/v1/eventos/ingest "HTTP/1.1 201 Created"
2026-08-19 22:43:25,624 vision INFO frame=780 detectados=10 enviado=True
2026-08-19 22:43:26,840 httpx INFO HTTP Request: POST http://localhost:8000/api/v1/eventos/ingest "HTTP/1.1 201 Created"
2026-08-19 22:43:26,841 vision INFO frame=810 detectados=16 enviado=True
2026-08-19 22:43:28,139 httpx INFO HTTP Request: POST http://localhost:8000/api/v1/eventos/ingest "HTTP/1.1 201 Created"
2026-08-19 22:43:28,140 vision INFO frame=840 detectados=12 enviado=True
2026-08-19 22:43:29,023 httpx INFO HTTP Request: POST http://localhost:8000/api/v1/eventos/ingest "HTTP/1.1 201 Created"
2026-08-19 22:43:29,025 vision INFO frame=870 detectados=5 enviado=True
2026-08-19 22:43:30,037 httpx INFO HTTP Request: POST http://localhost:8000/api/v1/eventos/ingest "HTTP/1.1 201 Created"
2026-08-19 22:43:30,038 vision INFO frame=900 detectados=10 enviado=True
2026-08-19 22:43:30,987 httpx INFO HTTP Request: POST http://localhost:8000/api/v1/eventos/ingest "HTTP/1.1 201 Created"
2026-08-19 22:43:30,988 vision INFO frame=930 detectados=14 enviado=True
2026-08-19 22:43:32,235 httpx INFO HTTP Request: POST http://localhost:8000/api/v1/eventos/ingest "HTTP/1.1 201 Created"
2026-08-19 22:43:32,236 vision INFO frame=960 detectados=11 enviado=True
2026-08-19 22:43:33,118 httpx INFO HTTP Request: POST http://localhost:8000/api/v1/eventos/ingest "HTTP/1.1 201 Created"
2026-08-19 22:43:33,120 vision INFO frame=990 detectados=7 enviado=True
2026-08-19 22:43:33,906 httpx INFO HTTP Request: POST http://localhost:8000/api/v1/eventos/ingest "HTTP/1.1 201 Created"
2026-08-19 22:43:33,908 vision INFO frame=1020 detectados=7 enviado=True
2026-08-19 22:43:34,866 httpx INFO HTTP Request: POST http://localhost:8000/api/v1/eventos/ingest "HTTP/1.1 201 Created"
2026-08-19 22:43:34,867 vision INFO frame=1050 detectados=9 enviado=True
2026-08-19 22:43:35,803 httpx INFO HTTP Request: POST http://localhost:8000/api/v1/eventos/ingest "HTTP/1.1 201 Created"
2026-08-19 22:43:35,805 vision INFO frame=1080 detectados=12 enviado=True
2026-08-19 22:43:37,533 httpx INFO HTTP Request: POST http://localhost:8000/api/v1/eventos/ingest "HTTP/1.1 201 Created"
2026-08-19 22:43:37,535 vision INFO frame=1110 detectados=8 enviado=True
2026-08-19 22:43:38,548 httpx INFO HTTP Request: POST http://localhost:8000/api/v1/eventos/ingest "HTTP/1.1 201 Created"
2026-08-19 22:43:38,549 vision INFO frame=1140 detectados=6 enviado=True
2026-08-19 22:43:39,599 httpx INFO HTTP Request: POST http://localhost:8000/api/v1/eventos/ingest "HTTP/1.1 201 Created"
2026-08-19 22:43:39,600 vision INFO frame=1170 detectados=4 enviado=True
2026-08-19 22:43:39,700 vision INFO Bucle finalizado, reiniciando la fuente…
2026-08-19 22:43:42,599 httpx INFO HTTP Request: POST http://localhost:8000/api/v1/eventos/ingest "HTTP/1.1 201 Created"
2026-08-19 22:43:42,601 vision INFO frame=30 detectados=10 enviado=True
2026-08-19 22:43:44,089 httpx INFO HTTP Request: POST http://localhost:8000/api/v1/eventos/ingest "HTTP/1.1 201 Created"
2026-08-19 22:43:44,090 vision INFO frame=60 detectados=6 enviado=True
INFO:     127.0.0.1:60536 - "GET /health HTTP/1.1" 200 OK
2026-08-19 22:43:45,628 httpx INFO HTTP Request: POST http://localhost:8000/api/v1/eventos/ingest "HTTP/1.1 201 Created"
2026-08-19 22:43:45,629 vision INFO frame=90 detectados=8 enviado=True
2026-08-19 22:43:47,077 httpx INFO HTTP Request: POST http://localhost:8000/api/v1/eventos/ingest "HTTP/1.1 201 Created"
2026-08-19 22:43:47,077 vision INFO frame=120 detectados=10 enviado=True
2026-08-19 22:43:48,477 httpx INFO HTTP Request: POST http://localhost:8000/api/v1/eventos/ingest "HTTP/1.1 201 Created"
2026-08-19 22:43:48,478 vision INFO frame=150 detectados=7 enviado=True
2026-08-19 22:43:49,513 httpx INFO HTTP Request: POST http://localhost:8000/api/v1/eventos/ingest "HTTP/1.1 201 Created"
2026-08-19 22:43:49,514 vision INFO frame=180 detectados=9 enviado=True
2026-08-19 22:43:50,610 httpx INFO HTTP Request: POST http://localhost:8000/api/v1/eventos/ingest "HTTP/1.1 201 Created"
2026-08-19 22:43:50,611 vision INFO frame=210 detectados=10 enviado=True
2026-08-19 22:43:52,672 httpx INFO HTTP Request: POST http://localhost:8000/api/v1/eventos/ingest "HTTP/1.1 201 Created"
2026-08-19 22:43:52,673 vision INFO frame=240 detectados=8 enviado=True
2026-08-19 22:43:53,695 httpx INFO HTTP Request: POST http://localhost:8000/api/v1/eventos/ingest "HTTP/1.1 201 Created"
2026-08-19 22:43:53,696 vision INFO frame=270 detectados=9 enviado=True
2026-08-19 22:43:54,598 httpx INFO HTTP Request: POST http://localhost:8000/api/v1/eventos/ingest "HTTP/1.1 201 Created"
2026-08-19 22:43:54,600 vision INFO frame=300 detectados=10 enviado=True
2026-08-19 22:43:55,479 httpx INFO HTTP Request: POST http://localhost:8000/api/v1/eventos/ingest "HTTP/1.1 201 Created"
2026-08-19 22:43:55,480 vision INFO frame=330 detectados=8 enviado=True
2026-08-19 22:43:56,665 httpx INFO HTTP Request: POST http://localhost:8000/api/v1/eventos/ingest "HTTP/1.1 201 Created"
2026-08-19 22:43:56,666 vision INFO frame=360 detectados=9 enviado=True
2026-08-19 22:43:58,218 httpx INFO HTTP Request: POST http://localhost:8000/api/v1/eventos/ingest "HTTP/1.1 201 Created"
2026-08-19 22:43:58,219 vision INFO frame=390 detectados=10 enviado=True
2026-08-19 22:43:59,627 httpx INFO HTTP Request: POST http://localhost:8000/api/v1/eventos/ingest "HTTP/1.1 201 Created"
2026-08-19 22:43:59,629 vision INFO frame=420 detectados=11 enviado=True
2026-08-19 22:44:00,616 httpx INFO HTTP Request: POST http://localhost:8000/api/v1/eventos/ingest "HTTP/1.1 201 Created"
2026-08-19 22:44:00,617 vision INFO frame=450 detectados=11 enviado=True
2026-08-19 22:44:01,898 httpx INFO HTTP Request: POST http://localhost:8000/api/v1/eventos/ingest "HTTP/1.1 201 Created"
2026-08-19 22:44:01,900 vision INFO frame=480 detectados=14 enviado=True
2026-08-19 22:44:03,058 httpx INFO HTTP Request: POST http://localhost:8000/api/v1/eventos/ingest "HTTP/1.1 201 Created"
2026-08-19 22:44:03,059 vision INFO frame=510 detectados=14 enviado=True
2026-08-19 22:44:08,244 httpx INFO HTTP Request: POST http://localhost:8000/api/v1/eventos/ingest "HTTP/1.1 201 Created"
2026-08-19 22:44:08,246 vision INFO frame=540 detectados=13 enviado=True
2026-08-19 22:44:09,020 httpx INFO HTTP Request: POST http://localhost:8000/api/v1/eventos/ingest "HTTP/1.1 201 Created"
2026-08-19 22:44:09,021 vision INFO frame=570 detectados=11 enviado=True
2026-08-19 22:44:09,797 httpx INFO HTTP Request: POST http://localhost:8000/api/v1/eventos/ingest "HTTP/1.1 201 Created"
2026-08-19 22:44:09,798 vision INFO frame=600 detectados=15 enviado=True
2026-08-19 22:44:10,450 httpx INFO HTTP Request: POST http://localhost:8000/api/v1/eventos/ingest "HTTP/1.1 201 Created"
2026-08-19 22:44:10,451 vision INFO frame=630 detectados=12 enviado=True
2026-08-19 22:44:11,264 httpx INFO HTTP Request: POST http://localhost:8000/api/v1/eventos/ingest "HTTP/1.1 201 Created"
2026-08-19 22:44:11,265 vision INFO frame=660 detectados=10 enviado=True
2026-08-19 22:44:12,196 httpx INFO HTTP Request: POST http://localhost:8000/api/v1/eventos/ingest "HTTP/1.1 201 Created"
2026-08-19 22:44:12,197 vision INFO frame=690 detectados=9 enviado=True
2026-08-19 22:44:13,888 httpx INFO HTTP Request: POST http://localhost:8000/api/v1/eventos/ingest "HTTP/1.1 201 Created"
2026-08-19 22:44:13,890 vision INFO frame=720 detectados=10 enviado=True
2026-08-19 22:44:14,813 httpx INFO HTTP Request: POST http://localhost:8000/api/v1/eventos/ingest "HTTP/1.1 201 Created"
2026-08-19 22:44:14,814 vision INFO frame=750 detectados=11 enviado=True
2026-08-19 22:44:15,440 httpx INFO HTTP Request: POST http://localhost:8000/api/v1/eventos/ingest "HTTP/1.1 201 Created"
2026-08-19 22:44:15,442 vision INFO frame=780 detectados=10 enviado=True
2026-08-19 22:44:15,959 httpx INFO HTTP Request: POST http://localhost:8000/api/v1/eventos/ingest "HTTP/1.1 201 Created"
2026-08-19 22:44:15,959 vision INFO frame=810 detectados=16 enviado=True
2026-08-19 22:44:16,688 httpx INFO HTTP Request: POST http://localhost:8000/api/v1/eventos/ingest "HTTP/1.1 201 Created"
2026-08-19 22:44:16,690 vision INFO frame=840 detectados=12 enviado=True
2026-08-19 22:44:17,608 httpx INFO HTTP Request: POST http://localhost:8000/api/v1/eventos/ingest "HTTP/1.1 201 Created"
2026-08-19 22:44:17,610 vision INFO frame=870 detectados=5 enviado=True
2026-08-19 22:44:18,311 httpx INFO HTTP Request: POST http://localhost:8000/api/v1/eventos/ingest "HTTP/1.1 201 Created"
2026-08-19 22:44:18,312 vision INFO frame=900 detectados=10 enviado=True
2026-08-19 22:44:18,926 httpx INFO HTTP Request: POST http://localhost:8000/api/v1/eventos/ingest "HTTP/1.1 201 Created"
2026-08-19 22:44:18,927 vision INFO frame=930 detectados=14 enviado=True
2026-08-19 22:44:19,461 httpx INFO HTTP Request: POST http://localhost:8000/api/v1/eventos/ingest "HTTP/1.1 201 Created"
2026-08-19 22:44:19,462 vision INFO frame=960 detectados=11 enviado=True
2026-08-19 22:44:19,997 httpx INFO HTTP Request: POST http://localhost:8000/api/v1/eventos/ingest "HTTP/1.1 201 Created"
2026-08-19 22:44:19,997 vision INFO frame=990 detectados=7 enviado=True
2026-08-19 22:44:20,637 httpx INFO HTTP Request: POST http://localhost:8000/api/v1/eventos/ingest "HTTP/1.1 201 Created"
2026-08-19 22:44:20,638 vision INFO frame=1020 detectados=7 enviado=True
2026-08-19 22:44:21,529 httpx INFO HTTP Request: POST http://localhost:8000/api/v1/eventos/ingest "HTTP/1.1 201 Created"
2026-08-19 22:44:21,531 vision INFO frame=1050 detectados=9 enviado=True
2026-08-19 22:44:22,543 httpx INFO HTTP Request: POST http://localhost:8000/api/v1/eventos/ingest "HTTP/1.1 201 Created"
2026-08-19 22:44:22,544 vision INFO frame=1080 detectados=12 enviado=True
2026-08-19 22:44:23,452 httpx INFO HTTP Request: POST http://localhost:8000/api/v1/eventos/ingest "HTTP/1.1 201 Created"
2026-08-19 22:44:23,454 vision INFO frame=1110 detectados=8 enviado=True
2026-08-19 22:44:24,541 httpx INFO HTTP Request: POST http://localhost:8000/api/v1/eventos/ingest "HTTP/1.1 201 Created"
2026-08-19 22:44:24,543 vision INFO frame=1140 detectados=6 enviado=True
2026-08-19 22:44:25,919 httpx INFO HTTP Request: POST http://localhost:8000/api/v1/eventos/ingest "HTTP/1.1 201 Created"
2026-08-19 22:44:25,920 vision INFO frame=1170 detectados=4 enviado=True
2026-08-19 22:44:26,032 vision INFO Bucle finalizado, reiniciando la fuente…
2026-08-19 22:44:28,150 httpx INFO HTTP Request: POST http://localhost:8000/api/v1/eventos/ingest "HTTP/1.1 201 Created"
2026-08-19 22:44:28,152 vision INFO frame=30 detectados=10 enviado=True
2026-08-19 22:44:28,933 httpx INFO HTTP Request: POST http://localhost:8000/api/v1/eventos/ingest "HTTP/1.1 201 Created"
2026-08-19 22:44:28,934 vision INFO frame=60 detectados=6 enviado=True
2026-08-19 22:44:30,181 httpx INFO HTTP Request: POST http://localhost:8000/api/v1/eventos/ingest "HTTP/1.1 201 Created"
2026-08-19 22:44:30,182 vision INFO frame=90 detectados=8 enviado=True
2026-08-19 22:44:31,326 httpx INFO HTTP Request: POST http://localhost:8000/api/v1/eventos/ingest "HTTP/1.1 201 Created"
2026-08-19 22:44:31,328 vision INFO frame=120 detectados=10 enviado=True
2026-08-19 22:44:32,462 httpx INFO HTTP Request: POST http://localhost:8000/api/v1/eventos/ingest "HTTP/1.1 201 Created"
2026-08-19 22:44:32,463 vision INFO frame=150 detectados=7 enviado=True
2026-08-19 22:44:33,568 httpx INFO HTTP Request: POST http://localhost:8000/api/v1/eventos/ingest "HTTP/1.1 201 Created"
2026-08-19 22:44:33,569 vision INFO frame=180 detectados=9 enviado=True
2026-08-19 22:44:34,653 httpx INFO HTTP Request: POST http://localhost:8000/api/v1/eventos/ingest "HTTP/1.1 201 Created"
2026-08-19 22:44:34,654 vision INFO frame=210 detectados=10 enviado=True
2026-08-19 22:44:35,643 httpx INFO HTTP Request: POST http://localhost:8000/api/v1/eventos/ingest "HTTP/1.1 201 Created"
2026-08-19 22:44:35,644 vision INFO frame=240 detectados=8 enviado=True
2026-08-19 22:44:36,774 httpx INFO HTTP Request: POST http://localhost:8000/api/v1/eventos/ingest "HTTP/1.1 201 Created"
2026-08-19 22:44:36,775 vision INFO frame=270 detectados=9 enviado=True
2026-08-19 22:44:37,656 httpx INFO HTTP Request: POST http://localhost:8000/api/v1/eventos/ingest "HTTP/1.1 201 Created"
2026-08-19 22:44:37,657 vision INFO frame=300 detectados=10 enviado=True
2026-08-19 22:44:38,390 httpx INFO HTTP Request: POST http://localhost:8000/api/v1/eventos/ingest "HTTP/1.1 201 Created"
2026-08-19 22:44:38,392 vision INFO frame=330 detectados=8 enviado=True
2026-08-19 22:44:39,241 httpx INFO HTTP Request: POST http://localhost:8000/api/v1/eventos/ingest "HTTP/1.1 201 Created"
2026-08-19 22:44:39,243 vision INFO frame=360 detectados=9 enviado=True
2026-08-19 22:44:40,200 httpx INFO HTTP Request: POST http://localhost:8000/api/v1/eventos/ingest "HTTP/1.1 201 Created"
2026-08-19 22:44:40,201 vision INFO frame=390 detectados=10 enviado=True
2026-08-19 22:44:40,904 httpx INFO HTTP Request: POST http://localhost:8000/api/v1/eventos/ingest "HTTP/1.1 201 Created"
2026-08-19 22:44:40,905 vision INFO frame=420 detectados=11 enviado=True
2026-08-19 22:44:41,960 httpx INFO HTTP Request: POST http://localhost:8000/api/v1/eventos/ingest "HTTP/1.1 201 Created"
2026-08-19 22:44:41,962 vision INFO frame=450 detectados=11 enviado=True
2026-08-19 22:44:43,050 httpx INFO HTTP Request: POST http://localhost:8000/api/v1/eventos/ingest "HTTP/1.1 201 Created"
2026-08-19 22:44:43,051 vision INFO frame=480 detectados=14 enviado=True
2026-08-19 22:44:43,828 httpx INFO HTTP Request: POST http://localhost:8000/api/v1/eventos/ingest "HTTP/1.1 201 Created"
2026-08-19 22:44:43,830 vision INFO frame=510 detectados=14 enviado=True
2026-08-19 22:44:49,106 httpx INFO HTTP Request: POST http://localhost:8000/api/v1/eventos/ingest "HTTP/1.1 201 Created"
2026-08-19 22:44:49,107 vision INFO frame=540 detectados=13 enviado=True
2026-08-19 22:44:49,878 httpx INFO HTTP Request: POST http://localhost:8000/api/v1/eventos/ingest "HTTP/1.1 201 Created"
2026-08-19 22:44:49,879 vision INFO frame=570 detectados=11 enviado=True
2026-08-19 22:44:50,709 httpx INFO HTTP Request: POST http://localhost:8000/api/v1/eventos/ingest "HTTP/1.1 201 Created"
2026-08-19 22:44:50,712 vision INFO frame=600 detectados=15 enviado=True
2026-08-19 22:44:51,982 httpx INFO HTTP Request: POST http://localhost:8000/api/v1/eventos/ingest "HTTP/1.1 201 Created"
2026-08-19 22:44:51,983 vision INFO frame=630 detectados=12 enviado=True
2026-08-19 22:44:52,820 httpx INFO HTTP Request: POST http://localhost:8000/api/v1/eventos/ingest "HTTP/1.1 201 Created"
2026-08-19 22:44:52,821 vision INFO frame=660 detectados=10 enviado=True
2026-08-19 22:44:53,542 httpx INFO HTTP Request: POST http://localhost:8000/api/v1/eventos/ingest "HTTP/1.1 201 Created"
2026-08-19 22:44:53,543 vision INFO frame=690 detectados=9 enviado=True
2026-08-19 22:44:54,566 src.backend_client ERROR Fallo al enviar evento frame 720
Traceback (most recent call last):
  File "/home/raftlee/Documentos/Workspace/prototipo-vigia/vision/.venv/lib/python3.12/site-packages/httpx/_transports/default.py", line 101, in map_httpcore_exceptions
    yield
  File "/home/raftlee/Documentos/Workspace/prototipo-vigia/vision/.venv/lib/python3.12/site-packages/httpx/_transports/default.py", line 394, in handle_async_request
    resp = await self._pool.handle_async_request(req)
           ^^^^^^^^^^^^^^^^^^^^^^^^^^^^^^^^^^^^^^^^^^
  File "/home/raftlee/Documentos/Workspace/prototipo-vigia/vision/.venv/lib/python3.12/site-packages/httpcore/_async/connection_pool.py", line 256, in handle_async_request
    raise exc from None
  File "/home/raftlee/Documentos/Workspace/prototipo-vigia/vision/.venv/lib/python3.12/site-packages/httpcore/_async/connection_pool.py", line 236, in handle_async_request
    response = await connection.handle_async_request(
               ^^^^^^^^^^^^^^^^^^^^^^^^^^^^^^^^^^^^^^
  File "/home/raftlee/Documentos/Workspace/prototipo-vigia/vision/.venv/lib/python3.12/site-packages/httpcore/_async/connection.py", line 101, in handle_async_request
    raise exc
  File "/home/raftlee/Documentos/Workspace/prototipo-vigia/vision/.venv/lib/python3.12/site-packages/httpcore/_async/connection.py", line 78, in handle_async_request
    stream = await self._connect(request)
             ^^^^^^^^^^^^^^^^^^^^^^^^^^^^
  File "/home/raftlee/Documentos/Workspace/prototipo-vigia/vision/.venv/lib/python3.12/site-packages/httpcore/_async/connection.py", line 124, in _connect
    stream = await self._network_backend.connect_tcp(**kwargs)
             ^^^^^^^^^^^^^^^^^^^^^^^^^^^^^^^^^^^^^^^^^^^^^^^^^
  File "/home/raftlee/Documentos/Workspace/prototipo-vigia/vision/.venv/lib/python3.12/site-packages/httpcore/_backends/auto.py", line 31, in connect_tcp
    return await self._backend.connect_tcp(
           ^^^^^^^^^^^^^^^^^^^^^^^^^^^^^^^^
  File "/home/raftlee/Documentos/Workspace/prototipo-vigia/vision/.venv/lib/python3.12/site-packages/httpcore/_backends/anyio.py", line 113, in connect_tcp
    with map_exceptions(exc_map):
  File "/usr/lib/python3.12/contextlib.py", line 158, in __exit__
    self.gen.throw(value)
  File "/home/raftlee/Documentos/Workspace/prototipo-vigia/vision/.venv/lib/python3.12/site-packages/httpcore/_exceptions.py", line 14, in map_exceptions
    raise to_exc(exc) from exc
httpcore.ConnectError: All connection attempts failed

The above exception was the direct cause of the following exception:

Traceback (most recent call last):
  File "/home/raftlee/Documentos/Workspace/prototipo-vigia/vision/src/backend_client.py", line 19, in enviar
    resp = await client.post(self.url, json=evento)
           ^^^^^^^^^^^^^^^^^^^^^^^^^^^^^^^^^^^^^^^^
  File "/home/raftlee/Documentos/Workspace/prototipo-vigia/vision/.venv/lib/python3.12/site-packages/httpx/_client.py", line 1859, in post
    return await self.request(
           ^^^^^^^^^^^^^^^^^^^
  File "/home/raftlee/Documentos/Workspace/prototipo-vigia/vision/.venv/lib/python3.12/site-packages/httpx/_client.py", line 1540, in request
    return await self.send(request, auth=auth, follow_redirects=follow_redirects)
           ^^^^^^^^^^^^^^^^^^^^^^^^^^^^^^^^^^^^^^^^^^^^^^^^^^^^^^^^^^^^^^^^^^^^^^
  File "/home/raftlee/Documentos/Workspace/prototipo-vigia/vision/.venv/lib/python3.12/site-packages/httpx/_client.py", line 1629, in send
    response = await self._send_handling_auth(
               ^^^^^^^^^^^^^^^^^^^^^^^^^^^^^^^
  File "/home/raftlee/Documentos/Workspace/prototipo-vigia/vision/.venv/lib/python3.12/site-packages/httpx/_client.py", line 1657, in _send_handling_auth
    response = await self._send_handling_redirects(
               ^^^^^^^^^^^^^^^^^^^^^^^^^^^^^^^^^^^^
  File "/home/raftlee/Documentos/Workspace/prototipo-vigia/vision/.venv/lib/python3.12/site-packages/httpx/_client.py", line 1694, in _send_handling_redirects
    response = await self._send_single_request(request)
               ^^^^^^^^^^^^^^^^^^^^^^^^^^^^^^^^^^^^^^^^
  File "/home/raftlee/Documentos/Workspace/prototipo-vigia/vision/.venv/lib/python3.12/site-packages/httpx/_client.py", line 1730, in _send_single_request
    response = await transport.handle_async_request(request)
               ^^^^^^^^^^^^^^^^^^^^^^^^^^^^^^^^^^^^^^^^^^^^^
  File "/home/raftlee/Documentos/Workspace/prototipo-vigia/vision/.venv/lib/python3.12/site-packages/httpx/_transports/default.py", line 393, in handle_async_request
    with map_httpcore_exceptions():
  File "/usr/lib/python3.12/contextlib.py", line 158, in __exit__
    self.gen.throw(value)
  File "/home/raftlee/Documentos/Workspace/prototipo-vigia/vision/.venv/lib/python3.12/site-packages/httpx/_transports/default.py", line 118, in map_httpcore_exceptions
    raise mapped_exc(message) from exc
httpx.ConnectError: All connection attempts failed
2026-08-19 22:44:56,612 src.backend_client ERROR Fallo al enviar evento frame 720
Traceback (most recent call last):
  File "/home/raftlee/Documentos/Workspace/prototipo-vigia/vision/.venv/lib/python3.12/site-packages/httpx/_transports/default.py", line 101, in map_httpcore_exceptions
    yield
  File "/home/raftlee/Documentos/Workspace/prototipo-vigia/vision/.venv/lib/python3.12/site-packages/httpx/_transports/default.py", line 394, in handle_async_request
    resp = await self._pool.handle_async_request(req)
           ^^^^^^^^^^^^^^^^^^^^^^^^^^^^^^^^^^^^^^^^^^
  File "/home/raftlee/Documentos/Workspace/prototipo-vigia/vision/.venv/lib/python3.12/site-packages/httpcore/_async/connection_pool.py", line 256, in handle_async_request
    raise exc from None
  File "/home/raftlee/Documentos/Workspace/prototipo-vigia/vision/.venv/lib/python3.12/site-packages/httpcore/_async/connection_pool.py", line 236, in handle_async_request
    response = await connection.handle_async_request(
               ^^^^^^^^^^^^^^^^^^^^^^^^^^^^^^^^^^^^^^
  File "/home/raftlee/Documentos/Workspace/prototipo-vigia/vision/.venv/lib/python3.12/site-packages/httpcore/_async/connection.py", line 101, in handle_async_request
    raise exc
  File "/home/raftlee/Documentos/Workspace/prototipo-vigia/vision/.venv/lib/python3.12/site-packages/httpcore/_async/connection.py", line 78, in handle_async_request
    stream = await self._connect(request)
             ^^^^^^^^^^^^^^^^^^^^^^^^^^^^
  File "/home/raftlee/Documentos/Workspace/prototipo-vigia/vision/.venv/lib/python3.12/site-packages/httpcore/_async/connection.py", line 124, in _connect
    stream = await self._network_backend.connect_tcp(**kwargs)
             ^^^^^^^^^^^^^^^^^^^^^^^^^^^^^^^^^^^^^^^^^^^^^^^^^
  File "/home/raftlee/Documentos/Workspace/prototipo-vigia/vision/.venv/lib/python3.12/site-packages/httpcore/_backends/auto.py", line 31, in connect_tcp
    return await self._backend.connect_tcp(
           ^^^^^^^^^^^^^^^^^^^^^^^^^^^^^^^^
  File "/home/raftlee/Documentos/Workspace/prototipo-vigia/vision/.venv/lib/python3.12/site-packages/httpcore/_backends/anyio.py", line 113, in connect_tcp
    with map_exceptions(exc_map):
  File "/usr/lib/python3.12/contextlib.py", line 158, in __exit__
    self.gen.throw(value)
  File "/home/raftlee/Documentos/Workspace/prototipo-vigia/vision/.venv/lib/python3.12/site-packages/httpcore/_exceptions.py", line 14, in map_exceptions
    raise to_exc(exc) from exc
httpcore.ConnectError: All connection attempts failed

The above exception was the direct cause of the following exception:

Traceback (most recent call last):
  File "/home/raftlee/Documentos/Workspace/prototipo-vigia/vision/src/backend_client.py", line 19, in enviar
    resp = await client.post(self.url, json=evento)
           ^^^^^^^^^^^^^^^^^^^^^^^^^^^^^^^^^^^^^^^^
  File "/home/raftlee/Documentos/Workspace/prototipo-vigia/vision/.venv/lib/python3.12/site-packages/httpx/_client.py", line 1859, in post
    return await self.request(
           ^^^^^^^^^^^^^^^^^^^
  File "/home/raftlee/Documentos/Workspace/prototipo-vigia/vision/.venv/lib/python3.12/site-packages/httpx/_client.py", line 1540, in request
    return await self.send(request, auth=auth, follow_redirects=follow_redirects)
           ^^^^^^^^^^^^^^^^^^^^^^^^^^^^^^^^^^^^^^^^^^^^^^^^^^^^^^^^^^^^^^^^^^^^^^
  File "/home/raftlee/Documentos/Workspace/prototipo-vigia/vision/.venv/lib/python3.12/site-packages/httpx/_client.py", line 1629, in send
    response = await self._send_handling_auth(
               ^^^^^^^^^^^^^^^^^^^^^^^^^^^^^^^
  File "/home/raftlee/Documentos/Workspace/prototipo-vigia/vision/.venv/lib/python3.12/site-packages/httpx/_client.py", line 1657, in _send_handling_auth
    response = await self._send_handling_redirects(
               ^^^^^^^^^^^^^^^^^^^^^^^^^^^^^^^^^^^^
  File "/home/raftlee/Documentos/Workspace/prototipo-vigia/vision/.venv/lib/python3.12/site-packages/httpx/_client.py", line 1694, in _send_handling_redirects
    response = await self._send_single_request(request)
               ^^^^^^^^^^^^^^^^^^^^^^^^^^^^^^^^^^^^^^^^
  File "/home/raftlee/Documentos/Workspace/prototipo-vigia/vision/.venv/lib/python3.12/site-packages/httpx/_client.py", line 1730, in _send_single_request
    response = await transport.handle_async_request(request)
               ^^^^^^^^^^^^^^^^^^^^^^^^^^^^^^^^^^^^^^^^^^^^^
  File "/home/raftlee/Documentos/Workspace/prototipo-vigia/vision/.venv/lib/python3.12/site-packages/httpx/_transports/default.py", line 393, in handle_async_request
    with map_httpcore_exceptions():
  File "/usr/lib/python3.12/contextlib.py", line 158, in __exit__
    self.gen.throw(value)
  File "/home/raftlee/Documentos/Workspace/prototipo-vigia/vision/.venv/lib/python3.12/site-packages/httpx/_transports/default.py", line 118, in map_httpcore_exceptions
    raise mapped_exc(message) from exc
httpx.ConnectError: All connection attempts failed
2026-08-19 22:45:00,650 src.backend_client ERROR Fallo al enviar evento frame 720
Traceback (most recent call last):
  File "/home/raftlee/Documentos/Workspace/prototipo-vigia/vision/.venv/lib/python3.12/site-packages/httpx/_transports/default.py", line 101, in map_httpcore_exceptions
    yield
  File "/home/raftlee/Documentos/Workspace/prototipo-vigia/vision/.venv/lib/python3.12/site-packages/httpx/_transports/default.py", line 394, in handle_async_request
    resp = await self._pool.handle_async_request(req)
           ^^^^^^^^^^^^^^^^^^^^^^^^^^^^^^^^^^^^^^^^^^
  File "/home/raftlee/Documentos/Workspace/prototipo-vigia/vision/.venv/lib/python3.12/site-packages/httpcore/_async/connection_pool.py", line 256, in handle_async_request
    raise exc from None
  File "/home/raftlee/Documentos/Workspace/prototipo-vigia/vision/.venv/lib/python3.12/site-packages/httpcore/_async/connection_pool.py", line 236, in handle_async_request
    response = await connection.handle_async_request(
               ^^^^^^^^^^^^^^^^^^^^^^^^^^^^^^^^^^^^^^
  File "/home/raftlee/Documentos/Workspace/prototipo-vigia/vision/.venv/lib/python3.12/site-packages/httpcore/_async/connection.py", line 101, in handle_async_request
    raise exc
  File "/home/raftlee/Documentos/Workspace/prototipo-vigia/vision/.venv/lib/python3.12/site-packages/httpcore/_async/connection.py", line 78, in handle_async_request
    stream = await self._connect(request)
             ^^^^^^^^^^^^^^^^^^^^^^^^^^^^
  File "/home/raftlee/Documentos/Workspace/prototipo-vigia/vision/.venv/lib/python3.12/site-packages/httpcore/_async/connection.py", line 124, in _connect
    stream = await self._network_backend.connect_tcp(**kwargs)
             ^^^^^^^^^^^^^^^^^^^^^^^^^^^^^^^^^^^^^^^^^^^^^^^^^
  File "/home/raftlee/Documentos/Workspace/prototipo-vigia/vision/.venv/lib/python3.12/site-packages/httpcore/_backends/auto.py", line 31, in connect_tcp
    return await self._backend.connect_tcp(
           ^^^^^^^^^^^^^^^^^^^^^^^^^^^^^^^^
  File "/home/raftlee/Documentos/Workspace/prototipo-vigia/vision/.venv/lib/python3.12/site-packages/httpcore/_backends/anyio.py", line 113, in connect_tcp
    with map_exceptions(exc_map):
  File "/usr/lib/python3.12/contextlib.py", line 158, in __exit__
    self.gen.throw(value)
  File "/home/raftlee/Documentos/Workspace/prototipo-vigia/vision/.venv/lib/python3.12/site-packages/httpcore/_exceptions.py", line 14, in map_exceptions
    raise to_exc(exc) from exc
httpcore.ConnectError: All connection attempts failed

The above exception was the direct cause of the following exception:

Traceback (most recent call last):
  File "/home/raftlee/Documentos/Workspace/prototipo-vigia/vision/src/backend_client.py", line 19, in enviar
    resp = await client.post(self.url, json=evento)
           ^^^^^^^^^^^^^^^^^^^^^^^^^^^^^^^^^^^^^^^^
  File "/home/raftlee/Documentos/Workspace/prototipo-vigia/vision/.venv/lib/python3.12/site-packages/httpx/_client.py", line 1859, in post
    return await self.request(
           ^^^^^^^^^^^^^^^^^^^
  File "/home/raftlee/Documentos/Workspace/prototipo-vigia/vision/.venv/lib/python3.12/site-packages/httpx/_client.py", line 1540, in request
    return await self.send(request, auth=auth, follow_redirects=follow_redirects)
           ^^^^^^^^^^^^^^^^^^^^^^^^^^^^^^^^^^^^^^^^^^^^^^^^^^^^^^^^^^^^^^^^^^^^^^
  File "/home/raftlee/Documentos/Workspace/prototipo-vigia/vision/.venv/lib/python3.12/site-packages/httpx/_client.py", line 1629, in send
    response = await self._send_handling_auth(
               ^^^^^^^^^^^^^^^^^^^^^^^^^^^^^^^
  File "/home/raftlee/Documentos/Workspace/prototipo-vigia/vision/.venv/lib/python3.12/site-packages/httpx/_client.py", line 1657, in _send_handling_auth
    response = await self._send_handling_redirects(
               ^^^^^^^^^^^^^^^^^^^^^^^^^^^^^^^^^^^^
  File "/home/raftlee/Documentos/Workspace/prototipo-vigia/vision/.venv/lib/python3.12/site-packages/httpx/_client.py", line 1694, in _send_handling_redirects
    response = await self._send_single_request(request)
               ^^^^^^^^^^^^^^^^^^^^^^^^^^^^^^^^^^^^^^^^
  File "/home/raftlee/Documentos/Workspace/prototipo-vigia/vision/.venv/lib/python3.12/site-packages/httpx/_client.py", line 1730, in _send_single_request
    response = await transport.handle_async_request(request)
               ^^^^^^^^^^^^^^^^^^^^^^^^^^^^^^^^^^^^^^^^^^^^^
  File "/home/raftlee/Documentos/Workspace/prototipo-vigia/vision/.venv/lib/python3.12/site-packages/httpx/_transports/default.py", line 393, in handle_async_request
    with map_httpcore_exceptions():
  File "/usr/lib/python3.12/contextlib.py", line 158, in __exit__
    self.gen.throw(value)
  File "/home/raftlee/Documentos/Workspace/prototipo-vigia/vision/.venv/lib/python3.12/site-packages/httpx/_transports/default.py", line 118, in map_httpcore_exceptions
    raise mapped_exc(message) from exc
httpx.ConnectError: All connection attempts failed
2026-08-19 22:45:08,656 src.backend_client ERROR Se agotaron los reintentos para el frame 720
2026-08-19 22:45:08,657 vision INFO frame=720 detectados=10 enviado=False
2026-08-19 22:45:09,798 src.backend_client ERROR Fallo al enviar evento frame 750
Traceback (most recent call last):
  File "/home/raftlee/Documentos/Workspace/prototipo-vigia/vision/.venv/lib/python3.12/site-packages/httpx/_transports/default.py", line 101, in map_httpcore_exceptions
    yield
  File "/home/raftlee/Documentos/Workspace/prototipo-vigia/vision/.venv/lib/python3.12/site-packages/httpx/_transports/default.py", line 394, in handle_async_request
    resp = await self._pool.handle_async_request(req)
           ^^^^^^^^^^^^^^^^^^^^^^^^^^^^^^^^^^^^^^^^^^
  File "/home/raftlee/Documentos/Workspace/prototipo-vigia/vision/.venv/lib/python3.12/site-packages/httpcore/_async/connection_pool.py", line 256, in handle_async_request
    raise exc from None
  File "/home/raftlee/Documentos/Workspace/prototipo-vigia/vision/.venv/lib/python3.12/site-packages/httpcore/_async/connection_pool.py", line 236, in handle_async_request
    response = await connection.handle_async_request(
               ^^^^^^^^^^^^^^^^^^^^^^^^^^^^^^^^^^^^^^
  File "/home/raftlee/Documentos/Workspace/prototipo-vigia/vision/.venv/lib/python3.12/site-packages/httpcore/_async/connection.py", line 101, in handle_async_request
    raise exc
  File "/home/raftlee/Documentos/Workspace/prototipo-vigia/vision/.venv/lib/python3.12/site-packages/httpcore/_async/connection.py", line 78, in handle_async_request
    stream = await self._connect(request)
             ^^^^^^^^^^^^^^^^^^^^^^^^^^^^
  File "/home/raftlee/Documentos/Workspace/prototipo-vigia/vision/.venv/lib/python3.12/site-packages/httpcore/_async/connection.py", line 124, in _connect
    stream = await self._network_backend.connect_tcp(**kwargs)
             ^^^^^^^^^^^^^^^^^^^^^^^^^^^^^^^^^^^^^^^^^^^^^^^^^
  File "/home/raftlee/Documentos/Workspace/prototipo-vigia/vision/.venv/lib/python3.12/site-packages/httpcore/_backends/auto.py", line 31, in connect_tcp
    return await self._backend.connect_tcp(
           ^^^^^^^^^^^^^^^^^^^^^^^^^^^^^^^^
  File "/home/raftlee/Documentos/Workspace/prototipo-vigia/vision/.venv/lib/python3.12/site-packages/httpcore/_backends/anyio.py", line 113, in connect_tcp
    with map_exceptions(exc_map):
  File "/usr/lib/python3.12/contextlib.py", line 158, in __exit__
    self.gen.throw(value)
  File "/home/raftlee/Documentos/Workspace/prototipo-vigia/vision/.venv/lib/python3.12/site-packages/httpcore/_exceptions.py", line 14, in map_exceptions
    raise to_exc(exc) from exc
httpcore.ConnectError: All connection attempts failed

The above exception was the direct cause of the following exception:

Traceback (most recent call last):
  File "/home/raftlee/Documentos/Workspace/prototipo-vigia/vision/src/backend_client.py", line 19, in enviar
    resp = await client.post(self.url, json=evento)
           ^^^^^^^^^^^^^^^^^^^^^^^^^^^^^^^^^^^^^^^^
  File "/home/raftlee/Documentos/Workspace/prototipo-vigia/vision/.venv/lib/python3.12/site-packages/httpx/_client.py", line 1859, in post
    return await self.request(
           ^^^^^^^^^^^^^^^^^^^
  File "/home/raftlee/Documentos/Workspace/prototipo-vigia/vision/.venv/lib/python3.12/site-packages/httpx/_client.py", line 1540, in request
    return await self.send(request, auth=auth, follow_redirects=follow_redirects)
           ^^^^^^^^^^^^^^^^^^^^^^^^^^^^^^^^^^^^^^^^^^^^^^^^^^^^^^^^^^^^^^^^^^^^^^
  File "/home/raftlee/Documentos/Workspace/prototipo-vigia/vision/.venv/lib/python3.12/site-packages/httpx/_client.py", line 1629, in send
    response = await self._send_handling_auth(
               ^^^^^^^^^^^^^^^^^^^^^^^^^^^^^^^
  File "/home/raftlee/Documentos/Workspace/prototipo-vigia/vision/.venv/lib/python3.12/site-packages/httpx/_client.py", line 1657, in _send_handling_auth
    response = await self._send_handling_redirects(
               ^^^^^^^^^^^^^^^^^^^^^^^^^^^^^^^^^^^^
  File "/home/raftlee/Documentos/Workspace/prototipo-vigia/vision/.venv/lib/python3.12/site-packages/httpx/_client.py", line 1694, in _send_handling_redirects
    response = await self._send_single_request(request)
               ^^^^^^^^^^^^^^^^^^^^^^^^^^^^^^^^^^^^^^^^
  File "/home/raftlee/Documentos/Workspace/prototipo-vigia/vision/.venv/lib/python3.12/site-packages/httpx/_client.py", line 1730, in _send_single_request
    response = await transport.handle_async_request(request)
               ^^^^^^^^^^^^^^^^^^^^^^^^^^^^^^^^^^^^^^^^^^^^^
  File "/home/raftlee/Documentos/Workspace/prototipo-vigia/vision/.venv/lib/python3.12/site-packages/httpx/_transports/default.py", line 393, in handle_async_request
    with map_httpcore_exceptions():
  File "/usr/lib/python3.12/contextlib.py", line 158, in __exit__
    self.gen.throw(value)
  File "/home/raftlee/Documentos/Workspace/prototipo-vigia/vision/.venv/lib/python3.12/site-packages/httpx/_transports/default.py", line 118, in map_httpcore_exceptions
    raise mapped_exc(message) from exc
httpx.ConnectError: All connection attempts failed
2026-08-19 22:45:11,829 src.backend_client ERROR Fallo al enviar evento frame 750
Traceback (most recent call last):
  File "/home/raftlee/Documentos/Workspace/prototipo-vigia/vision/.venv/lib/python3.12/site-packages/httpx/_transports/default.py", line 101, in map_httpcore_exceptions
    yield
  File "/home/raftlee/Documentos/Workspace/prototipo-vigia/vision/.venv/lib/python3.12/site-packages/httpx/_transports/default.py", line 394, in handle_async_request
    resp = await self._pool.handle_async_request(req)
           ^^^^^^^^^^^^^^^^^^^^^^^^^^^^^^^^^^^^^^^^^^
  File "/home/raftlee/Documentos/Workspace/prototipo-vigia/vision/.venv/lib/python3.12/site-packages/httpcore/_async/connection_pool.py", line 256, in handle_async_request
    raise exc from None
  File "/home/raftlee/Documentos/Workspace/prototipo-vigia/vision/.venv/lib/python3.12/site-packages/httpcore/_async/connection_pool.py", line 236, in handle_async_request
    response = await connection.handle_async_request(
               ^^^^^^^^^^^^^^^^^^^^^^^^^^^^^^^^^^^^^^
  File "/home/raftlee/Documentos/Workspace/prototipo-vigia/vision/.venv/lib/python3.12/site-packages/httpcore/_async/connection.py", line 101, in handle_async_request
    raise exc
  File "/home/raftlee/Documentos/Workspace/prototipo-vigia/vision/.venv/lib/python3.12/site-packages/httpcore/_async/connection.py", line 78, in handle_async_request
    stream = await self._connect(request)
             ^^^^^^^^^^^^^^^^^^^^^^^^^^^^
  File "/home/raftlee/Documentos/Workspace/prototipo-vigia/vision/.venv/lib/python3.12/site-packages/httpcore/_async/connection.py", line 124, in _connect
    stream = await self._network_backend.connect_tcp(**kwargs)
             ^^^^^^^^^^^^^^^^^^^^^^^^^^^^^^^^^^^^^^^^^^^^^^^^^
  File "/home/raftlee/Documentos/Workspace/prototipo-vigia/vision/.venv/lib/python3.12/site-packages/httpcore/_backends/auto.py", line 31, in connect_tcp
    return await self._backend.connect_tcp(
           ^^^^^^^^^^^^^^^^^^^^^^^^^^^^^^^^
  File "/home/raftlee/Documentos/Workspace/prototipo-vigia/vision/.venv/lib/python3.12/site-packages/httpcore/_backends/anyio.py", line 113, in connect_tcp
    with map_exceptions(exc_map):
  File "/usr/lib/python3.12/contextlib.py", line 158, in __exit__
    self.gen.throw(value)
  File "/home/raftlee/Documentos/Workspace/prototipo-vigia/vision/.venv/lib/python3.12/site-packages/httpcore/_exceptions.py", line 14, in map_exceptions
    raise to_exc(exc) from exc
httpcore.ConnectError: All connection attempts failed

The above exception was the direct cause of the following exception:

Traceback (most recent call last):
  File "/home/raftlee/Documentos/Workspace/prototipo-vigia/vision/src/backend_client.py", line 19, in enviar
    resp = await client.post(self.url, json=evento)
           ^^^^^^^^^^^^^^^^^^^^^^^^^^^^^^^^^^^^^^^^
  File "/home/raftlee/Documentos/Workspace/prototipo-vigia/vision/.venv/lib/python3.12/site-packages/httpx/_client.py", line 1859, in post
    return await self.request(
           ^^^^^^^^^^^^^^^^^^^
  File "/home/raftlee/Documentos/Workspace/prototipo-vigia/vision/.venv/lib/python3.12/site-packages/httpx/_client.py", line 1540, in request
    return await self.send(request, auth=auth, follow_redirects=follow_redirects)
           ^^^^^^^^^^^^^^^^^^^^^^^^^^^^^^^^^^^^^^^^^^^^^^^^^^^^^^^^^^^^^^^^^^^^^^
  File "/home/raftlee/Documentos/Workspace/prototipo-vigia/vision/.venv/lib/python3.12/site-packages/httpx/_client.py", line 1629, in send
    response = await self._send_handling_auth(
               ^^^^^^^^^^^^^^^^^^^^^^^^^^^^^^^
  File "/home/raftlee/Documentos/Workspace/prototipo-vigia/vision/.venv/lib/python3.12/site-packages/httpx/_client.py", line 1657, in _send_handling_auth
    response = await self._send_handling_redirects(
               ^^^^^^^^^^^^^^^^^^^^^^^^^^^^^^^^^^^^
  File "/home/raftlee/Documentos/Workspace/prototipo-vigia/vision/.venv/lib/python3.12/site-packages/httpx/_client.py", line 1694, in _send_handling_redirects
    response = await self._send_single_request(request)
               ^^^^^^^^^^^^^^^^^^^^^^^^^^^^^^^^^^^^^^^^
  File "/home/raftlee/Documentos/Workspace/prototipo-vigia/vision/.venv/lib/python3.12/site-packages/httpx/_client.py", line 1730, in _send_single_request
    response = await transport.handle_async_request(request)
               ^^^^^^^^^^^^^^^^^^^^^^^^^^^^^^^^^^^^^^^^^^^^^
  File "/home/raftlee/Documentos/Workspace/prototipo-vigia/vision/.venv/lib/python3.12/site-packages/httpx/_transports/default.py", line 393, in handle_async_request
    with map_httpcore_exceptions():
  File "/usr/lib/python3.12/contextlib.py", line 158, in __exit__
    self.gen.throw(value)
  File "/home/raftlee/Documentos/Workspace/prototipo-vigia/vision/.venv/lib/python3.12/site-packages/httpx/_transports/default.py", line 118, in map_httpcore_exceptions
    raise mapped_exc(message) from exc
httpx.ConnectError: All connection attempts failed
2026-08-19 22:45:15,870 src.backend_client ERROR Fallo al enviar evento frame 750
Traceback (most recent call last):
  File "/home/raftlee/Documentos/Workspace/prototipo-vigia/vision/.venv/lib/python3.12/site-packages/httpx/_transports/default.py", line 101, in map_httpcore_exceptions
    yield
  File "/home/raftlee/Documentos/Workspace/prototipo-vigia/vision/.venv/lib/python3.12/site-packages/httpx/_transports/default.py", line 394, in handle_async_request
    resp = await self._pool.handle_async_request(req)
           ^^^^^^^^^^^^^^^^^^^^^^^^^^^^^^^^^^^^^^^^^^
  File "/home/raftlee/Documentos/Workspace/prototipo-vigia/vision/.venv/lib/python3.12/site-packages/httpcore/_async/connection_pool.py", line 256, in handle_async_request
    raise exc from None
  File "/home/raftlee/Documentos/Workspace/prototipo-vigia/vision/.venv/lib/python3.12/site-packages/httpcore/_async/connection_pool.py", line 236, in handle_async_request
    response = await connection.handle_async_request(
               ^^^^^^^^^^^^^^^^^^^^^^^^^^^^^^^^^^^^^^
  File "/home/raftlee/Documentos/Workspace/prototipo-vigia/vision/.venv/lib/python3.12/site-packages/httpcore/_async/connection.py", line 101, in handle_async_request
    raise exc
  File "/home/raftlee/Documentos/Workspace/prototipo-vigia/vision/.venv/lib/python3.12/site-packages/httpcore/_async/connection.py", line 78, in handle_async_request
    stream = await self._connect(request)
             ^^^^^^^^^^^^^^^^^^^^^^^^^^^^
  File "/home/raftlee/Documentos/Workspace/prototipo-vigia/vision/.venv/lib/python3.12/site-packages/httpcore/_async/connection.py", line 124, in _connect
    stream = await self._network_backend.connect_tcp(**kwargs)
             ^^^^^^^^^^^^^^^^^^^^^^^^^^^^^^^^^^^^^^^^^^^^^^^^^
  File "/home/raftlee/Documentos/Workspace/prototipo-vigia/vision/.venv/lib/python3.12/site-packages/httpcore/_backends/auto.py", line 31, in connect_tcp
    return await self._backend.connect_tcp(
           ^^^^^^^^^^^^^^^^^^^^^^^^^^^^^^^^
  File "/home/raftlee/Documentos/Workspace/prototipo-vigia/vision/.venv/lib/python3.12/site-packages/httpcore/_backends/anyio.py", line 113, in connect_tcp
    with map_exceptions(exc_map):
  File "/usr/lib/python3.12/contextlib.py", line 158, in __exit__
    self.gen.throw(value)
  File "/home/raftlee/Documentos/Workspace/prototipo-vigia/vision/.venv/lib/python3.12/site-packages/httpcore/_exceptions.py", line 14, in map_exceptions
    raise to_exc(exc) from exc
httpcore.ConnectError: All connection attempts failed

The above exception was the direct cause of the following exception:

Traceback (most recent call last):
  File "/home/raftlee/Documentos/Workspace/prototipo-vigia/vision/src/backend_client.py", line 19, in enviar
    resp = await client.post(self.url, json=evento)
           ^^^^^^^^^^^^^^^^^^^^^^^^^^^^^^^^^^^^^^^^
  File "/home/raftlee/Documentos/Workspace/prototipo-vigia/vision/.venv/lib/python3.12/site-packages/httpx/_client.py", line 1859, in post
    return await self.request(
           ^^^^^^^^^^^^^^^^^^^
  File "/home/raftlee/Documentos/Workspace/prototipo-vigia/vision/.venv/lib/python3.12/site-packages/httpx/_client.py", line 1540, in request
    return await self.send(request, auth=auth, follow_redirects=follow_redirects)
           ^^^^^^^^^^^^^^^^^^^^^^^^^^^^^^^^^^^^^^^^^^^^^^^^^^^^^^^^^^^^^^^^^^^^^^
  File "/home/raftlee/Documentos/Workspace/prototipo-vigia/vision/.venv/lib/python3.12/site-packages/httpx/_client.py", line 1629, in send
    response = await self._send_handling_auth(
               ^^^^^^^^^^^^^^^^^^^^^^^^^^^^^^^
  File "/home/raftlee/Documentos/Workspace/prototipo-vigia/vision/.venv/lib/python3.12/site-packages/httpx/_client.py", line 1657, in _send_handling_auth
    response = await self._send_handling_redirects(
               ^^^^^^^^^^^^^^^^^^^^^^^^^^^^^^^^^^^^
  File "/home/raftlee/Documentos/Workspace/prototipo-vigia/vision/.venv/lib/python3.12/site-packages/httpx/_client.py", line 1694, in _send_handling_redirects
    response = await self._send_single_request(request)
               ^^^^^^^^^^^^^^^^^^^^^^^^^^^^^^^^^^^^^^^^
  File "/home/raftlee/Documentos/Workspace/prototipo-vigia/vision/.venv/lib/python3.12/site-packages/httpx/_client.py", line 1730, in _send_single_request
    response = await transport.handle_async_request(request)
               ^^^^^^^^^^^^^^^^^^^^^^^^^^^^^^^^^^^^^^^^^^^^^
  File "/home/raftlee/Documentos/Workspace/prototipo-vigia/vision/.venv/lib/python3.12/site-packages/httpx/_transports/default.py", line 393, in handle_async_request
    with map_httpcore_exceptions():
  File "/usr/lib/python3.12/contextlib.py", line 158, in __exit__
    self.gen.throw(value)
  File "/home/raftlee/Documentos/Workspace/prototipo-vigia/vision/.venv/lib/python3.12/site-packages/httpx/_transports/default.py", line 118, in map_httpcore_exceptions
    raise mapped_exc(message) from exc
httpx.ConnectError: All connection attempts failed
2026-08-19 22:45:23,875 src.backend_client ERROR Se agotaron los reintentos para el frame 750
2026-08-19 22:45:23,876 vision INFO frame=750 detectados=11 enviado=False
2026-08-19 22:45:25,839 src.backend_client ERROR Fallo al enviar evento frame 780
Traceback (most recent call last):
  File "/home/raftlee/Documentos/Workspace/prototipo-vigia/vision/.venv/lib/python3.12/site-packages/httpx/_transports/default.py", line 101, in map_httpcore_exceptions
    yield
  File "/home/raftlee/Documentos/Workspace/prototipo-vigia/vision/.venv/lib/python3.12/site-packages/httpx/_transports/default.py", line 394, in handle_async_request
    resp = await self._pool.handle_async_request(req)
           ^^^^^^^^^^^^^^^^^^^^^^^^^^^^^^^^^^^^^^^^^^
  File "/home/raftlee/Documentos/Workspace/prototipo-vigia/vision/.venv/lib/python3.12/site-packages/httpcore/_async/connection_pool.py", line 256, in handle_async_request
    raise exc from None
  File "/home/raftlee/Documentos/Workspace/prototipo-vigia/vision/.venv/lib/python3.12/site-packages/httpcore/_async/connection_pool.py", line 236, in handle_async_request
    response = await connection.handle_async_request(
               ^^^^^^^^^^^^^^^^^^^^^^^^^^^^^^^^^^^^^^
  File "/home/raftlee/Documentos/Workspace/prototipo-vigia/vision/.venv/lib/python3.12/site-packages/httpcore/_async/connection.py", line 101, in handle_async_request
    raise exc
  File "/home/raftlee/Documentos/Workspace/prototipo-vigia/vision/.venv/lib/python3.12/site-packages/httpcore/_async/connection.py", line 78, in handle_async_request
    stream = await self._connect(request)
             ^^^^^^^^^^^^^^^^^^^^^^^^^^^^
  File "/home/raftlee/Documentos/Workspace/prototipo-vigia/vision/.venv/lib/python3.12/site-packages/httpcore/_async/connection.py", line 124, in _connect
    stream = await self._network_backend.connect_tcp(**kwargs)
             ^^^^^^^^^^^^^^^^^^^^^^^^^^^^^^^^^^^^^^^^^^^^^^^^^
  File "/home/raftlee/Documentos/Workspace/prototipo-vigia/vision/.venv/lib/python3.12/site-packages/httpcore/_backends/auto.py", line 31, in connect_tcp
    return await self._backend.connect_tcp(
           ^^^^^^^^^^^^^^^^^^^^^^^^^^^^^^^^
  File "/home/raftlee/Documentos/Workspace/prototipo-vigia/vision/.venv/lib/python3.12/site-packages/httpcore/_backends/anyio.py", line 113, in connect_tcp
    with map_exceptions(exc_map):
  File "/usr/lib/python3.12/contextlib.py", line 158, in __exit__
    self.gen.throw(value)
  File "/home/raftlee/Documentos/Workspace/prototipo-vigia/vision/.venv/lib/python3.12/site-packages/httpcore/_exceptions.py", line 14, in map_exceptions
    raise to_exc(exc) from exc
httpcore.ConnectError: All connection attempts failed

The above exception was the direct cause of the following exception:

Traceback (most recent call last):
  File "/home/raftlee/Documentos/Workspace/prototipo-vigia/vision/src/backend_client.py", line 19, in enviar
    resp = await client.post(self.url, json=evento)
           ^^^^^^^^^^^^^^^^^^^^^^^^^^^^^^^^^^^^^^^^
  File "/home/raftlee/Documentos/Workspace/prototipo-vigia/vision/.venv/lib/python3.12/site-packages/httpx/_client.py", line 1859, in post
    return await self.request(
           ^^^^^^^^^^^^^^^^^^^
  File "/home/raftlee/Documentos/Workspace/prototipo-vigia/vision/.venv/lib/python3.12/site-packages/httpx/_client.py", line 1540, in request
    return await self.send(request, auth=auth, follow_redirects=follow_redirects)
           ^^^^^^^^^^^^^^^^^^^^^^^^^^^^^^^^^^^^^^^^^^^^^^^^^^^^^^^^^^^^^^^^^^^^^^
  File "/home/raftlee/Documentos/Workspace/prototipo-vigia/vision/.venv/lib/python3.12/site-packages/httpx/_client.py", line 1629, in send
    response = await self._send_handling_auth(
               ^^^^^^^^^^^^^^^^^^^^^^^^^^^^^^^
  File "/home/raftlee/Documentos/Workspace/prototipo-vigia/vision/.venv/lib/python3.12/site-packages/httpx/_client.py", line 1657, in _send_handling_auth
    response = await self._send_handling_redirects(
               ^^^^^^^^^^^^^^^^^^^^^^^^^^^^^^^^^^^^
  File "/home/raftlee/Documentos/Workspace/prototipo-vigia/vision/.venv/lib/python3.12/site-packages/httpx/_client.py", line 1694, in _send_handling_redirects
    response = await self._send_single_request(request)
               ^^^^^^^^^^^^^^^^^^^^^^^^^^^^^^^^^^^^^^^^
  File "/home/raftlee/Documentos/Workspace/prototipo-vigia/vision/.venv/lib/python3.12/site-packages/httpx/_client.py", line 1730, in _send_single_request
    response = await transport.handle_async_request(request)
               ^^^^^^^^^^^^^^^^^^^^^^^^^^^^^^^^^^^^^^^^^^^^^
  File "/home/raftlee/Documentos/Workspace/prototipo-vigia/vision/.venv/lib/python3.12/site-packages/httpx/_transports/default.py", line 393, in handle_async_request
    with map_httpcore_exceptions():
  File "/usr/lib/python3.12/contextlib.py", line 158, in __exit__
    self.gen.throw(value)
  File "/home/raftlee/Documentos/Workspace/prototipo-vigia/vision/.venv/lib/python3.12/site-packages/httpx/_transports/default.py", line 118, in map_httpcore_exceptions
    raise mapped_exc(message) from exc
httpx.ConnectError: All connection attempts failed
2026-08-19 22:45:27,871 src.backend_client ERROR Fallo al enviar evento frame 780
Traceback (most recent call last):
  File "/home/raftlee/Documentos/Workspace/prototipo-vigia/vision/.venv/lib/python3.12/site-packages/httpx/_transports/default.py", line 101, in map_httpcore_exceptions
    yield
  File "/home/raftlee/Documentos/Workspace/prototipo-vigia/vision/.venv/lib/python3.12/site-packages/httpx/_transports/default.py", line 394, in handle_async_request
    resp = await self._pool.handle_async_request(req)
           ^^^^^^^^^^^^^^^^^^^^^^^^^^^^^^^^^^^^^^^^^^
  File "/home/raftlee/Documentos/Workspace/prototipo-vigia/vision/.venv/lib/python3.12/site-packages/httpcore/_async/connection_pool.py", line 256, in handle_async_request
    raise exc from None
  File "/home/raftlee/Documentos/Workspace/prototipo-vigia/vision/.venv/lib/python3.12/site-packages/httpcore/_async/connection_pool.py", line 236, in handle_async_request
    response = await connection.handle_async_request(
               ^^^^^^^^^^^^^^^^^^^^^^^^^^^^^^^^^^^^^^
  File "/home/raftlee/Documentos/Workspace/prototipo-vigia/vision/.venv/lib/python3.12/site-packages/httpcore/_async/connection.py", line 101, in handle_async_request
    raise exc
  File "/home/raftlee/Documentos/Workspace/prototipo-vigia/vision/.venv/lib/python3.12/site-packages/httpcore/_async/connection.py", line 78, in handle_async_request
    stream = await self._connect(request)
             ^^^^^^^^^^^^^^^^^^^^^^^^^^^^
  File "/home/raftlee/Documentos/Workspace/prototipo-vigia/vision/.venv/lib/python3.12/site-packages/httpcore/_async/connection.py", line 124, in _connect
    stream = await self._network_backend.connect_tcp(**kwargs)
             ^^^^^^^^^^^^^^^^^^^^^^^^^^^^^^^^^^^^^^^^^^^^^^^^^
  File "/home/raftlee/Documentos/Workspace/prototipo-vigia/vision/.venv/lib/python3.12/site-packages/httpcore/_backends/auto.py", line 31, in connect_tcp
    return await self._backend.connect_tcp(
           ^^^^^^^^^^^^^^^^^^^^^^^^^^^^^^^^
  File "/home/raftlee/Documentos/Workspace/prototipo-vigia/vision/.venv/lib/python3.12/site-packages/httpcore/_backends/anyio.py", line 113, in connect_tcp
    with map_exceptions(exc_map):
  File "/usr/lib/python3.12/contextlib.py", line 158, in __exit__
    self.gen.throw(value)
  File "/home/raftlee/Documentos/Workspace/prototipo-vigia/vision/.venv/lib/python3.12/site-packages/httpcore/_exceptions.py", line 14, in map_exceptions
    raise to_exc(exc) from exc
httpcore.ConnectError: All connection attempts failed

The above exception was the direct cause of the following exception:

Traceback (most recent call last):
  File "/home/raftlee/Documentos/Workspace/prototipo-vigia/vision/src/backend_client.py", line 19, in enviar
    resp = await client.post(self.url, json=evento)
           ^^^^^^^^^^^^^^^^^^^^^^^^^^^^^^^^^^^^^^^^
  File "/home/raftlee/Documentos/Workspace/prototipo-vigia/vision/.venv/lib/python3.12/site-packages/httpx/_client.py", line 1859, in post
    return await self.request(
           ^^^^^^^^^^^^^^^^^^^
  File "/home/raftlee/Documentos/Workspace/prototipo-vigia/vision/.venv/lib/python3.12/site-packages/httpx/_client.py", line 1540, in request
    return await self.send(request, auth=auth, follow_redirects=follow_redirects)
           ^^^^^^^^^^^^^^^^^^^^^^^^^^^^^^^^^^^^^^^^^^^^^^^^^^^^^^^^^^^^^^^^^^^^^^
  File "/home/raftlee/Documentos/Workspace/prototipo-vigia/vision/.venv/lib/python3.12/site-packages/httpx/_client.py", line 1629, in send
    response = await self._send_handling_auth(
               ^^^^^^^^^^^^^^^^^^^^^^^^^^^^^^^
  File "/home/raftlee/Documentos/Workspace/prototipo-vigia/vision/.venv/lib/python3.12/site-packages/httpx/_client.py", line 1657, in _send_handling_auth
    response = await self._send_handling_redirects(
               ^^^^^^^^^^^^^^^^^^^^^^^^^^^^^^^^^^^^
  File "/home/raftlee/Documentos/Workspace/prototipo-vigia/vision/.venv/lib/python3.12/site-packages/httpx/_client.py", line 1694, in _send_handling_redirects
    response = await self._send_single_request(request)
               ^^^^^^^^^^^^^^^^^^^^^^^^^^^^^^^^^^^^^^^^
  File "/home/raftlee/Documentos/Workspace/prototipo-vigia/vision/.venv/lib/python3.12/site-packages/httpx/_client.py", line 1730, in _send_single_request
    response = await transport.handle_async_request(request)
               ^^^^^^^^^^^^^^^^^^^^^^^^^^^^^^^^^^^^^^^^^^^^^
  File "/home/raftlee/Documentos/Workspace/prototipo-vigia/vision/.venv/lib/python3.12/site-packages/httpx/_transports/default.py", line 393, in handle_async_request
    with map_httpcore_exceptions():
  File "/usr/lib/python3.12/contextlib.py", line 158, in __exit__
    self.gen.throw(value)
  File "/home/raftlee/Documentos/Workspace/prototipo-vigia/vision/.venv/lib/python3.12/site-packages/httpx/_transports/default.py", line 118, in map_httpcore_exceptions
    raise mapped_exc(message) from exc
httpx.ConnectError: All connection attempts failed
2026-08-19 22:45:31,919 src.backend_client ERROR Fallo al enviar evento frame 780
Traceback (most recent call last):
  File "/home/raftlee/Documentos/Workspace/prototipo-vigia/vision/.venv/lib/python3.12/site-packages/httpx/_transports/default.py", line 101, in map_httpcore_exceptions
    yield
  File "/home/raftlee/Documentos/Workspace/prototipo-vigia/vision/.venv/lib/python3.12/site-packages/httpx/_transports/default.py", line 394, in handle_async_request
    resp = await self._pool.handle_async_request(req)
           ^^^^^^^^^^^^^^^^^^^^^^^^^^^^^^^^^^^^^^^^^^
  File "/home/raftlee/Documentos/Workspace/prototipo-vigia/vision/.venv/lib/python3.12/site-packages/httpcore/_async/connection_pool.py", line 256, in handle_async_request
    raise exc from None
  File "/home/raftlee/Documentos/Workspace/prototipo-vigia/vision/.venv/lib/python3.12/site-packages/httpcore/_async/connection_pool.py", line 236, in handle_async_request
    response = await connection.handle_async_request(
               ^^^^^^^^^^^^^^^^^^^^^^^^^^^^^^^^^^^^^^
  File "/home/raftlee/Documentos/Workspace/prototipo-vigia/vision/.venv/lib/python3.12/site-packages/httpcore/_async/connection.py", line 101, in handle_async_request
    raise exc
  File "/home/raftlee/Documentos/Workspace/prototipo-vigia/vision/.venv/lib/python3.12/site-packages/httpcore/_async/connection.py", line 78, in handle_async_request
    stream = await self._connect(request)
             ^^^^^^^^^^^^^^^^^^^^^^^^^^^^
  File "/home/raftlee/Documentos/Workspace/prototipo-vigia/vision/.venv/lib/python3.12/site-packages/httpcore/_async/connection.py", line 124, in _connect
    stream = await self._network_backend.connect_tcp(**kwargs)
             ^^^^^^^^^^^^^^^^^^^^^^^^^^^^^^^^^^^^^^^^^^^^^^^^^
  File "/home/raftlee/Documentos/Workspace/prototipo-vigia/vision/.venv/lib/python3.12/site-packages/httpcore/_backends/auto.py", line 31, in connect_tcp
    return await self._backend.connect_tcp(
           ^^^^^^^^^^^^^^^^^^^^^^^^^^^^^^^^
  File "/home/raftlee/Documentos/Workspace/prototipo-vigia/vision/.venv/lib/python3.12/site-packages/httpcore/_backends/anyio.py", line 113, in connect_tcp
    with map_exceptions(exc_map):
  File "/usr/lib/python3.12/contextlib.py", line 158, in __exit__
    self.gen.throw(value)
  File "/home/raftlee/Documentos/Workspace/prototipo-vigia/vision/.venv/lib/python3.12/site-packages/httpcore/_exceptions.py", line 14, in map_exceptions
    raise to_exc(exc) from exc
httpcore.ConnectError: All connection attempts failed

The above exception was the direct cause of the following exception:

Traceback (most recent call last):
  File "/home/raftlee/Documentos/Workspace/prototipo-vigia/vision/src/backend_client.py", line 19, in enviar
    resp = await client.post(self.url, json=evento)
           ^^^^^^^^^^^^^^^^^^^^^^^^^^^^^^^^^^^^^^^^
  File "/home/raftlee/Documentos/Workspace/prototipo-vigia/vision/.venv/lib/python3.12/site-packages/httpx/_client.py", line 1859, in post
    return await self.request(
           ^^^^^^^^^^^^^^^^^^^
  File "/home/raftlee/Documentos/Workspace/prototipo-vigia/vision/.venv/lib/python3.12/site-packages/httpx/_client.py", line 1540, in request
    return await self.send(request, auth=auth, follow_redirects=follow_redirects)
           ^^^^^^^^^^^^^^^^^^^^^^^^^^^^^^^^^^^^^^^^^^^^^^^^^^^^^^^^^^^^^^^^^^^^^^
  File "/home/raftlee/Documentos/Workspace/prototipo-vigia/vision/.venv/lib/python3.12/site-packages/httpx/_client.py", line 1629, in send
    response = await self._send_handling_auth(
               ^^^^^^^^^^^^^^^^^^^^^^^^^^^^^^^
  File "/home/raftlee/Documentos/Workspace/prototipo-vigia/vision/.venv/lib/python3.12/site-packages/httpx/_client.py", line 1657, in _send_handling_auth
    response = await self._send_handling_redirects(
               ^^^^^^^^^^^^^^^^^^^^^^^^^^^^^^^^^^^^
  File "/home/raftlee/Documentos/Workspace/prototipo-vigia/vision/.venv/lib/python3.12/site-packages/httpx/_client.py", line 1694, in _send_handling_redirects
    response = await self._send_single_request(request)
               ^^^^^^^^^^^^^^^^^^^^^^^^^^^^^^^^^^^^^^^^
  File "/home/raftlee/Documentos/Workspace/prototipo-vigia/vision/.venv/lib/python3.12/site-packages/httpx/_client.py", line 1730, in _send_single_request
    response = await transport.handle_async_request(request)
               ^^^^^^^^^^^^^^^^^^^^^^^^^^^^^^^^^^^^^^^^^^^^^
  File "/home/raftlee/Documentos/Workspace/prototipo-vigia/vision/.venv/lib/python3.12/site-packages/httpx/_transports/default.py", line 393, in handle_async_request
    with map_httpcore_exceptions():
  File "/usr/lib/python3.12/contextlib.py", line 158, in __exit__
    self.gen.throw(value)
  File "/home/raftlee/Documentos/Workspace/prototipo-vigia/vision/.venv/lib/python3.12/site-packages/httpx/_transports/default.py", line 118, in map_httpcore_exceptions
    raise mapped_exc(message) from exc
httpx.ConnectError: All connection attempts failed
2026-08-19 22:45:39,928 src.backend_client ERROR Se agotaron los reintentos para el frame 780
2026-08-19 22:45:39,934 vision INFO frame=780 detectados=10 enviado=False
2026-08-19 22:45:41,774 src.backend_client ERROR Fallo al enviar evento frame 810
Traceback (most recent call last):
  File "/home/raftlee/Documentos/Workspace/prototipo-vigia/vision/.venv/lib/python3.12/site-packages/httpx/_transports/default.py", line 101, in map_httpcore_exceptions
    yield
  File "/home/raftlee/Documentos/Workspace/prototipo-vigia/vision/.venv/lib/python3.12/site-packages/httpx/_transports/default.py", line 394, in handle_async_request
    resp = await self._pool.handle_async_request(req)
           ^^^^^^^^^^^^^^^^^^^^^^^^^^^^^^^^^^^^^^^^^^
  File "/home/raftlee/Documentos/Workspace/prototipo-vigia/vision/.venv/lib/python3.12/site-packages/httpcore/_async/connection_pool.py", line 256, in handle_async_request
    raise exc from None
  File "/home/raftlee/Documentos/Workspace/prototipo-vigia/vision/.venv/lib/python3.12/site-packages/httpcore/_async/connection_pool.py", line 236, in handle_async_request
    response = await connection.handle_async_request(
               ^^^^^^^^^^^^^^^^^^^^^^^^^^^^^^^^^^^^^^
  File "/home/raftlee/Documentos/Workspace/prototipo-vigia/vision/.venv/lib/python3.12/site-packages/httpcore/_async/connection.py", line 101, in handle_async_request
    raise exc
  File "/home/raftlee/Documentos/Workspace/prototipo-vigia/vision/.venv/lib/python3.12/site-packages/httpcore/_async/connection.py", line 78, in handle_async_request
    stream = await self._connect(request)
             ^^^^^^^^^^^^^^^^^^^^^^^^^^^^
  File "/home/raftlee/Documentos/Workspace/prototipo-vigia/vision/.venv/lib/python3.12/site-packages/httpcore/_async/connection.py", line 124, in _connect
    stream = await self._network_backend.connect_tcp(**kwargs)
             ^^^^^^^^^^^^^^^^^^^^^^^^^^^^^^^^^^^^^^^^^^^^^^^^^
  File "/home/raftlee/Documentos/Workspace/prototipo-vigia/vision/.venv/lib/python3.12/site-packages/httpcore/_backends/auto.py", line 31, in connect_tcp
    return await self._backend.connect_tcp(
           ^^^^^^^^^^^^^^^^^^^^^^^^^^^^^^^^
  File "/home/raftlee/Documentos/Workspace/prototipo-vigia/vision/.venv/lib/python3.12/site-packages/httpcore/_backends/anyio.py", line 113, in connect_tcp
    with map_exceptions(exc_map):
  File "/usr/lib/python3.12/contextlib.py", line 158, in __exit__
    self.gen.throw(value)
  File "/home/raftlee/Documentos/Workspace/prototipo-vigia/vision/.venv/lib/python3.12/site-packages/httpcore/_exceptions.py", line 14, in map_exceptions
    raise to_exc(exc) from exc
httpcore.ConnectError: All connection attempts failed

The above exception was the direct cause of the following exception:

Traceback (most recent call last):
  File "/home/raftlee/Documentos/Workspace/prototipo-vigia/vision/src/backend_client.py", line 19, in enviar
    resp = await client.post(self.url, json=evento)
           ^^^^^^^^^^^^^^^^^^^^^^^^^^^^^^^^^^^^^^^^
  File "/home/raftlee/Documentos/Workspace/prototipo-vigia/vision/.venv/lib/python3.12/site-packages/httpx/_client.py", line 1859, in post
    return await self.request(
           ^^^^^^^^^^^^^^^^^^^
  File "/home/raftlee/Documentos/Workspace/prototipo-vigia/vision/.venv/lib/python3.12/site-packages/httpx/_client.py", line 1540, in request
    return await self.send(request, auth=auth, follow_redirects=follow_redirects)
           ^^^^^^^^^^^^^^^^^^^^^^^^^^^^^^^^^^^^^^^^^^^^^^^^^^^^^^^^^^^^^^^^^^^^^^
  File "/home/raftlee/Documentos/Workspace/prototipo-vigia/vision/.venv/lib/python3.12/site-packages/httpx/_client.py", line 1629, in send
    response = await self._send_handling_auth(
               ^^^^^^^^^^^^^^^^^^^^^^^^^^^^^^^
  File "/home/raftlee/Documentos/Workspace/prototipo-vigia/vision/.venv/lib/python3.12/site-packages/httpx/_client.py", line 1657, in _send_handling_auth
    response = await self._send_handling_redirects(
               ^^^^^^^^^^^^^^^^^^^^^^^^^^^^^^^^^^^^
  File "/home/raftlee/Documentos/Workspace/prototipo-vigia/vision/.venv/lib/python3.12/site-packages/httpx/_client.py", line 1694, in _send_handling_redirects
    response = await self._send_single_request(request)
               ^^^^^^^^^^^^^^^^^^^^^^^^^^^^^^^^^^^^^^^^
  File "/home/raftlee/Documentos/Workspace/prototipo-vigia/vision/.venv/lib/python3.12/site-packages/httpx/_client.py", line 1730, in _send_single_request
    response = await transport.handle_async_request(request)
               ^^^^^^^^^^^^^^^^^^^^^^^^^^^^^^^^^^^^^^^^^^^^^
  File "/home/raftlee/Documentos/Workspace/prototipo-vigia/vision/.venv/lib/python3.12/site-packages/httpx/_transports/default.py", line 393, in handle_async_request
    with map_httpcore_exceptions():
  File "/usr/lib/python3.12/contextlib.py", line 158, in __exit__
    self.gen.throw(value)
  File "/home/raftlee/Documentos/Workspace/prototipo-vigia/vision/.venv/lib/python3.12/site-packages/httpx/_transports/default.py", line 118, in map_httpcore_exceptions
    raise mapped_exc(message) from exc
httpx.ConnectError: All connection attempts failed
2026-08-19 22:45:43,820 src.backend_client ERROR Fallo al enviar evento frame 810
Traceback (most recent call last):
  File "/home/raftlee/Documentos/Workspace/prototipo-vigia/vision/.venv/lib/python3.12/site-packages/httpx/_transports/default.py", line 101, in map_httpcore_exceptions
    yield
  File "/home/raftlee/Documentos/Workspace/prototipo-vigia/vision/.venv/lib/python3.12/site-packages/httpx/_transports/default.py", line 394, in handle_async_request
    resp = await self._pool.handle_async_request(req)
           ^^^^^^^^^^^^^^^^^^^^^^^^^^^^^^^^^^^^^^^^^^
  File "/home/raftlee/Documentos/Workspace/prototipo-vigia/vision/.venv/lib/python3.12/site-packages/httpcore/_async/connection_pool.py", line 256, in handle_async_request
    raise exc from None
  File "/home/raftlee/Documentos/Workspace/prototipo-vigia/vision/.venv/lib/python3.12/site-packages/httpcore/_async/connection_pool.py", line 236, in handle_async_request
    response = await connection.handle_async_request(
               ^^^^^^^^^^^^^^^^^^^^^^^^^^^^^^^^^^^^^^
  File "/home/raftlee/Documentos/Workspace/prototipo-vigia/vision/.venv/lib/python3.12/site-packages/httpcore/_async/connection.py", line 101, in handle_async_request
    raise exc
  File "/home/raftlee/Documentos/Workspace/prototipo-vigia/vision/.venv/lib/python3.12/site-packages/httpcore/_async/connection.py", line 78, in handle_async_request
    stream = await self._connect(request)
             ^^^^^^^^^^^^^^^^^^^^^^^^^^^^
  File "/home/raftlee/Documentos/Workspace/prototipo-vigia/vision/.venv/lib/python3.12/site-packages/httpcore/_async/connection.py", line 124, in _connect
    stream = await self._network_backend.connect_tcp(**kwargs)
             ^^^^^^^^^^^^^^^^^^^^^^^^^^^^^^^^^^^^^^^^^^^^^^^^^
  File "/home/raftlee/Documentos/Workspace/prototipo-vigia/vision/.venv/lib/python3.12/site-packages/httpcore/_backends/auto.py", line 31, in connect_tcp
    return await self._backend.connect_tcp(
           ^^^^^^^^^^^^^^^^^^^^^^^^^^^^^^^^
  File "/home/raftlee/Documentos/Workspace/prototipo-vigia/vision/.venv/lib/python3.12/site-packages/httpcore/_backends/anyio.py", line 113, in connect_tcp
    with map_exceptions(exc_map):
  File "/usr/lib/python3.12/contextlib.py", line 158, in __exit__
    self.gen.throw(value)
  File "/home/raftlee/Documentos/Workspace/prototipo-vigia/vision/.venv/lib/python3.12/site-packages/httpcore/_exceptions.py", line 14, in map_exceptions
    raise to_exc(exc) from exc
httpcore.ConnectError: All connection attempts failed

The above exception was the direct cause of the following exception:

Traceback (most recent call last):
  File "/home/raftlee/Documentos/Workspace/prototipo-vigia/vision/src/backend_client.py", line 19, in enviar
    resp = await client.post(self.url, json=evento)
           ^^^^^^^^^^^^^^^^^^^^^^^^^^^^^^^^^^^^^^^^
  File "/home/raftlee/Documentos/Workspace/prototipo-vigia/vision/.venv/lib/python3.12/site-packages/httpx/_client.py", line 1859, in post
    return await self.request(
           ^^^^^^^^^^^^^^^^^^^
  File "/home/raftlee/Documentos/Workspace/prototipo-vigia/vision/.venv/lib/python3.12/site-packages/httpx/_client.py", line 1540, in request
    return await self.send(request, auth=auth, follow_redirects=follow_redirects)
           ^^^^^^^^^^^^^^^^^^^^^^^^^^^^^^^^^^^^^^^^^^^^^^^^^^^^^^^^^^^^^^^^^^^^^^
  File "/home/raftlee/Documentos/Workspace/prototipo-vigia/vision/.venv/lib/python3.12/site-packages/httpx/_client.py", line 1629, in send
    response = await self._send_handling_auth(
               ^^^^^^^^^^^^^^^^^^^^^^^^^^^^^^^
  File "/home/raftlee/Documentos/Workspace/prototipo-vigia/vision/.venv/lib/python3.12/site-packages/httpx/_client.py", line 1657, in _send_handling_auth
    response = await self._send_handling_redirects(
               ^^^^^^^^^^^^^^^^^^^^^^^^^^^^^^^^^^^^
  File "/home/raftlee/Documentos/Workspace/prototipo-vigia/vision/.venv/lib/python3.12/site-packages/httpx/_client.py", line 1694, in _send_handling_redirects
    response = await self._send_single_request(request)
               ^^^^^^^^^^^^^^^^^^^^^^^^^^^^^^^^^^^^^^^^
  File "/home/raftlee/Documentos/Workspace/prototipo-vigia/vision/.venv/lib/python3.12/site-packages/httpx/_client.py", line 1730, in _send_single_request
    response = await transport.handle_async_request(request)
               ^^^^^^^^^^^^^^^^^^^^^^^^^^^^^^^^^^^^^^^^^^^^^
  File "/home/raftlee/Documentos/Workspace/prototipo-vigia/vision/.venv/lib/python3.12/site-packages/httpx/_transports/default.py", line 393, in handle_async_request
    with map_httpcore_exceptions():
  File "/usr/lib/python3.12/contextlib.py", line 158, in __exit__
    self.gen.throw(value)
  File "/home/raftlee/Documentos/Workspace/prototipo-vigia/vision/.venv/lib/python3.12/site-packages/httpx/_transports/default.py", line 118, in map_httpcore_exceptions
    raise mapped_exc(message) from exc
httpx.ConnectError: All connection attempts failed
2026-08-19 22:45:47,880 httpx INFO HTTP Request: POST http://localhost:8000/api/v1/eventos/ingest "HTTP/1.1 201 Created"
2026-08-19 22:45:47,881 vision INFO frame=810 detectados=16 enviado=True
2026-08-19 22:45:48,683 httpx INFO HTTP Request: POST http://localhost:8000/api/v1/eventos/ingest "HTTP/1.1 201 Created"
2026-08-19 22:45:48,684 vision INFO frame=840 detectados=12 enviado=True
2026-08-19 22:45:49,565 httpx INFO HTTP Request: POST http://localhost:8000/api/v1/eventos/ingest "HTTP/1.1 201 Created"
2026-08-19 22:45:49,567 vision INFO frame=870 detectados=5 enviado=True
2026-08-19 22:45:50,630 httpx INFO HTTP Request: POST http://localhost:8000/api/v1/eventos/ingest "HTTP/1.1 201 Created"
2026-08-19 22:45:50,632 vision INFO frame=900 detectados=10 enviado=True
2026-08-19 22:45:51,935 httpx INFO HTTP Request: POST http://localhost:8000/api/v1/eventos/ingest "HTTP/1.1 201 Created"
2026-08-19 22:45:51,936 vision INFO frame=930 detectados=14 enviado=True
2026-08-19 22:45:52,812 httpx INFO HTTP Request: POST http://localhost:8000/api/v1/eventos/ingest "HTTP/1.1 201 Created"
2026-08-19 22:45:52,813 vision INFO frame=960 detectados=11 enviado=True
2026-08-19 22:45:53,575 httpx INFO HTTP Request: POST http://localhost:8000/api/v1/eventos/ingest "HTTP/1.1 201 Created"
2026-08-19 22:45:53,575 vision INFO frame=990 detectados=7 enviado=True
2026-08-19 22:45:54,326 httpx INFO HTTP Request: POST http://localhost:8000/api/v1/eventos/ingest "HTTP/1.1 201 Created"
2026-08-19 22:45:54,326 vision INFO frame=1020 detectados=7 enviado=True
2026-08-19 22:45:55,108 httpx INFO HTTP Request: POST http://localhost:8000/api/v1/eventos/ingest "HTTP/1.1 201 Created"
2026-08-19 22:45:55,109 vision INFO frame=1050 detectados=9 enviado=True
2026-08-19 22:46:00,577 httpx INFO HTTP Request: POST http://localhost:8000/api/v1/eventos/ingest "HTTP/1.1 201 Created"
2026-08-19 22:46:00,578 vision INFO frame=1080 detectados=12 enviado=True
2026-08-19 22:46:01,711 httpx INFO HTTP Request: POST http://localhost:8000/api/v1/eventos/ingest "HTTP/1.1 201 Created"
2026-08-19 22:46:01,712 vision INFO frame=1110 detectados=8 enviado=True
2026-08-19 22:46:02,659 httpx INFO HTTP Request: POST http://localhost:8000/api/v1/eventos/ingest "HTTP/1.1 201 Created"
2026-08-19 22:46:02,660 vision INFO frame=1140 detectados=6 enviado=True
2026-08-19 22:46:03,420 httpx INFO HTTP Request: POST http://localhost:8000/api/v1/eventos/ingest "HTTP/1.1 201 Created"
2026-08-19 22:46:03,422 vision INFO frame=1170 detectados=4 enviado=True
2026-08-19 22:46:03,511 vision INFO Bucle finalizado, reiniciando la fuente…
2026-08-19 22:46:05,907 httpx INFO HTTP Request: POST http://localhost:8000/api/v1/eventos/ingest "HTTP/1.1 201 Created"
2026-08-19 22:46:05,909 vision INFO frame=30 detectados=10 enviado=True
2026-08-19 22:46:07,193 httpx INFO HTTP Request: POST http://localhost:8000/api/v1/eventos/ingest "HTTP/1.1 201 Created"
2026-08-19 22:46:07,194 vision INFO frame=60 detectados=6 enviado=True
2026-08-19 22:46:08,389 httpx INFO HTTP Request: POST http://localhost:8000/api/v1/eventos/ingest "HTTP/1.1 201 Created"
2026-08-19 22:46:08,391 vision INFO frame=90 detectados=8 enviado=True
2026-08-19 22:46:09,039 httpx INFO HTTP Request: POST http://localhost:8000/api/v1/eventos/ingest "HTTP/1.1 201 Created"
2026-08-19 22:46:09,040 vision INFO frame=120 detectados=10 enviado=True
2026-08-19 22:46:09,650 httpx INFO HTTP Request: POST http://localhost:8000/api/v1/eventos/ingest "HTTP/1.1 201 Created"
2026-08-19 22:46:09,651 vision INFO frame=150 detectados=7 enviado=True
2026-08-19 22:46:10,372 httpx INFO HTTP Request: POST http://localhost:8000/api/v1/eventos/ingest "HTTP/1.1 201 Created"
2026-08-19 22:46:10,373 vision INFO frame=180 detectados=9 enviado=True
2026-08-19 22:46:11,127 httpx INFO HTTP Request: POST http://localhost:8000/api/v1/eventos/ingest "HTTP/1.1 201 Created"
2026-08-19 22:46:11,128 vision INFO frame=210 detectados=10 enviado=True
2026-08-19 22:46:11,886 httpx INFO HTTP Request: POST http://localhost:8000/api/v1/eventos/ingest "HTTP/1.1 201 Created"
2026-08-19 22:46:11,887 vision INFO frame=240 detectados=8 enviado=True
2026-08-19 22:46:12,740 httpx INFO HTTP Request: POST http://localhost:8000/api/v1/eventos/ingest "HTTP/1.1 201 Created"
2026-08-19 22:46:12,741 vision INFO frame=270 detectados=9 enviado=True
2026-08-19 22:46:13,533 httpx INFO HTTP Request: POST http://localhost:8000/api/v1/eventos/ingest "HTTP/1.1 201 Created"
2026-08-19 22:46:13,534 vision INFO frame=300 detectados=10 enviado=True
2026-08-19 22:46:14,211 httpx INFO HTTP Request: POST http://localhost:8000/api/v1/eventos/ingest "HTTP/1.1 201 Created"
2026-08-19 22:46:14,213 vision INFO frame=330 detectados=8 enviado=True
2026-08-19 22:46:14,902 httpx INFO HTTP Request: POST http://localhost:8000/api/v1/eventos/ingest "HTTP/1.1 201 Created"
2026-08-19 22:46:14,903 vision INFO frame=360 detectados=9 enviado=True
2026-08-19 22:46:15,577 httpx INFO HTTP Request: POST http://localhost:8000/api/v1/eventos/ingest "HTTP/1.1 201 Created"
2026-08-19 22:46:15,578 vision INFO frame=390 detectados=10 enviado=True
2026-08-19 22:46:16,466 httpx INFO HTTP Request: POST http://localhost:8000/api/v1/eventos/ingest "HTTP/1.1 201 Created"
2026-08-19 22:46:16,467 vision INFO frame=420 detectados=11 enviado=True
2026-08-19 22:46:17,356 httpx INFO HTTP Request: POST http://localhost:8000/api/v1/eventos/ingest "HTTP/1.1 201 Created"
2026-08-19 22:46:17,358 vision INFO frame=450 detectados=11 enviado=True
2026-08-19 22:46:18,326 httpx INFO HTTP Request: POST http://localhost:8000/api/v1/eventos/ingest "HTTP/1.1 201 Created"
2026-08-19 22:46:18,327 vision INFO frame=480 detectados=14 enviado=True
2026-08-19 22:46:19,345 httpx INFO HTTP Request: POST http://localhost:8000/api/v1/eventos/ingest "HTTP/1.1 201 Created"
2026-08-19 22:46:19,346 vision INFO frame=510 detectados=14 enviado=True
2026-08-19 22:46:25,106 httpx INFO HTTP Request: POST http://localhost:8000/api/v1/eventos/ingest "HTTP/1.1 201 Created"
2026-08-19 22:46:25,108 vision INFO frame=540 detectados=13 enviado=True
2026-08-19 22:46:26,063 httpx INFO HTTP Request: POST http://localhost:8000/api/v1/eventos/ingest "HTTP/1.1 201 Created"
2026-08-19 22:46:26,064 vision INFO frame=570 detectados=11 enviado=True
2026-08-19 22:46:27,063 httpx INFO HTTP Request: POST http://localhost:8000/api/v1/eventos/ingest "HTTP/1.1 201 Created"
2026-08-19 22:46:27,064 vision INFO frame=600 detectados=15 enviado=True
2026-08-19 22:46:27,815 httpx INFO HTTP Request: POST http://localhost:8000/api/v1/eventos/ingest "HTTP/1.1 201 Created"
2026-08-19 22:46:27,816 vision INFO frame=630 detectados=12 enviado=True
2026-08-19 22:46:28,551 httpx INFO HTTP Request: POST http://localhost:8000/api/v1/eventos/ingest "HTTP/1.1 201 Created"
2026-08-19 22:46:28,552 vision INFO frame=660 detectados=10 enviado=True
2026-08-19 22:46:29,283 httpx INFO HTTP Request: POST http://localhost:8000/api/v1/eventos/ingest "HTTP/1.1 201 Created"
2026-08-19 22:46:29,284 vision INFO frame=690 detectados=9 enviado=True
2026-08-19 22:46:30,371 httpx INFO HTTP Request: POST http://localhost:8000/api/v1/eventos/ingest "HTTP/1.1 201 Created"
2026-08-19 22:46:30,372 vision INFO frame=720 detectados=10 enviado=True
2026-08-19 22:46:31,472 httpx INFO HTTP Request: POST http://localhost:8000/api/v1/eventos/ingest "HTTP/1.1 201 Created"
2026-08-19 22:46:31,475 vision INFO frame=750 detectados=11 enviado=True
2026-08-19 22:46:33,188 httpx INFO HTTP Request: POST http://localhost:8000/api/v1/eventos/ingest "HTTP/1.1 201 Created"
2026-08-19 22:46:33,189 vision INFO frame=780 detectados=10 enviado=True
2026-08-19 22:46:34,288 httpx INFO HTTP Request: POST http://localhost:8000/api/v1/eventos/ingest "HTTP/1.1 201 Created"
2026-08-19 22:46:34,289 vision INFO frame=810 detectados=16 enviado=True
2026-08-19 22:46:35,147 httpx INFO HTTP Request: POST http://localhost:8000/api/v1/eventos/ingest "HTTP/1.1 201 Created"
2026-08-19 22:46:35,148 vision INFO frame=840 detectados=12 enviado=True
2026-08-19 22:46:35,852 httpx INFO HTTP Request: POST http://localhost:8000/api/v1/eventos/ingest "HTTP/1.1 201 Created"
2026-08-19 22:46:35,853 vision INFO frame=870 detectados=5 enviado=True
2026-08-19 22:46:37,060 httpx INFO HTTP Request: POST http://localhost:8000/api/v1/eventos/ingest "HTTP/1.1 201 Created"
2026-08-19 22:46:37,061 vision INFO frame=900 detectados=10 enviado=True
2026-08-19 22:46:38,089 httpx INFO HTTP Request: POST http://localhost:8000/api/v1/eventos/ingest "HTTP/1.1 201 Created"
2026-08-19 22:46:38,091 vision INFO frame=930 detectados=14 enviado=True
2026-08-19 22:46:39,282 httpx INFO HTTP Request: POST http://localhost:8000/api/v1/eventos/ingest "HTTP/1.1 201 Created"
2026-08-19 22:46:39,283 vision INFO frame=960 detectados=11 enviado=True
2026-08-19 22:46:40,181 httpx INFO HTTP Request: POST http://localhost:8000/api/v1/eventos/ingest "HTTP/1.1 201 Created"
2026-08-19 22:46:40,182 vision INFO frame=990 detectados=7 enviado=True
2026-08-19 22:46:41,000 httpx INFO HTTP Request: POST http://localhost:8000/api/v1/eventos/ingest "HTTP/1.1 201 Created"
2026-08-19 22:46:41,001 vision INFO frame=1020 detectados=7 enviado=True
2026-08-19 22:46:42,106 httpx INFO HTTP Request: POST http://localhost:8000/api/v1/eventos/ingest "HTTP/1.1 201 Created"
2026-08-19 22:46:42,108 vision INFO frame=1050 detectados=9 enviado=True
2026-08-19 22:46:43,076 httpx INFO HTTP Request: POST http://localhost:8000/api/v1/eventos/ingest "HTTP/1.1 201 Created"
2026-08-19 22:46:43,077 vision INFO frame=1080 detectados=12 enviado=True
2026-08-19 22:46:43,768 httpx INFO HTTP Request: POST http://localhost:8000/api/v1/eventos/ingest "HTTP/1.1 201 Created"
2026-08-19 22:46:43,769 vision INFO frame=1110 detectados=8 enviado=True
2026-08-19 22:46:44,500 httpx INFO HTTP Request: POST http://localhost:8000/api/v1/eventos/ingest "HTTP/1.1 201 Created"
2026-08-19 22:46:44,501 vision INFO frame=1140 detectados=6 enviado=True
2026-08-19 22:46:45,302 httpx INFO HTTP Request: POST http://localhost:8000/api/v1/eventos/ingest "HTTP/1.1 201 Created"
2026-08-19 22:46:45,303 vision INFO frame=1170 detectados=4 enviado=True
2026-08-19 22:46:45,385 vision INFO Bucle finalizado, reiniciando la fuente…
2026-08-19 22:46:47,740 httpx INFO HTTP Request: POST http://localhost:8000/api/v1/eventos/ingest "HTTP/1.1 201 Created"
2026-08-19 22:46:47,741 vision INFO frame=30 detectados=10 enviado=True
2026-08-19 22:46:48,882 httpx INFO HTTP Request: POST http://localhost:8000/api/v1/eventos/ingest "HTTP/1.1 201 Created"
2026-08-19 22:46:48,883 vision INFO frame=60 detectados=6 enviado=True
2026-08-19 22:46:49,953 httpx INFO HTTP Request: POST http://localhost:8000/api/v1/eventos/ingest "HTTP/1.1 201 Created"
2026-08-19 22:46:49,954 vision INFO frame=90 detectados=8 enviado=True
2026-08-19 22:46:50,843 httpx INFO HTTP Request: POST http://localhost:8000/api/v1/eventos/ingest "HTTP/1.1 201 Created"
2026-08-19 22:46:50,844 vision INFO frame=120 detectados=10 enviado=True
2026-08-19 22:46:51,928 httpx INFO HTTP Request: POST http://localhost:8000/api/v1/eventos/ingest "HTTP/1.1 201 Created"
2026-08-19 22:46:51,929 vision INFO frame=150 detectados=7 enviado=True
2026-08-19 22:46:53,222 httpx INFO HTTP Request: POST http://localhost:8000/api/v1/eventos/ingest "HTTP/1.1 201 Created"
2026-08-19 22:46:53,224 vision INFO frame=180 detectados=9 enviado=True
2026-08-19 22:46:54,560 httpx INFO HTTP Request: POST http://localhost:8000/api/v1/eventos/ingest "HTTP/1.1 201 Created"
2026-08-19 22:46:54,561 vision INFO frame=210 detectados=10 enviado=True
2026-08-19 22:46:56,699 httpx INFO HTTP Request: POST http://localhost:8000/api/v1/eventos/ingest "HTTP/1.1 201 Created"
2026-08-19 22:46:56,712 vision INFO frame=240 detectados=8 enviado=True
2026-08-19 22:46:58,828 httpx INFO HTTP Request: POST http://localhost:8000/api/v1/eventos/ingest "HTTP/1.1 201 Created"
2026-08-19 22:46:58,845 vision INFO frame=270 detectados=9 enviado=True
2026-08-19 22:47:00,590 httpx INFO HTTP Request: POST http://localhost:8000/api/v1/eventos/ingest "HTTP/1.1 201 Created"
2026-08-19 22:47:00,592 vision INFO frame=300 detectados=10 enviado=True
2026-08-19 22:47:01,843 httpx INFO HTTP Request: POST http://localhost:8000/api/v1/eventos/ingest "HTTP/1.1 201 Created"
2026-08-19 22:47:01,845 vision INFO frame=330 detectados=8 enviado=True
2026-08-19 22:47:05,385 httpx INFO HTTP Request: POST http://localhost:8000/api/v1/eventos/ingest "HTTP/1.1 201 Created"
2026-08-19 22:47:05,391 vision INFO frame=360 detectados=9 enviado=True
2026-08-19 22:47:07,958 httpx INFO HTTP Request: POST http://localhost:8000/api/v1/eventos/ingest "HTTP/1.1 201 Created"
2026-08-19 22:47:07,960 vision INFO frame=390 detectados=10 enviado=True
2026-08-19 22:47:09,176 httpx INFO HTTP Request: POST http://localhost:8000/api/v1/eventos/ingest "HTTP/1.1 201 Created"
2026-08-19 22:47:09,177 vision INFO frame=420 detectados=11 enviado=True
2026-08-19 22:47:10,013 httpx INFO HTTP Request: POST http://localhost:8000/api/v1/eventos/ingest "HTTP/1.1 201 Created"
2026-08-19 22:47:10,015 vision INFO frame=450 detectados=11 enviado=True
2026-08-19 22:47:11,238 httpx INFO HTTP Request: POST http://localhost:8000/api/v1/eventos/ingest "HTTP/1.1 201 Created"
2026-08-19 22:47:11,240 vision INFO frame=480 detectados=14 enviado=True
2026-08-19 22:47:12,253 httpx INFO HTTP Request: POST http://localhost:8000/api/v1/eventos/ingest "HTTP/1.1 201 Created"
2026-08-19 22:47:12,254 vision INFO frame=510 detectados=14 enviado=True
2026-08-19 22:47:18,062 httpx INFO HTTP Request: POST http://localhost:8000/api/v1/eventos/ingest "HTTP/1.1 201 Created"
2026-08-19 22:47:18,064 vision INFO frame=540 detectados=13 enviado=True
2026-08-19 22:47:18,908 httpx INFO HTTP Request: POST http://localhost:8000/api/v1/eventos/ingest "HTTP/1.1 201 Created"
2026-08-19 22:47:18,909 vision INFO frame=570 detectados=11 enviado=True
2026-08-19 22:47:19,688 httpx INFO HTTP Request: POST http://localhost:8000/api/v1/eventos/ingest "HTTP/1.1 201 Created"
2026-08-19 22:47:19,689 vision INFO frame=600 detectados=15 enviado=True
2026-08-19 22:47:20,771 httpx INFO HTTP Request: POST http://localhost:8000/api/v1/eventos/ingest "HTTP/1.1 201 Created"
2026-08-19 22:47:20,772 vision INFO frame=630 detectados=12 enviado=True
2026-08-19 22:47:22,371 httpx INFO HTTP Request: POST http://localhost:8000/api/v1/eventos/ingest "HTTP/1.1 201 Created"
2026-08-19 22:47:22,373 vision INFO frame=660 detectados=10 enviado=True
2026-08-19 22:47:23,387 httpx INFO HTTP Request: POST http://localhost:8000/api/v1/eventos/ingest "HTTP/1.1 201 Created"
2026-08-19 22:47:23,388 vision INFO frame=690 detectados=9 enviado=True
2026-08-19 22:47:24,354 httpx INFO HTTP Request: POST http://localhost:8000/api/v1/eventos/ingest "HTTP/1.1 201 Created"
2026-08-19 22:47:24,355 vision INFO frame=720 detectados=10 enviado=True
2026-08-19 22:47:25,344 httpx INFO HTTP Request: POST http://localhost:8000/api/v1/eventos/ingest "HTTP/1.1 201 Created"
2026-08-19 22:47:25,345 vision INFO frame=750 detectados=11 enviado=True
2026-08-19 22:47:26,178 httpx INFO HTTP Request: POST http://localhost:8000/api/v1/eventos/ingest "HTTP/1.1 201 Created"
2026-08-19 22:47:26,179 vision INFO frame=780 detectados=10 enviado=True
2026-08-19 22:47:27,485 httpx INFO HTTP Request: POST http://localhost:8000/api/v1/eventos/ingest "HTTP/1.1 201 Created"
2026-08-19 22:47:27,487 vision INFO frame=810 detectados=16 enviado=True
2026-08-19 22:47:28,712 httpx INFO HTTP Request: POST http://localhost:8000/api/v1/eventos/ingest "HTTP/1.1 201 Created"
2026-08-19 22:47:28,713 vision INFO frame=840 detectados=12 enviado=True
2026-08-19 22:47:29,669 httpx INFO HTTP Request: POST http://localhost:8000/api/v1/eventos/ingest "HTTP/1.1 201 Created"
2026-08-19 22:47:29,670 vision INFO frame=870 detectados=5 enviado=True
2026-08-19 22:47:30,581 httpx INFO HTTP Request: POST http://localhost:8000/api/v1/eventos/ingest "HTTP/1.1 201 Created"
2026-08-19 22:47:30,582 vision INFO frame=900 detectados=10 enviado=True
2026-08-19 22:47:32,394 httpx INFO HTTP Request: POST http://localhost:8000/api/v1/eventos/ingest "HTTP/1.1 201 Created"
2026-08-19 22:47:32,395 vision INFO frame=930 detectados=14 enviado=True
2026-08-19 22:47:33,628 httpx INFO HTTP Request: POST http://localhost:8000/api/v1/eventos/ingest "HTTP/1.1 201 Created"
2026-08-19 22:47:33,630 vision INFO frame=960 detectados=11 enviado=True
2026-08-19 22:47:34,501 httpx INFO HTTP Request: POST http://localhost:8000/api/v1/eventos/ingest "HTTP/1.1 201 Created"
2026-08-19 22:47:34,502 vision INFO frame=990 detectados=7 enviado=True
2026-08-19 22:47:35,574 httpx INFO HTTP Request: POST http://localhost:8000/api/v1/eventos/ingest "HTTP/1.1 201 Created"
2026-08-19 22:47:35,575 vision INFO frame=1020 detectados=7 enviado=True
2026-08-19 22:47:36,663 httpx INFO HTTP Request: POST http://localhost:8000/api/v1/eventos/ingest "HTTP/1.1 201 Created"
2026-08-19 22:47:36,664 vision INFO frame=1050 detectados=9 enviado=True
2026-08-19 22:47:38,164 httpx INFO HTTP Request: POST http://localhost:8000/api/v1/eventos/ingest "HTTP/1.1 201 Created"
2026-08-19 22:47:38,165 vision INFO frame=1080 detectados=12 enviado=True
2026-08-19 22:47:39,150 httpx INFO HTTP Request: POST http://localhost:8000/api/v1/eventos/ingest "HTTP/1.1 201 Created"
2026-08-19 22:47:39,151 vision INFO frame=1110 detectados=8 enviado=True
2026-08-19 22:47:39,981 httpx INFO HTTP Request: POST http://localhost:8000/api/v1/eventos/ingest "HTTP/1.1 201 Created"
2026-08-19 22:47:39,982 vision INFO frame=1140 detectados=6 enviado=True
2026-08-19 22:47:40,778 httpx INFO HTTP Request: POST http://localhost:8000/api/v1/eventos/ingest "HTTP/1.1 201 Created"
2026-08-19 22:47:40,779 vision INFO frame=1170 detectados=4 enviado=True
2026-08-19 22:47:40,853 vision INFO Bucle finalizado, reiniciando la fuente…
2026-08-19 22:47:43,228 httpx INFO HTTP Request: POST http://localhost:8000/api/v1/eventos/ingest "HTTP/1.1 201 Created"
2026-08-19 22:47:43,230 vision INFO frame=30 detectados=10 enviado=True
2026-08-19 22:47:44,736 httpx INFO HTTP Request: POST http://localhost:8000/api/v1/eventos/ingest "HTTP/1.1 201 Created"
2026-08-19 22:47:44,738 vision INFO frame=60 detectados=6 enviado=True
2026-08-19 22:47:46,187 httpx INFO HTTP Request: POST http://localhost:8000/api/v1/eventos/ingest "HTTP/1.1 201 Created"
2026-08-19 22:47:46,189 vision INFO frame=90 detectados=8 enviado=True
2026-08-19 22:47:48,181 httpx INFO HTTP Request: POST http://localhost:8000/api/v1/eventos/ingest "HTTP/1.1 201 Created"
2026-08-19 22:47:48,187 vision INFO frame=120 detectados=10 enviado=True
2026-08-19 22:47:50,650 httpx INFO HTTP Request: POST http://localhost:8000/api/v1/eventos/ingest "HTTP/1.1 201 Created"
2026-08-19 22:47:50,657 vision INFO frame=150 detectados=7 enviado=True
2026-08-19 22:47:53,317 httpx INFO HTTP Request: POST http://localhost:8000/api/v1/eventos/ingest "HTTP/1.1 201 Created"
2026-08-19 22:47:53,320 vision INFO frame=180 detectados=9 enviado=True
2026-08-19 22:47:55,266 httpx INFO HTTP Request: POST http://localhost:8000/api/v1/eventos/ingest "HTTP/1.1 201 Created"
2026-08-19 22:47:55,267 vision INFO frame=210 detectados=10 enviado=True
2026-08-19 22:47:56,487 httpx INFO HTTP Request: POST http://localhost:8000/api/v1/eventos/ingest "HTTP/1.1 201 Created"
2026-08-19 22:47:56,489 vision INFO frame=240 detectados=8 enviado=True
2026-08-19 22:47:58,101 httpx INFO HTTP Request: POST http://localhost:8000/api/v1/eventos/ingest "HTTP/1.1 201 Created"
2026-08-19 22:47:58,102 vision INFO frame=270 detectados=9 enviado=True
2026-08-19 22:47:59,333 httpx INFO HTTP Request: POST http://localhost:8000/api/v1/eventos/ingest "HTTP/1.1 201 Created"
2026-08-19 22:47:59,334 vision INFO frame=300 detectados=10 enviado=True
2026-08-19 22:48:00,554 httpx INFO HTTP Request: POST http://localhost:8000/api/v1/eventos/ingest "HTTP/1.1 201 Created"
2026-08-19 22:48:00,555 vision INFO frame=330 detectados=8 enviado=True
2026-08-19 22:48:02,143 httpx INFO HTTP Request: POST http://localhost:8000/api/v1/eventos/ingest "HTTP/1.1 201 Created"
2026-08-19 22:48:02,144 vision INFO frame=360 detectados=9 enviado=True
2026-08-19 22:48:04,500 httpx INFO HTTP Request: POST http://localhost:8000/api/v1/eventos/ingest "HTTP/1.1 201 Created"
2026-08-19 22:48:04,502 vision INFO frame=390 detectados=10 enviado=True
2026-08-19 22:48:06,633 httpx INFO HTTP Request: POST http://localhost:8000/api/v1/eventos/ingest "HTTP/1.1 201 Created"
2026-08-19 22:48:06,637 vision INFO frame=420 detectados=11 enviado=True
2026-08-19 22:48:08,159 httpx INFO HTTP Request: POST http://localhost:8000/api/v1/eventos/ingest "HTTP/1.1 201 Created"
2026-08-19 22:48:08,161 vision INFO frame=450 detectados=11 enviado=True
2026-08-19 22:48:09,071 httpx INFO HTTP Request: POST http://localhost:8000/api/v1/eventos/ingest "HTTP/1.1 201 Created"
2026-08-19 22:48:09,073 vision INFO frame=480 detectados=14 enviado=True
2026-08-19 22:48:09,792 httpx INFO HTTP Request: POST http://localhost:8000/api/v1/eventos/ingest "HTTP/1.1 201 Created"
2026-08-19 22:48:09,793 vision INFO frame=510 detectados=14 enviado=True
2026-08-19 22:48:15,340 httpx INFO HTTP Request: POST http://localhost:8000/api/v1/eventos/ingest "HTTP/1.1 201 Created"
2026-08-19 22:48:15,341 vision INFO frame=540 detectados=13 enviado=True
2026-08-19 22:48:17,382 httpx INFO HTTP Request: POST http://localhost:8000/api/v1/eventos/ingest "HTTP/1.1 201 Created"
2026-08-19 22:48:17,387 vision INFO frame=570 detectados=11 enviado=True
2026-08-19 22:48:19,048 httpx INFO HTTP Request: POST http://localhost:8000/api/v1/eventos/ingest "HTTP/1.1 201 Created"
2026-08-19 22:48:19,052 vision INFO frame=600 detectados=15 enviado=True
2026-08-19 22:48:20,437 httpx INFO HTTP Request: POST http://localhost:8000/api/v1/eventos/ingest "HTTP/1.1 201 Created"
2026-08-19 22:48:20,440 vision INFO frame=630 detectados=12 enviado=True
2026-08-19 22:48:22,343 httpx INFO HTTP Request: POST http://localhost:8000/api/v1/eventos/ingest "HTTP/1.1 201 Created"
2026-08-19 22:48:22,345 vision INFO frame=660 detectados=10 enviado=True
2026-08-19 22:48:23,334 httpx INFO HTTP Request: POST http://localhost:8000/api/v1/eventos/ingest "HTTP/1.1 201 Created"
2026-08-19 22:48:23,335 vision INFO frame=690 detectados=9 enviado=True
2026-08-19 22:48:24,029 httpx INFO HTTP Request: POST http://localhost:8000/api/v1/eventos/ingest "HTTP/1.1 201 Created"
2026-08-19 22:48:24,030 vision INFO frame=720 detectados=10 enviado=True
2026-08-19 22:48:24,541 httpx INFO HTTP Request: POST http://localhost:8000/api/v1/eventos/ingest "HTTP/1.1 201 Created"
2026-08-19 22:48:24,543 vision INFO frame=750 detectados=11 enviado=True
2026-08-19 22:48:25,080 httpx INFO HTTP Request: POST http://localhost:8000/api/v1/eventos/ingest "HTTP/1.1 201 Created"
2026-08-19 22:48:25,081 vision INFO frame=780 detectados=10 enviado=True
2026-08-19 22:48:25,604 httpx INFO HTTP Request: POST http://localhost:8000/api/v1/eventos/ingest "HTTP/1.1 201 Created"
2026-08-19 22:48:25,605 vision INFO frame=810 detectados=16 enviado=True
2026-08-19 22:48:26,335 httpx INFO HTTP Request: POST http://localhost:8000/api/v1/eventos/ingest "HTTP/1.1 201 Created"
2026-08-19 22:48:26,336 vision INFO frame=840 detectados=12 enviado=True
2026-08-19 22:48:27,093 httpx INFO HTTP Request: POST http://localhost:8000/api/v1/eventos/ingest "HTTP/1.1 201 Created"
2026-08-19 22:48:27,094 vision INFO frame=870 detectados=5 enviado=True
2026-08-19 22:48:27,726 httpx INFO HTTP Request: POST http://localhost:8000/api/v1/eventos/ingest "HTTP/1.1 201 Created"
2026-08-19 22:48:27,727 vision INFO frame=900 detectados=10 enviado=True
2026-08-19 22:48:28,254 httpx INFO HTTP Request: POST http://localhost:8000/api/v1/eventos/ingest "HTTP/1.1 201 Created"
2026-08-19 22:48:28,255 vision INFO frame=930 detectados=14 enviado=True
2026-08-19 22:48:28,774 httpx INFO HTTP Request: POST http://localhost:8000/api/v1/eventos/ingest "HTTP/1.1 201 Created"
2026-08-19 22:48:28,775 vision INFO frame=960 detectados=11 enviado=True
2026-08-19 22:48:29,301 httpx INFO HTTP Request: POST http://localhost:8000/api/v1/eventos/ingest "HTTP/1.1 201 Created"
2026-08-19 22:48:29,302 vision INFO frame=990 detectados=7 enviado=True
2026-08-19 22:48:29,830 httpx INFO HTTP Request: POST http://localhost:8000/api/v1/eventos/ingest "HTTP/1.1 201 Created"
2026-08-19 22:48:29,831 vision INFO frame=1020 detectados=7 enviado=True
2026-08-19 22:48:30,330 httpx INFO HTTP Request: POST http://localhost:8000/api/v1/eventos/ingest "HTTP/1.1 201 Created"
2026-08-19 22:48:30,332 vision INFO frame=1050 detectados=9 enviado=True
2026-08-19 22:48:30,834 httpx INFO HTTP Request: POST http://localhost:8000/api/v1/eventos/ingest "HTTP/1.1 201 Created"
2026-08-19 22:48:30,836 vision INFO frame=1080 detectados=12 enviado=True
2026-08-19 22:48:31,507 httpx INFO HTTP Request: POST http://localhost:8000/api/v1/eventos/ingest "HTTP/1.1 201 Created"
2026-08-19 22:48:31,508 vision INFO frame=1110 detectados=8 enviado=True
2026-08-19 22:48:32,171 httpx INFO HTTP Request: POST http://localhost:8000/api/v1/eventos/ingest "HTTP/1.1 201 Created"
2026-08-19 22:48:32,172 vision INFO frame=1140 detectados=6 enviado=True
2026-08-19 22:48:32,719 httpx INFO HTTP Request: POST http://localhost:8000/api/v1/eventos/ingest "HTTP/1.1 201 Created"
2026-08-19 22:48:32,720 vision INFO frame=1170 detectados=4 enviado=True
2026-08-19 22:48:32,784 vision INFO Bucle finalizado, reiniciando la fuente…
2026-08-19 22:48:34,377 httpx INFO HTTP Request: POST http://localhost:8000/api/v1/eventos/ingest "HTTP/1.1 201 Created"
2026-08-19 22:48:34,378 vision INFO frame=30 detectados=10 enviado=True
2026-08-19 22:48:34,926 httpx INFO HTTP Request: POST http://localhost:8000/api/v1/eventos/ingest "HTTP/1.1 201 Created"
2026-08-19 22:48:34,927 vision INFO frame=60 detectados=6 enviado=True
2026-08-19 22:48:35,460 httpx INFO HTTP Request: POST http://localhost:8000/api/v1/eventos/ingest "HTTP/1.1 201 Created"
2026-08-19 22:48:35,461 vision INFO frame=90 detectados=8 enviado=True
2026-08-19 22:48:36,198 httpx INFO HTTP Request: POST http://localhost:8000/api/v1/eventos/ingest "HTTP/1.1 201 Created"
2026-08-19 22:48:36,199 vision INFO frame=120 detectados=10 enviado=True
2026-08-19 22:48:36,917 httpx INFO HTTP Request: POST http://localhost:8000/api/v1/eventos/ingest "HTTP/1.1 201 Created"
2026-08-19 22:48:36,918 vision INFO frame=150 detectados=7 enviado=True
2026-08-19 22:48:37,481 httpx INFO HTTP Request: POST http://localhost:8000/api/v1/eventos/ingest "HTTP/1.1 201 Created"
2026-08-19 22:48:37,482 vision INFO frame=180 detectados=9 enviado=True
2026-08-19 22:48:38,055 httpx INFO HTTP Request: POST http://localhost:8000/api/v1/eventos/ingest "HTTP/1.1 201 Created"
2026-08-19 22:48:38,056 vision INFO frame=210 detectados=10 enviado=True
2026-08-19 22:48:38,590 httpx INFO HTTP Request: POST http://localhost:8000/api/v1/eventos/ingest "HTTP/1.1 201 Created"
2026-08-19 22:48:38,591 vision INFO frame=240 detectados=8 enviado=True
2026-08-19 22:48:39,143 httpx INFO HTTP Request: POST http://localhost:8000/api/v1/eventos/ingest "HTTP/1.1 201 Created"
2026-08-19 22:48:39,144 vision INFO frame=270 detectados=9 enviado=True
2026-08-19 22:48:39,665 httpx INFO HTTP Request: POST http://localhost:8000/api/v1/eventos/ingest "HTTP/1.1 201 Created"
2026-08-19 22:48:39,666 vision INFO frame=300 detectados=10 enviado=True
2026-08-19 22:48:40,216 httpx INFO HTTP Request: POST http://localhost:8000/api/v1/eventos/ingest "HTTP/1.1 201 Created"
2026-08-19 22:48:40,217 vision INFO frame=330 detectados=8 enviado=True
2026-08-19 22:48:40,749 httpx INFO HTTP Request: POST http://localhost:8000/api/v1/eventos/ingest "HTTP/1.1 201 Created"
2026-08-19 22:48:40,750 vision INFO frame=360 detectados=9 enviado=True
2026-08-19 22:48:41,511 httpx INFO HTTP Request: POST http://localhost:8000/api/v1/eventos/ingest "HTTP/1.1 201 Created"
2026-08-19 22:48:41,513 vision INFO frame=390 detectados=10 enviado=True
2026-08-19 22:48:42,139 httpx INFO HTTP Request: POST http://localhost:8000/api/v1/eventos/ingest "HTTP/1.1 201 Created"
2026-08-19 22:48:42,140 vision INFO frame=420 detectados=11 enviado=True
2026-08-19 22:48:42,643 httpx INFO HTTP Request: POST http://localhost:8000/api/v1/eventos/ingest "HTTP/1.1 201 Created"
2026-08-19 22:48:42,644 vision INFO frame=450 detectados=11 enviado=True
2026-08-19 22:48:43,180 httpx INFO HTTP Request: POST http://localhost:8000/api/v1/eventos/ingest "HTTP/1.1 201 Created"
2026-08-19 22:48:43,181 vision INFO frame=480 detectados=14 enviado=True
2026-08-19 22:48:43,715 httpx INFO HTTP Request: POST http://localhost:8000/api/v1/eventos/ingest "HTTP/1.1 201 Created"
2026-08-19 22:48:43,716 vision INFO frame=510 detectados=14 enviado=True
2026-08-19 22:48:48,865 httpx INFO HTTP Request: POST http://localhost:8000/api/v1/eventos/ingest "HTTP/1.1 201 Created"
2026-08-19 22:48:48,866 vision INFO frame=540 detectados=13 enviado=True
2026-08-19 22:48:49,663 httpx INFO HTTP Request: POST http://localhost:8000/api/v1/eventos/ingest "HTTP/1.1 201 Created"
2026-08-19 22:48:49,664 vision INFO frame=570 detectados=11 enviado=True
2026-08-19 22:48:50,291 httpx INFO HTTP Request: POST http://localhost:8000/api/v1/eventos/ingest "HTTP/1.1 201 Created"
2026-08-19 22:48:50,292 vision INFO frame=600 detectados=15 enviado=True
2026-08-19 22:48:50,821 httpx INFO HTTP Request: POST http://localhost:8000/api/v1/eventos/ingest "HTTP/1.1 201 Created"
2026-08-19 22:48:50,822 vision INFO frame=630 detectados=12 enviado=True
2026-08-19 22:48:51,667 httpx INFO HTTP Request: POST http://localhost:8000/api/v1/eventos/ingest "HTTP/1.1 201 Created"
2026-08-19 22:48:51,668 vision INFO frame=660 detectados=10 enviado=True
2026-08-19 22:48:52,317 httpx INFO HTTP Request: POST http://localhost:8000/api/v1/eventos/ingest "HTTP/1.1 201 Created"
2026-08-19 22:48:52,318 vision INFO frame=690 detectados=9 enviado=True
2026-08-19 22:48:52,838 httpx INFO HTTP Request: POST http://localhost:8000/api/v1/eventos/ingest "HTTP/1.1 201 Created"
2026-08-19 22:48:52,840 vision INFO frame=720 detectados=10 enviado=True
2026-08-19 22:48:53,374 httpx INFO HTTP Request: POST http://localhost:8000/api/v1/eventos/ingest "HTTP/1.1 201 Created"
2026-08-19 22:48:53,375 vision INFO frame=750 detectados=11 enviado=True
2026-08-19 22:48:53,910 httpx INFO HTTP Request: POST http://localhost:8000/api/v1/eventos/ingest "HTTP/1.1 201 Created"
2026-08-19 22:48:53,911 vision INFO frame=780 detectados=10 enviado=True
2026-08-19 22:48:54,470 httpx INFO HTTP Request: POST http://localhost:8000/api/v1/eventos/ingest "HTTP/1.1 201 Created"
2026-08-19 22:48:54,471 vision INFO frame=810 detectados=16 enviado=True
2026-08-19 22:48:55,017 httpx INFO HTTP Request: POST http://localhost:8000/api/v1/eventos/ingest "HTTP/1.1 201 Created"
2026-08-19 22:48:55,018 vision INFO frame=840 detectados=12 enviado=True
2026-08-19 22:48:55,556 httpx INFO HTTP Request: POST http://localhost:8000/api/v1/eventos/ingest "HTTP/1.1 201 Created"
2026-08-19 22:48:55,557 vision INFO frame=870 detectados=5 enviado=True
2026-08-19 22:48:56,267 httpx INFO HTTP Request: POST http://localhost:8000/api/v1/eventos/ingest "HTTP/1.1 201 Created"
2026-08-19 22:48:56,268 vision INFO frame=900 detectados=10 enviado=True
2026-08-19 22:48:56,917 httpx INFO HTTP Request: POST http://localhost:8000/api/v1/eventos/ingest "HTTP/1.1 201 Created"
2026-08-19 22:48:56,918 vision INFO frame=930 detectados=14 enviado=True
2026-08-19 22:48:57,584 httpx INFO HTTP Request: POST http://localhost:8000/api/v1/eventos/ingest "HTTP/1.1 201 Created"
2026-08-19 22:48:57,585 vision INFO frame=960 detectados=11 enviado=True
2026-08-19 22:48:58,160 httpx INFO HTTP Request: POST http://localhost:8000/api/v1/eventos/ingest "HTTP/1.1 201 Created"
2026-08-19 22:48:58,161 vision INFO frame=990 detectados=7 enviado=True
2026-08-19 22:48:58,722 httpx INFO HTTP Request: POST http://localhost:8000/api/v1/eventos/ingest "HTTP/1.1 201 Created"
2026-08-19 22:48:58,723 vision INFO frame=1020 detectados=7 enviado=True
2026-08-19 22:48:59,402 httpx INFO HTTP Request: POST http://localhost:8000/api/v1/eventos/ingest "HTTP/1.1 201 Created"
2026-08-19 22:48:59,403 vision INFO frame=1050 detectados=9 enviado=True
2026-08-19 22:49:00,088 httpx INFO HTTP Request: POST http://localhost:8000/api/v1/eventos/ingest "HTTP/1.1 201 Created"
2026-08-19 22:49:00,089 vision INFO frame=1080 detectados=12 enviado=True
2026-08-19 22:49:00,675 httpx INFO HTTP Request: POST http://localhost:8000/api/v1/eventos/ingest "HTTP/1.1 201 Created"
2026-08-19 22:49:00,676 vision INFO frame=1110 detectados=8 enviado=True
2026-08-19 22:49:01,585 httpx INFO HTTP Request: POST http://localhost:8000/api/v1/eventos/ingest "HTTP/1.1 201 Created"
2026-08-19 22:49:01,587 vision INFO frame=1140 detectados=6 enviado=True
2026-08-19 22:49:02,495 httpx INFO HTTP Request: POST http://localhost:8000/api/v1/eventos/ingest "HTTP/1.1 201 Created"
2026-08-19 22:49:02,496 vision INFO frame=1170 detectados=4 enviado=True
2026-08-19 22:49:02,576 vision INFO Bucle finalizado, reiniciando la fuente…
2026-08-19 22:49:04,208 httpx INFO HTTP Request: POST http://localhost:8000/api/v1/eventos/ingest "HTTP/1.1 201 Created"
2026-08-19 22:49:04,209 vision INFO frame=30 detectados=10 enviado=True
2026-08-19 22:49:04,840 httpx INFO HTTP Request: POST http://localhost:8000/api/v1/eventos/ingest "HTTP/1.1 201 Created"
2026-08-19 22:49:04,841 vision INFO frame=60 detectados=6 enviado=True
2026-08-19 22:49:05,463 httpx INFO HTTP Request: POST http://localhost:8000/api/v1/eventos/ingest "HTTP/1.1 201 Created"
2026-08-19 22:49:05,464 vision INFO frame=90 detectados=8 enviado=True
2026-08-19 22:49:06,372 httpx INFO HTTP Request: POST http://localhost:8000/api/v1/eventos/ingest "HTTP/1.1 201 Created"
2026-08-19 22:49:06,373 vision INFO frame=120 detectados=10 enviado=True
2026-08-19 22:49:07,161 httpx INFO HTTP Request: POST http://localhost:8000/api/v1/eventos/ingest "HTTP/1.1 201 Created"
2026-08-19 22:49:07,162 vision INFO frame=150 detectados=7 enviado=True
2026-08-19 22:49:07,785 httpx INFO HTTP Request: POST http://localhost:8000/api/v1/eventos/ingest "HTTP/1.1 201 Created"
2026-08-19 22:49:07,785 vision INFO frame=180 detectados=9 enviado=True
2026-08-19 22:49:08,444 httpx INFO HTTP Request: POST http://localhost:8000/api/v1/eventos/ingest "HTTP/1.1 201 Created"
2026-08-19 22:49:08,445 vision INFO frame=210 detectados=10 enviado=True
2026-08-19 22:49:09,288 httpx INFO HTTP Request: POST http://localhost:8000/api/v1/eventos/ingest "HTTP/1.1 201 Created"
2026-08-19 22:49:09,289 vision INFO frame=240 detectados=8 enviado=True
2026-08-19 22:49:10,097 httpx INFO HTTP Request: POST http://localhost:8000/api/v1/eventos/ingest "HTTP/1.1 201 Created"
2026-08-19 22:49:10,098 vision INFO frame=270 detectados=9 enviado=True
2026-08-19 22:49:10,757 httpx INFO HTTP Request: POST http://localhost:8000/api/v1/eventos/ingest "HTTP/1.1 201 Created"
2026-08-19 22:49:10,759 vision INFO frame=300 detectados=10 enviado=True
2026-08-19 22:49:11,739 httpx INFO HTTP Request: POST http://localhost:8000/api/v1/eventos/ingest "HTTP/1.1 201 Created"
2026-08-19 22:49:11,740 vision INFO frame=330 detectados=8 enviado=True
2026-08-19 22:49:12,493 httpx INFO HTTP Request: POST http://localhost:8000/api/v1/eventos/ingest "HTTP/1.1 201 Created"
2026-08-19 22:49:12,494 vision INFO frame=360 detectados=9 enviado=True
2026-08-19 22:49:13,114 httpx INFO HTTP Request: POST http://localhost:8000/api/v1/eventos/ingest "HTTP/1.1 201 Created"
2026-08-19 22:49:13,115 vision INFO frame=390 detectados=10 enviado=True
2026-08-19 22:49:13,747 httpx INFO HTTP Request: POST http://localhost:8000/api/v1/eventos/ingest "HTTP/1.1 201 Created"
2026-08-19 22:49:13,748 vision INFO frame=420 detectados=11 enviado=True
2026-08-19 22:49:14,398 httpx INFO HTTP Request: POST http://localhost:8000/api/v1/eventos/ingest "HTTP/1.1 201 Created"
2026-08-19 22:49:14,399 vision INFO frame=450 detectados=11 enviado=True
2026-08-19 22:49:15,006 httpx INFO HTTP Request: POST http://localhost:8000/api/v1/eventos/ingest "HTTP/1.1 201 Created"
2026-08-19 22:49:15,007 vision INFO frame=480 detectados=14 enviado=True
2026-08-19 22:49:15,592 httpx INFO HTTP Request: POST http://localhost:8000/api/v1/eventos/ingest "HTTP/1.1 201 Created"
2026-08-19 22:49:15,594 vision INFO frame=510 detectados=14 enviado=True
2026-08-19 22:49:21,057 httpx INFO HTTP Request: POST http://localhost:8000/api/v1/eventos/ingest "HTTP/1.1 201 Created"
2026-08-19 22:49:21,060 vision INFO frame=540 detectados=13 enviado=True
2026-08-19 22:49:22,249 httpx INFO HTTP Request: POST http://localhost:8000/api/v1/eventos/ingest "HTTP/1.1 201 Created"
2026-08-19 22:49:22,250 vision INFO frame=570 detectados=11 enviado=True
2026-08-19 22:49:22,900 httpx INFO HTTP Request: POST http://localhost:8000/api/v1/eventos/ingest "HTTP/1.1 201 Created"
2026-08-19 22:49:22,901 vision INFO frame=600 detectados=15 enviado=True
2026-08-19 22:49:23,525 httpx INFO HTTP Request: POST http://localhost:8000/api/v1/eventos/ingest "HTTP/1.1 201 Created"
2026-08-19 22:49:23,526 vision INFO frame=630 detectados=12 enviado=True
2026-08-19 22:49:24,183 httpx INFO HTTP Request: POST http://localhost:8000/api/v1/eventos/ingest "HTTP/1.1 201 Created"
2026-08-19 22:49:24,184 vision INFO frame=660 detectados=10 enviado=True
2026-08-19 22:49:24,847 httpx INFO HTTP Request: POST http://localhost:8000/api/v1/eventos/ingest "HTTP/1.1 201 Created"
2026-08-19 22:49:24,849 vision INFO frame=690 detectados=9 enviado=True
2026-08-19 22:49:25,583 httpx INFO HTTP Request: POST http://localhost:8000/api/v1/eventos/ingest "HTTP/1.1 201 Created"
2026-08-19 22:49:25,583 vision INFO frame=720 detectados=10 enviado=True
2026-08-19 22:49:26,573 httpx INFO HTTP Request: POST http://localhost:8000/api/v1/eventos/ingest "HTTP/1.1 201 Created"
2026-08-19 22:49:26,575 vision INFO frame=750 detectados=11 enviado=True
2026-08-19 22:49:27,397 httpx INFO HTTP Request: POST http://localhost:8000/api/v1/eventos/ingest "HTTP/1.1 201 Created"
2026-08-19 22:49:27,398 vision INFO frame=780 detectados=10 enviado=True
2026-08-19 22:49:28,055 httpx INFO HTTP Request: POST http://localhost:8000/api/v1/eventos/ingest "HTTP/1.1 201 Created"
2026-08-19 22:49:28,057 vision INFO frame=810 detectados=16 enviado=True
2026-08-19 22:49:28,744 httpx INFO HTTP Request: POST http://localhost:8000/api/v1/eventos/ingest "HTTP/1.1 201 Created"
2026-08-19 22:49:28,745 vision INFO frame=840 detectados=12 enviado=True
2026-08-19 22:49:29,417 httpx INFO HTTP Request: POST http://localhost:8000/api/v1/eventos/ingest "HTTP/1.1 201 Created"
2026-08-19 22:49:29,418 vision INFO frame=870 detectados=5 enviado=True
2026-08-19 22:49:30,059 httpx INFO HTTP Request: POST http://localhost:8000/api/v1/eventos/ingest "HTTP/1.1 201 Created"
2026-08-19 22:49:30,060 vision INFO frame=900 detectados=10 enviado=True
2026-08-19 22:49:30,794 httpx INFO HTTP Request: POST http://localhost:8000/api/v1/eventos/ingest "HTTP/1.1 201 Created"
2026-08-19 22:49:30,796 vision INFO frame=930 detectados=14 enviado=True
2026-08-19 22:49:31,874 httpx INFO HTTP Request: POST http://localhost:8000/api/v1/eventos/ingest "HTTP/1.1 201 Created"
2026-08-19 22:49:31,875 vision INFO frame=960 detectados=11 enviado=True
2026-08-19 22:49:32,581 httpx INFO HTTP Request: POST http://localhost:8000/api/v1/eventos/ingest "HTTP/1.1 201 Created"
2026-08-19 22:49:32,582 vision INFO frame=990 detectados=7 enviado=True
2026-08-19 22:49:33,212 httpx INFO HTTP Request: POST http://localhost:8000/api/v1/eventos/ingest "HTTP/1.1 201 Created"
2026-08-19 22:49:33,213 vision INFO frame=1020 detectados=7 enviado=True
2026-08-19 22:49:33,917 httpx INFO HTTP Request: POST http://localhost:8000/api/v1/eventos/ingest "HTTP/1.1 201 Created"
2026-08-19 22:49:33,918 vision INFO frame=1050 detectados=9 enviado=True
2026-08-19 22:49:34,557 httpx INFO HTTP Request: POST http://localhost:8000/api/v1/eventos/ingest "HTTP/1.1 201 Created"
2026-08-19 22:49:34,558 vision INFO frame=1080 detectados=12 enviado=True
2026-08-19 22:49:35,203 httpx INFO HTTP Request: POST http://localhost:8000/api/v1/eventos/ingest "HTTP/1.1 201 Created"
2026-08-19 22:49:35,204 vision INFO frame=1110 detectados=8 enviado=True
2026-08-19 22:49:35,872 httpx INFO HTTP Request: POST http://localhost:8000/api/v1/eventos/ingest "HTTP/1.1 201 Created"
2026-08-19 22:49:35,873 vision INFO frame=1140 detectados=6 enviado=True
2026-08-19 22:49:36,897 httpx INFO HTTP Request: POST http://localhost:8000/api/v1/eventos/ingest "HTTP/1.1 201 Created"
2026-08-19 22:49:36,899 vision INFO frame=1170 detectados=4 enviado=True
2026-08-19 22:49:36,973 vision INFO Bucle finalizado, reiniciando la fuente…
2026-08-19 22:49:38,702 httpx INFO HTTP Request: POST http://localhost:8000/api/v1/eventos/ingest "HTTP/1.1 201 Created"
2026-08-19 22:49:38,703 vision INFO frame=30 detectados=10 enviado=True
2026-08-19 22:49:39,531 httpx INFO HTTP Request: POST http://localhost:8000/api/v1/eventos/ingest "HTTP/1.1 201 Created"
2026-08-19 22:49:39,532 vision INFO frame=60 detectados=6 enviado=True
2026-08-19 22:49:40,298 httpx INFO HTTP Request: POST http://localhost:8000/api/v1/eventos/ingest "HTTP/1.1 201 Created"
2026-08-19 22:49:40,299 vision INFO frame=90 detectados=8 enviado=True
2026-08-19 22:49:40,925 httpx INFO HTTP Request: POST http://localhost:8000/api/v1/eventos/ingest "HTTP/1.1 201 Created"
2026-08-19 22:49:40,926 vision INFO frame=120 detectados=10 enviado=True
2026-08-19 22:49:41,866 httpx INFO HTTP Request: POST http://localhost:8000/api/v1/eventos/ingest "HTTP/1.1 201 Created"
2026-08-19 22:49:41,868 vision INFO frame=150 detectados=7 enviado=True
2026-08-19 22:49:42,534 httpx INFO HTTP Request: POST http://localhost:8000/api/v1/eventos/ingest "HTTP/1.1 201 Created"
2026-08-19 22:49:42,535 vision INFO frame=180 detectados=9 enviado=True
2026-08-19 22:49:43,179 httpx INFO HTTP Request: POST http://localhost:8000/api/v1/eventos/ingest "HTTP/1.1 201 Created"
2026-08-19 22:49:43,180 vision INFO frame=210 detectados=10 enviado=True
2026-08-19 22:49:43,851 httpx INFO HTTP Request: POST http://localhost:8000/api/v1/eventos/ingest "HTTP/1.1 201 Created"
2026-08-19 22:49:43,852 vision INFO frame=240 detectados=8 enviado=True
2026-08-19 22:49:44,449 httpx INFO HTTP Request: POST http://localhost:8000/api/v1/eventos/ingest "HTTP/1.1 201 Created"
2026-08-19 22:49:44,450 vision INFO frame=270 detectados=9 enviado=True
2026-08-19 22:49:45,097 httpx INFO HTTP Request: POST http://localhost:8000/api/v1/eventos/ingest "HTTP/1.1 201 Created"
2026-08-19 22:49:45,099 vision INFO frame=300 detectados=10 enviado=True
2026-08-19 22:49:45,731 httpx INFO HTTP Request: POST http://localhost:8000/api/v1/eventos/ingest "HTTP/1.1 201 Created"
2026-08-19 22:49:45,732 vision INFO frame=330 detectados=8 enviado=True
2026-08-19 22:49:46,658 httpx INFO HTTP Request: POST http://localhost:8000/api/v1/eventos/ingest "HTTP/1.1 201 Created"
2026-08-19 22:49:46,660 vision INFO frame=360 detectados=9 enviado=True
2026-08-19 22:49:47,469 httpx INFO HTTP Request: POST http://localhost:8000/api/v1/eventos/ingest "HTTP/1.1 201 Created"
2026-08-19 22:49:47,470 vision INFO frame=390 detectados=10 enviado=True
2026-08-19 22:49:48,100 httpx INFO HTTP Request: POST http://localhost:8000/api/v1/eventos/ingest "HTTP/1.1 201 Created"
2026-08-19 22:49:48,101 vision INFO frame=420 detectados=11 enviado=True
2026-08-19 22:49:48,734 httpx INFO HTTP Request: POST http://localhost:8000/api/v1/eventos/ingest "HTTP/1.1 201 Created"
2026-08-19 22:49:48,735 vision INFO frame=450 detectados=11 enviado=True
2026-08-19 22:49:49,350 httpx INFO HTTP Request: POST http://localhost:8000/api/v1/eventos/ingest "HTTP/1.1 201 Created"
2026-08-19 22:49:49,351 vision INFO frame=480 detectados=14 enviado=True
2026-08-19 22:49:49,939 httpx INFO HTTP Request: POST http://localhost:8000/api/v1/eventos/ingest "HTTP/1.1 201 Created"
2026-08-19 22:49:49,940 vision INFO frame=510 detectados=14 enviado=True
2026-08-19 22:49:55,175 httpx INFO HTTP Request: POST http://localhost:8000/api/v1/eventos/ingest "HTTP/1.1 201 Created"
2026-08-19 22:49:55,176 vision INFO frame=540 detectados=13 enviado=True
2026-08-19 22:49:56,406 httpx INFO HTTP Request: POST http://localhost:8000/api/v1/eventos/ingest "HTTP/1.1 201 Created"
2026-08-19 22:49:56,407 vision INFO frame=570 detectados=11 enviado=True
2026-08-19 22:49:57,039 httpx INFO HTTP Request: POST http://localhost:8000/api/v1/eventos/ingest "HTTP/1.1 201 Created"
2026-08-19 22:49:57,040 vision INFO frame=600 detectados=15 enviado=True
2026-08-19 22:49:57,658 httpx INFO HTTP Request: POST http://localhost:8000/api/v1/eventos/ingest "HTTP/1.1 201 Created"
2026-08-19 22:49:57,658 vision INFO frame=630 detectados=12 enviado=True
2026-08-19 22:49:58,264 httpx INFO HTTP Request: POST http://localhost:8000/api/v1/eventos/ingest "HTTP/1.1 201 Created"
2026-08-19 22:49:58,265 vision INFO frame=660 detectados=10 enviado=True
2026-08-19 22:49:58,879 httpx INFO HTTP Request: POST http://localhost:8000/api/v1/eventos/ingest "HTTP/1.1 201 Created"
2026-08-19 22:49:58,880 vision INFO frame=690 detectados=9 enviado=True
2026-08-19 22:49:59,541 httpx INFO HTTP Request: POST http://localhost:8000/api/v1/eventos/ingest "HTTP/1.1 201 Created"
2026-08-19 22:49:59,542 vision INFO frame=720 detectados=10 enviado=True
2026-08-19 22:50:00,198 httpx INFO HTTP Request: POST http://localhost:8000/api/v1/eventos/ingest "HTTP/1.1 201 Created"
2026-08-19 22:50:00,199 vision INFO frame=750 detectados=11 enviado=True
2026-08-19 22:50:00,793 httpx INFO HTTP Request: POST http://localhost:8000/api/v1/eventos/ingest "HTTP/1.1 201 Created"
2026-08-19 22:50:00,794 vision INFO frame=780 detectados=10 enviado=True
2026-08-19 22:50:01,746 httpx INFO HTTP Request: POST http://localhost:8000/api/v1/eventos/ingest "HTTP/1.1 201 Created"
2026-08-19 22:50:01,747 vision INFO frame=810 detectados=16 enviado=True
2026-08-19 22:50:02,453 httpx INFO HTTP Request: POST http://localhost:8000/api/v1/eventos/ingest "HTTP/1.1 201 Created"
2026-08-19 22:50:02,454 vision INFO frame=840 detectados=12 enviado=True
2026-08-19 22:50:03,086 httpx INFO HTTP Request: POST http://localhost:8000/api/v1/eventos/ingest "HTTP/1.1 201 Created"
2026-08-19 22:50:03,087 vision INFO frame=870 detectados=5 enviado=True
2026-08-19 22:50:03,714 httpx INFO HTTP Request: POST http://localhost:8000/api/v1/eventos/ingest "HTTP/1.1 201 Created"
2026-08-19 22:50:03,715 vision INFO frame=900 detectados=10 enviado=True
2026-08-19 22:50:04,373 httpx INFO HTTP Request: POST http://localhost:8000/api/v1/eventos/ingest "HTTP/1.1 201 Created"
2026-08-19 22:50:04,375 vision INFO frame=930 detectados=14 enviado=True
2026-08-19 22:50:05,035 httpx INFO HTTP Request: POST http://localhost:8000/api/v1/eventos/ingest "HTTP/1.1 201 Created"
2026-08-19 22:50:05,036 vision INFO frame=960 detectados=11 enviado=True
2026-08-19 22:50:05,855 httpx INFO HTTP Request: POST http://localhost:8000/api/v1/eventos/ingest "HTTP/1.1 201 Created"
2026-08-19 22:50:05,856 vision INFO frame=990 detectados=7 enviado=True
2026-08-19 22:50:06,838 httpx INFO HTTP Request: POST http://localhost:8000/api/v1/eventos/ingest "HTTP/1.1 201 Created"
2026-08-19 22:50:06,839 vision INFO frame=1020 detectados=7 enviado=True
2026-08-19 22:50:07,523 httpx INFO HTTP Request: POST http://localhost:8000/api/v1/eventos/ingest "HTTP/1.1 201 Created"
2026-08-19 22:50:07,524 vision INFO frame=1050 detectados=9 enviado=True
2026-08-19 22:50:08,163 httpx INFO HTTP Request: POST http://localhost:8000/api/v1/eventos/ingest "HTTP/1.1 201 Created"
2026-08-19 22:50:08,165 vision INFO frame=1080 detectados=12 enviado=True
2026-08-19 22:50:08,875 httpx INFO HTTP Request: POST http://localhost:8000/api/v1/eventos/ingest "HTTP/1.1 201 Created"
2026-08-19 22:50:08,876 vision INFO frame=1110 detectados=8 enviado=True
2026-08-19 22:50:09,584 httpx INFO HTTP Request: POST http://localhost:8000/api/v1/eventos/ingest "HTTP/1.1 201 Created"
2026-08-19 22:50:09,585 vision INFO frame=1140 detectados=6 enviado=True
2026-08-19 22:50:10,245 httpx INFO HTTP Request: POST http://localhost:8000/api/v1/eventos/ingest "HTTP/1.1 201 Created"
2026-08-19 22:50:10,246 vision INFO frame=1170 detectados=4 enviado=True
2026-08-19 22:50:10,302 vision INFO Bucle finalizado, reiniciando la fuente…
2026-08-19 22:50:12,093 httpx INFO HTTP Request: POST http://localhost:8000/api/v1/eventos/ingest "HTTP/1.1 201 Created"
2026-08-19 22:50:12,095 vision INFO frame=30 detectados=10 enviado=True
2026-08-19 22:50:12,722 httpx INFO HTTP Request: POST http://localhost:8000/api/v1/eventos/ingest "HTTP/1.1 201 Created"
2026-08-19 22:50:12,723 vision INFO frame=60 detectados=6 enviado=True
2026-08-19 22:50:13,387 httpx INFO HTTP Request: POST http://localhost:8000/api/v1/eventos/ingest "HTTP/1.1 201 Created"
2026-08-19 22:50:13,388 vision INFO frame=90 detectados=8 enviado=True
2026-08-19 22:50:13,989 httpx INFO HTTP Request: POST http://localhost:8000/api/v1/eventos/ingest "HTTP/1.1 201 Created"
2026-08-19 22:50:13,990 vision INFO frame=120 detectados=10 enviado=True
2026-08-19 22:50:14,586 httpx INFO HTTP Request: POST http://localhost:8000/api/v1/eventos/ingest "HTTP/1.1 201 Created"
2026-08-19 22:50:14,587 vision INFO frame=150 detectados=7 enviado=True
2026-08-19 22:50:15,217 httpx INFO HTTP Request: POST http://localhost:8000/api/v1/eventos/ingest "HTTP/1.1 201 Created"
2026-08-19 22:50:15,218 vision INFO frame=180 detectados=9 enviado=True
2026-08-19 22:50:15,883 httpx INFO HTTP Request: POST http://localhost:8000/api/v1/eventos/ingest "HTTP/1.1 201 Created"
2026-08-19 22:50:15,884 vision INFO frame=210 detectados=10 enviado=True
2026-08-19 22:50:16,819 httpx INFO HTTP Request: POST http://localhost:8000/api/v1/eventos/ingest "HTTP/1.1 201 Created"
2026-08-19 22:50:16,821 vision INFO frame=240 detectados=8 enviado=True
2026-08-19 22:50:17,475 httpx INFO HTTP Request: POST http://localhost:8000/api/v1/eventos/ingest "HTTP/1.1 201 Created"
2026-08-19 22:50:17,476 vision INFO frame=270 detectados=9 enviado=True
2026-08-19 22:50:18,095 httpx INFO HTTP Request: POST http://localhost:8000/api/v1/eventos/ingest "HTTP/1.1 201 Created"
2026-08-19 22:50:18,096 vision INFO frame=300 detectados=10 enviado=True
2026-08-19 22:50:18,714 httpx INFO HTTP Request: POST http://localhost:8000/api/v1/eventos/ingest "HTTP/1.1 201 Created"
2026-08-19 22:50:18,715 vision INFO frame=330 detectados=8 enviado=True
2026-08-19 22:50:19,291 httpx INFO HTTP Request: POST http://localhost:8000/api/v1/eventos/ingest "HTTP/1.1 201 Created"
2026-08-19 22:50:19,292 vision INFO frame=360 detectados=9 enviado=True
2026-08-19 22:50:19,939 httpx INFO HTTP Request: POST http://localhost:8000/api/v1/eventos/ingest "HTTP/1.1 201 Created"
2026-08-19 22:50:19,941 vision INFO frame=390 detectados=10 enviado=True
2026-08-19 22:50:20,530 httpx INFO HTTP Request: POST http://localhost:8000/api/v1/eventos/ingest "HTTP/1.1 201 Created"
2026-08-19 22:50:20,531 vision INFO frame=420 detectados=11 enviado=True
2026-08-19 22:50:21,462 httpx INFO HTTP Request: POST http://localhost:8000/api/v1/eventos/ingest "HTTP/1.1 201 Created"
2026-08-19 22:50:21,463 vision INFO frame=450 detectados=11 enviado=True
2026-08-19 22:50:22,205 httpx INFO HTTP Request: POST http://localhost:8000/api/v1/eventos/ingest "HTTP/1.1 201 Created"
2026-08-19 22:50:22,206 vision INFO frame=480 detectados=14 enviado=True
2026-08-19 22:50:22,779 httpx INFO HTTP Request: POST http://localhost:8000/api/v1/eventos/ingest "HTTP/1.1 201 Created"
2026-08-19 22:50:22,780 vision INFO frame=510 detectados=14 enviado=True
2026-08-19 22:50:27,917 httpx INFO HTTP Request: POST http://localhost:8000/api/v1/eventos/ingest "HTTP/1.1 201 Created"
2026-08-19 22:50:27,919 vision INFO frame=540 detectados=13 enviado=True
2026-08-19 22:50:28,617 httpx INFO HTTP Request: POST http://localhost:8000/api/v1/eventos/ingest "HTTP/1.1 201 Created"
2026-08-19 22:50:28,618 vision INFO frame=570 detectados=11 enviado=True
2026-08-19 22:50:29,263 httpx INFO HTTP Request: POST http://localhost:8000/api/v1/eventos/ingest "HTTP/1.1 201 Created"
2026-08-19 22:50:29,265 vision INFO frame=600 detectados=15 enviado=True
2026-08-19 22:50:29,874 httpx INFO HTTP Request: POST http://localhost:8000/api/v1/eventos/ingest "HTTP/1.1 201 Created"
2026-08-19 22:50:29,875 vision INFO frame=630 detectados=12 enviado=True
2026-08-19 22:50:30,516 httpx INFO HTTP Request: POST http://localhost:8000/api/v1/eventos/ingest "HTTP/1.1 201 Created"
2026-08-19 22:50:30,518 vision INFO frame=660 detectados=10 enviado=True
2026-08-19 22:50:31,344 httpx INFO HTTP Request: POST http://localhost:8000/api/v1/eventos/ingest "HTTP/1.1 201 Created"
2026-08-19 22:50:31,345 vision INFO frame=690 detectados=9 enviado=True
2026-08-19 22:50:32,054 httpx INFO HTTP Request: POST http://localhost:8000/api/v1/eventos/ingest "HTTP/1.1 201 Created"
2026-08-19 22:50:32,055 vision INFO frame=720 detectados=10 enviado=True
2026-08-19 22:50:32,671 httpx INFO HTTP Request: POST http://localhost:8000/api/v1/eventos/ingest "HTTP/1.1 201 Created"
2026-08-19 22:50:32,672 vision INFO frame=750 detectados=11 enviado=True
2026-08-19 22:50:33,269 httpx INFO HTTP Request: POST http://localhost:8000/api/v1/eventos/ingest "HTTP/1.1 201 Created"
2026-08-19 22:50:33,270 vision INFO frame=780 detectados=10 enviado=True
2026-08-19 22:50:33,836 httpx INFO HTTP Request: POST http://localhost:8000/api/v1/eventos/ingest "HTTP/1.1 201 Created"
2026-08-19 22:50:33,837 vision INFO frame=810 detectados=16 enviado=True
2026-08-19 22:50:34,456 httpx INFO HTTP Request: POST http://localhost:8000/api/v1/eventos/ingest "HTTP/1.1 201 Created"
2026-08-19 22:50:34,457 vision INFO frame=840 detectados=12 enviado=True
2026-08-19 22:50:35,050 httpx INFO HTTP Request: POST http://localhost:8000/api/v1/eventos/ingest "HTTP/1.1 201 Created"
2026-08-19 22:50:35,051 vision INFO frame=870 detectados=5 enviado=True
2026-08-19 22:50:35,616 httpx INFO HTTP Request: POST http://localhost:8000/api/v1/eventos/ingest "HTTP/1.1 201 Created"
2026-08-19 22:50:35,617 vision INFO frame=900 detectados=10 enviado=True
2026-08-19 22:50:36,412 httpx INFO HTTP Request: POST http://localhost:8000/api/v1/eventos/ingest "HTTP/1.1 201 Created"
2026-08-19 22:50:36,413 vision INFO frame=930 detectados=14 enviado=True
2026-08-19 22:50:37,166 httpx INFO HTTP Request: POST http://localhost:8000/api/v1/eventos/ingest "HTTP/1.1 201 Created"
2026-08-19 22:50:37,167 vision INFO frame=960 detectados=11 enviado=True
2026-08-19 22:50:37,815 httpx INFO HTTP Request: POST http://localhost:8000/api/v1/eventos/ingest "HTTP/1.1 201 Created"
2026-08-19 22:50:37,816 vision INFO frame=990 detectados=7 enviado=True
2026-08-19 22:50:38,783 httpx INFO HTTP Request: POST http://localhost:8000/api/v1/eventos/ingest "HTTP/1.1 201 Created"
2026-08-19 22:50:38,784 vision INFO frame=1020 detectados=7 enviado=True
2026-08-19 22:50:40,087 httpx INFO HTTP Request: POST http://localhost:8000/api/v1/eventos/ingest "HTTP/1.1 201 Created"
2026-08-19 22:50:40,088 vision INFO frame=1050 detectados=9 enviado=True
2026-08-19 22:50:40,929 httpx INFO HTTP Request: POST http://localhost:8000/api/v1/eventos/ingest "HTTP/1.1 201 Created"
2026-08-19 22:50:40,930 vision INFO frame=1080 detectados=12 enviado=True
2026-08-19 22:50:41,984 httpx INFO HTTP Request: POST http://localhost:8000/api/v1/eventos/ingest "HTTP/1.1 201 Created"
2026-08-19 22:50:41,985 vision INFO frame=1110 detectados=8 enviado=True
2026-08-19 22:50:42,615 httpx INFO HTTP Request: POST http://localhost:8000/api/v1/eventos/ingest "HTTP/1.1 201 Created"
2026-08-19 22:50:42,616 vision INFO frame=1140 detectados=6 enviado=True
2026-08-19 22:50:43,320 httpx INFO HTTP Request: POST http://localhost:8000/api/v1/eventos/ingest "HTTP/1.1 201 Created"
2026-08-19 22:50:43,321 vision INFO frame=1170 detectados=4 enviado=True
2026-08-19 22:50:43,387 vision INFO Bucle finalizado, reiniciando la fuente…
2026-08-19 22:50:45,049 httpx INFO HTTP Request: POST http://localhost:8000/api/v1/eventos/ingest "HTTP/1.1 201 Created"
2026-08-19 22:50:45,049 vision INFO frame=30 detectados=10 enviado=True
2026-08-19 22:50:45,757 httpx INFO HTTP Request: POST http://localhost:8000/api/v1/eventos/ingest "HTTP/1.1 201 Created"
2026-08-19 22:50:45,758 vision INFO frame=60 detectados=6 enviado=True
2026-08-19 22:50:46,966 httpx INFO HTTP Request: POST http://localhost:8000/api/v1/eventos/ingest "HTTP/1.1 201 Created"
2026-08-19 22:50:46,968 vision INFO frame=90 detectados=8 enviado=True
2026-08-19 22:50:47,840 httpx INFO HTTP Request: POST http://localhost:8000/api/v1/eventos/ingest "HTTP/1.1 201 Created"
2026-08-19 22:50:47,840 vision INFO frame=120 detectados=10 enviado=True
2026-08-19 22:50:48,403 httpx INFO HTTP Request: POST http://localhost:8000/api/v1/eventos/ingest "HTTP/1.1 201 Created"
2026-08-19 22:50:48,404 vision INFO frame=150 detectados=7 enviado=True
2026-08-19 22:50:48,992 httpx INFO HTTP Request: POST http://localhost:8000/api/v1/eventos/ingest "HTTP/1.1 201 Created"
2026-08-19 22:50:48,993 vision INFO frame=180 detectados=9 enviado=True
2026-08-19 22:50:49,597 httpx INFO HTTP Request: POST http://localhost:8000/api/v1/eventos/ingest "HTTP/1.1 201 Created"
2026-08-19 22:50:49,598 vision INFO frame=210 detectados=10 enviado=True
2026-08-19 22:50:50,201 httpx INFO HTTP Request: POST http://localhost:8000/api/v1/eventos/ingest "HTTP/1.1 201 Created"
2026-08-19 22:50:50,202 vision INFO frame=240 detectados=8 enviado=True
2026-08-19 22:50:50,783 httpx INFO HTTP Request: POST http://localhost:8000/api/v1/eventos/ingest "HTTP/1.1 201 Created"
2026-08-19 22:50:50,784 vision INFO frame=270 detectados=9 enviado=True
2026-08-19 22:50:51,622 httpx INFO HTTP Request: POST http://localhost:8000/api/v1/eventos/ingest "HTTP/1.1 201 Created"
2026-08-19 22:50:51,624 vision INFO frame=300 detectados=10 enviado=True
2026-08-19 22:50:52,387 httpx INFO HTTP Request: POST http://localhost:8000/api/v1/eventos/ingest "HTTP/1.1 201 Created"
2026-08-19 22:50:52,388 vision INFO frame=330 detectados=8 enviado=True
2026-08-19 22:50:52,942 httpx INFO HTTP Request: POST http://localhost:8000/api/v1/eventos/ingest "HTTP/1.1 201 Created"
2026-08-19 22:50:52,943 vision INFO frame=360 detectados=9 enviado=True
2026-08-19 22:50:53,577 httpx INFO HTTP Request: POST http://localhost:8000/api/v1/eventos/ingest "HTTP/1.1 201 Created"
2026-08-19 22:50:53,578 vision INFO frame=390 detectados=10 enviado=True
2026-08-19 22:50:54,147 httpx INFO HTTP Request: POST http://localhost:8000/api/v1/eventos/ingest "HTTP/1.1 201 Created"
2026-08-19 22:50:54,148 vision INFO frame=420 detectados=11 enviado=True
2026-08-19 22:50:54,812 httpx INFO HTTP Request: POST http://localhost:8000/api/v1/eventos/ingest "HTTP/1.1 201 Created"
2026-08-19 22:50:54,813 vision INFO frame=450 detectados=11 enviado=True
2026-08-19 22:50:55,467 httpx INFO HTTP Request: POST http://localhost:8000/api/v1/eventos/ingest "HTTP/1.1 201 Created"
2026-08-19 22:50:55,467 vision INFO frame=480 detectados=14 enviado=True
2026-08-19 22:50:56,355 httpx INFO HTTP Request: POST http://localhost:8000/api/v1/eventos/ingest "HTTP/1.1 201 Created"
2026-08-19 22:50:56,356 vision INFO frame=510 detectados=14 enviado=True
2026-08-19 22:51:07,381 src.backend_client ERROR Fallo al enviar evento frame 540
Traceback (most recent call last):
  File "/home/raftlee/Documentos/Workspace/prototipo-vigia/vision/.venv/lib/python3.12/site-packages/httpx/_transports/default.py", line 101, in map_httpcore_exceptions
    yield
  File "/home/raftlee/Documentos/Workspace/prototipo-vigia/vision/.venv/lib/python3.12/site-packages/httpx/_transports/default.py", line 394, in handle_async_request
    resp = await self._pool.handle_async_request(req)
           ^^^^^^^^^^^^^^^^^^^^^^^^^^^^^^^^^^^^^^^^^^
  File "/home/raftlee/Documentos/Workspace/prototipo-vigia/vision/.venv/lib/python3.12/site-packages/httpcore/_async/connection_pool.py", line 256, in handle_async_request
    raise exc from None
  File "/home/raftlee/Documentos/Workspace/prototipo-vigia/vision/.venv/lib/python3.12/site-packages/httpcore/_async/connection_pool.py", line 236, in handle_async_request
    response = await connection.handle_async_request(
               ^^^^^^^^^^^^^^^^^^^^^^^^^^^^^^^^^^^^^^
  File "/home/raftlee/Documentos/Workspace/prototipo-vigia/vision/.venv/lib/python3.12/site-packages/httpcore/_async/connection.py", line 103, in handle_async_request
    return await self._connection.handle_async_request(request)
           ^^^^^^^^^^^^^^^^^^^^^^^^^^^^^^^^^^^^^^^^^^^^^^^^^^^^
  File "/home/raftlee/Documentos/Workspace/prototipo-vigia/vision/.venv/lib/python3.12/site-packages/httpcore/_async/http11.py", line 136, in handle_async_request
    raise exc
  File "/home/raftlee/Documentos/Workspace/prototipo-vigia/vision/.venv/lib/python3.12/site-packages/httpcore/_async/http11.py", line 106, in handle_async_request
    ) = await self._receive_response_headers(**kwargs)
        ^^^^^^^^^^^^^^^^^^^^^^^^^^^^^^^^^^^^^^^^^^^^^^
  File "/home/raftlee/Documentos/Workspace/prototipo-vigia/vision/.venv/lib/python3.12/site-packages/httpcore/_async/http11.py", line 177, in _receive_response_headers
    event = await self._receive_event(timeout=timeout)
            ^^^^^^^^^^^^^^^^^^^^^^^^^^^^^^^^^^^^^^^^^^
  File "/home/raftlee/Documentos/Workspace/prototipo-vigia/vision/.venv/lib/python3.12/site-packages/httpcore/_async/http11.py", line 217, in _receive_event
    data = await self._network_stream.read(
           ^^^^^^^^^^^^^^^^^^^^^^^^^^^^^^^^
  File "/home/raftlee/Documentos/Workspace/prototipo-vigia/vision/.venv/lib/python3.12/site-packages/httpcore/_backends/anyio.py", line 32, in read
    with map_exceptions(exc_map):
  File "/usr/lib/python3.12/contextlib.py", line 158, in __exit__
    self.gen.throw(value)
  File "/home/raftlee/Documentos/Workspace/prototipo-vigia/vision/.venv/lib/python3.12/site-packages/httpcore/_exceptions.py", line 14, in map_exceptions
    raise to_exc(exc) from exc
httpcore.ReadTimeout

The above exception was the direct cause of the following exception:

Traceback (most recent call last):
  File "/home/raftlee/Documentos/Workspace/prototipo-vigia/vision/src/backend_client.py", line 19, in enviar
    resp = await client.post(self.url, json=evento)
           ^^^^^^^^^^^^^^^^^^^^^^^^^^^^^^^^^^^^^^^^
  File "/home/raftlee/Documentos/Workspace/prototipo-vigia/vision/.venv/lib/python3.12/site-packages/httpx/_client.py", line 1859, in post
    return await self.request(
           ^^^^^^^^^^^^^^^^^^^
  File "/home/raftlee/Documentos/Workspace/prototipo-vigia/vision/.venv/lib/python3.12/site-packages/httpx/_client.py", line 1540, in request
    return await self.send(request, auth=auth, follow_redirects=follow_redirects)
           ^^^^^^^^^^^^^^^^^^^^^^^^^^^^^^^^^^^^^^^^^^^^^^^^^^^^^^^^^^^^^^^^^^^^^^
  File "/home/raftlee/Documentos/Workspace/prototipo-vigia/vision/.venv/lib/python3.12/site-packages/httpx/_client.py", line 1629, in send
    response = await self._send_handling_auth(
               ^^^^^^^^^^^^^^^^^^^^^^^^^^^^^^^
  File "/home/raftlee/Documentos/Workspace/prototipo-vigia/vision/.venv/lib/python3.12/site-packages/httpx/_client.py", line 1657, in _send_handling_auth
    response = await self._send_handling_redirects(
               ^^^^^^^^^^^^^^^^^^^^^^^^^^^^^^^^^^^^
  File "/home/raftlee/Documentos/Workspace/prototipo-vigia/vision/.venv/lib/python3.12/site-packages/httpx/_client.py", line 1694, in _send_handling_redirects
    response = await self._send_single_request(request)
               ^^^^^^^^^^^^^^^^^^^^^^^^^^^^^^^^^^^^^^^^
  File "/home/raftlee/Documentos/Workspace/prototipo-vigia/vision/.venv/lib/python3.12/site-packages/httpx/_client.py", line 1730, in _send_single_request
    response = await transport.handle_async_request(request)
               ^^^^^^^^^^^^^^^^^^^^^^^^^^^^^^^^^^^^^^^^^^^^^
  File "/home/raftlee/Documentos/Workspace/prototipo-vigia/vision/.venv/lib/python3.12/site-packages/httpx/_transports/default.py", line 393, in handle_async_request
    with map_httpcore_exceptions():
  File "/usr/lib/python3.12/contextlib.py", line 158, in __exit__
    self.gen.throw(value)
  File "/home/raftlee/Documentos/Workspace/prototipo-vigia/vision/.venv/lib/python3.12/site-packages/httpx/_transports/default.py", line 118, in map_httpcore_exceptions
    raise mapped_exc(message) from exc
httpx.ReadTimeout
2026-08-19 22:51:09,445 httpx INFO HTTP Request: POST http://localhost:8000/api/v1/eventos/ingest "HTTP/1.1 201 Created"
2026-08-19 22:51:09,446 vision INFO frame=540 detectados=13 enviado=True
2026-08-19 22:51:10,300 httpx INFO HTTP Request: POST http://localhost:8000/api/v1/eventos/ingest "HTTP/1.1 201 Created"
2026-08-19 22:51:10,302 vision INFO frame=570 detectados=11 enviado=True
2026-08-19 22:51:10,948 httpx INFO HTTP Request: POST http://localhost:8000/api/v1/eventos/ingest "HTTP/1.1 201 Created"
2026-08-19 22:51:10,949 vision INFO frame=600 detectados=15 enviado=True
2026-08-19 22:51:11,830 httpx INFO HTTP Request: POST http://localhost:8000/api/v1/eventos/ingest "HTTP/1.1 201 Created"
2026-08-19 22:51:11,831 vision INFO frame=630 detectados=12 enviado=True
2026-08-19 22:51:12,459 httpx INFO HTTP Request: POST http://localhost:8000/api/v1/eventos/ingest "HTTP/1.1 201 Created"
2026-08-19 22:51:12,460 vision INFO frame=660 detectados=10 enviado=True
2026-08-19 22:51:13,192 httpx INFO HTTP Request: POST http://localhost:8000/api/v1/eventos/ingest "HTTP/1.1 201 Created"
2026-08-19 22:51:13,193 vision INFO frame=690 detectados=9 enviado=True
2026-08-19 22:51:13,831 httpx INFO HTTP Request: POST http://localhost:8000/api/v1/eventos/ingest "HTTP/1.1 201 Created"
2026-08-19 22:51:13,832 vision INFO frame=720 detectados=10 enviado=True
2026-08-19 22:51:14,477 httpx INFO HTTP Request: POST http://localhost:8000/api/v1/eventos/ingest "HTTP/1.1 201 Created"
2026-08-19 22:51:14,477 vision INFO frame=750 detectados=11 enviado=True
2026-08-19 22:51:15,202 httpx INFO HTTP Request: POST http://localhost:8000/api/v1/eventos/ingest "HTTP/1.1 201 Created"
2026-08-19 22:51:15,203 vision INFO frame=780 detectados=10 enviado=True
2026-08-19 22:51:15,854 httpx INFO HTTP Request: POST http://localhost:8000/api/v1/eventos/ingest "HTTP/1.1 201 Created"
2026-08-19 22:51:15,855 vision INFO frame=810 detectados=16 enviado=True
2026-08-19 22:51:16,926 httpx INFO HTTP Request: POST http://localhost:8000/api/v1/eventos/ingest "HTTP/1.1 201 Created"
2026-08-19 22:51:16,928 vision INFO frame=840 detectados=12 enviado=True
2026-08-19 22:51:17,636 httpx INFO HTTP Request: POST http://localhost:8000/api/v1/eventos/ingest "HTTP/1.1 201 Created"
2026-08-19 22:51:17,637 vision INFO frame=870 detectados=5 enviado=True
2026-08-19 22:51:18,272 httpx INFO HTTP Request: POST http://localhost:8000/api/v1/eventos/ingest "HTTP/1.1 201 Created"
2026-08-19 22:51:18,273 vision INFO frame=900 detectados=10 enviado=True
2026-08-19 22:51:18,941 httpx INFO HTTP Request: POST http://localhost:8000/api/v1/eventos/ingest "HTTP/1.1 201 Created"
2026-08-19 22:51:18,943 vision INFO frame=930 detectados=14 enviado=True
2026-08-19 22:51:19,501 httpx INFO HTTP Request: POST http://localhost:8000/api/v1/eventos/ingest "HTTP/1.1 201 Created"
2026-08-19 22:51:19,502 vision INFO frame=960 detectados=11 enviado=True
2026-08-19 22:51:20,111 httpx INFO HTTP Request: POST http://localhost:8000/api/v1/eventos/ingest "HTTP/1.1 201 Created"
2026-08-19 22:51:20,112 vision INFO frame=990 detectados=7 enviado=True
2026-08-19 22:51:20,784 httpx INFO HTTP Request: POST http://localhost:8000/api/v1/eventos/ingest "HTTP/1.1 201 Created"
2026-08-19 22:51:20,785 vision INFO frame=1020 detectados=7 enviado=True
2026-08-19 22:51:21,985 httpx INFO HTTP Request: POST http://localhost:8000/api/v1/eventos/ingest "HTTP/1.1 201 Created"
2026-08-19 22:51:21,986 vision INFO frame=1050 detectados=9 enviado=True
2026-08-19 22:51:22,642 httpx INFO HTTP Request: POST http://localhost:8000/api/v1/eventos/ingest "HTTP/1.1 201 Created"
2026-08-19 22:51:22,643 vision INFO frame=1080 detectados=12 enviado=True
2026-08-19 22:51:23,335 httpx INFO HTTP Request: POST http://localhost:8000/api/v1/eventos/ingest "HTTP/1.1 201 Created"
2026-08-19 22:51:23,336 vision INFO frame=1110 detectados=8 enviado=True
2026-08-19 22:51:23,976 httpx INFO HTTP Request: POST http://localhost:8000/api/v1/eventos/ingest "HTTP/1.1 201 Created"
2026-08-19 22:51:23,977 vision INFO frame=1140 detectados=6 enviado=True
2026-08-19 22:51:24,648 httpx INFO HTTP Request: POST http://localhost:8000/api/v1/eventos/ingest "HTTP/1.1 201 Created"
2026-08-19 22:51:24,650 vision INFO frame=1170 detectados=4 enviado=True
2026-08-19 22:51:24,706 vision INFO Bucle finalizado, reiniciando la fuente…
2026-08-19 22:51:26,829 httpx INFO HTTP Request: POST http://localhost:8000/api/v1/eventos/ingest "HTTP/1.1 201 Created"
2026-08-19 22:51:26,830 vision INFO frame=30 detectados=10 enviado=True
2026-08-19 22:51:27,590 httpx INFO HTTP Request: POST http://localhost:8000/api/v1/eventos/ingest "HTTP/1.1 201 Created"
2026-08-19 22:51:27,591 vision INFO frame=60 detectados=6 enviado=True
2026-08-19 22:51:28,364 httpx INFO HTTP Request: POST http://localhost:8000/api/v1/eventos/ingest "HTTP/1.1 201 Created"
2026-08-19 22:51:28,364 vision INFO frame=90 detectados=8 enviado=True
2026-08-19 22:51:29,081 httpx INFO HTTP Request: POST http://localhost:8000/api/v1/eventos/ingest "HTTP/1.1 201 Created"
2026-08-19 22:51:29,082 vision INFO frame=120 detectados=10 enviado=True
2026-08-19 22:51:29,723 httpx INFO HTTP Request: POST http://localhost:8000/api/v1/eventos/ingest "HTTP/1.1 201 Created"
2026-08-19 22:51:29,724 vision INFO frame=150 detectados=7 enviado=True
2026-08-19 22:51:30,357 httpx INFO HTTP Request: POST http://localhost:8000/api/v1/eventos/ingest "HTTP/1.1 201 Created"
2026-08-19 22:51:30,358 vision INFO frame=180 detectados=9 enviado=True
2026-08-19 22:51:31,031 httpx INFO HTTP Request: POST http://localhost:8000/api/v1/eventos/ingest "HTTP/1.1 201 Created"
2026-08-19 22:51:31,032 vision INFO frame=210 detectados=10 enviado=True
2026-08-19 22:51:32,070 httpx INFO HTTP Request: POST http://localhost:8000/api/v1/eventos/ingest "HTTP/1.1 201 Created"
2026-08-19 22:51:32,071 vision INFO frame=240 detectados=8 enviado=True
2026-08-19 22:51:32,679 httpx INFO HTTP Request: POST http://localhost:8000/api/v1/eventos/ingest "HTTP/1.1 201 Created"
2026-08-19 22:51:32,679 vision INFO frame=270 detectados=9 enviado=True
2026-08-19 22:51:33,268 httpx INFO HTTP Request: POST http://localhost:8000/api/v1/eventos/ingest "HTTP/1.1 201 Created"
2026-08-19 22:51:33,269 vision INFO frame=300 detectados=10 enviado=True
2026-08-19 22:51:33,863 httpx INFO HTTP Request: POST http://localhost:8000/api/v1/eventos/ingest "HTTP/1.1 201 Created"
2026-08-19 22:51:33,864 vision INFO frame=330 detectados=8 enviado=True
2026-08-19 22:51:34,429 httpx INFO HTTP Request: POST http://localhost:8000/api/v1/eventos/ingest "HTTP/1.1 201 Created"
2026-08-19 22:51:34,429 vision INFO frame=360 detectados=9 enviado=True
2026-08-19 22:51:35,070 httpx INFO HTTP Request: POST http://localhost:8000/api/v1/eventos/ingest "HTTP/1.1 201 Created"
2026-08-19 22:51:35,071 vision INFO frame=390 detectados=10 enviado=True
2026-08-19 22:51:35,740 httpx INFO HTTP Request: POST http://localhost:8000/api/v1/eventos/ingest "HTTP/1.1 201 Created"
2026-08-19 22:51:35,742 vision INFO frame=420 detectados=11 enviado=True
2026-08-19 22:51:36,586 httpx INFO HTTP Request: POST http://localhost:8000/api/v1/eventos/ingest "HTTP/1.1 201 Created"
2026-08-19 22:51:36,587 vision INFO frame=450 detectados=11 enviado=True
2026-08-19 22:51:37,609 httpx INFO HTTP Request: POST http://localhost:8000/api/v1/eventos/ingest "HTTP/1.1 201 Created"
2026-08-19 22:51:37,611 vision INFO frame=480 detectados=14 enviado=True
2026-08-19 22:51:38,263 httpx INFO HTTP Request: POST http://localhost:8000/api/v1/eventos/ingest "HTTP/1.1 201 Created"
2026-08-19 22:51:38,264 vision INFO frame=510 detectados=14 enviado=True
2026-08-19 22:51:39,807 httpx INFO HTTP Request: POST http://localhost:8000/api/v1/eventos/ingest "HTTP/1.1 201 Created"
2026-08-19 22:51:39,808 vision INFO frame=540 detectados=13 enviado=True
2026-08-19 22:51:40,450 httpx INFO HTTP Request: POST http://localhost:8000/api/v1/eventos/ingest "HTTP/1.1 201 Created"
2026-08-19 22:51:40,451 vision INFO frame=570 detectados=11 enviado=True
2026-08-19 22:51:41,110 httpx INFO HTTP Request: POST http://localhost:8000/api/v1/eventos/ingest "HTTP/1.1 201 Created"
2026-08-19 22:51:41,111 vision INFO frame=600 detectados=15 enviado=True
2026-08-19 22:51:41,883 httpx INFO HTTP Request: POST http://localhost:8000/api/v1/eventos/ingest "HTTP/1.1 201 Created"
2026-08-19 22:51:41,884 vision INFO frame=630 detectados=12 enviado=True
2026-08-19 22:51:42,509 httpx INFO HTTP Request: POST http://localhost:8000/api/v1/eventos/ingest "HTTP/1.1 201 Created"
2026-08-19 22:51:42,510 vision INFO frame=660 detectados=10 enviado=True
2026-08-19 22:51:43,113 httpx INFO HTTP Request: POST http://localhost:8000/api/v1/eventos/ingest "HTTP/1.1 201 Created"
2026-08-19 22:51:43,114 vision INFO frame=690 detectados=9 enviado=True
2026-08-19 22:51:43,714 httpx INFO HTTP Request: POST http://localhost:8000/api/v1/eventos/ingest "HTTP/1.1 201 Created"
2026-08-19 22:51:43,715 vision INFO frame=720 detectados=10 enviado=True
2026-08-19 22:51:44,283 httpx INFO HTTP Request: POST http://localhost:8000/api/v1/eventos/ingest "HTTP/1.1 201 Created"
2026-08-19 22:51:44,284 vision INFO frame=750 detectados=11 enviado=True
2026-08-19 22:51:44,856 httpx INFO HTTP Request: POST http://localhost:8000/api/v1/eventos/ingest "HTTP/1.1 201 Created"
2026-08-19 22:51:44,857 vision INFO frame=780 detectados=10 enviado=True
2026-08-19 22:51:45,432 httpx INFO HTTP Request: POST http://localhost:8000/api/v1/eventos/ingest "HTTP/1.1 201 Created"
2026-08-19 22:51:45,434 vision INFO frame=810 detectados=16 enviado=True
2026-08-19 22:51:46,211 httpx INFO HTTP Request: POST http://localhost:8000/api/v1/eventos/ingest "HTTP/1.1 201 Created"
2026-08-19 22:51:46,212 vision INFO frame=840 detectados=12 enviado=True
2026-08-19 22:51:46,996 httpx INFO HTTP Request: POST http://localhost:8000/api/v1/eventos/ingest "HTTP/1.1 201 Created"
2026-08-19 22:51:46,997 vision INFO frame=870 detectados=5 enviado=True
2026-08-19 22:51:47,662 httpx INFO HTTP Request: POST http://localhost:8000/api/v1/eventos/ingest "HTTP/1.1 201 Created"
2026-08-19 22:51:47,663 vision INFO frame=900 detectados=10 enviado=True
2026-08-19 22:51:48,274 httpx INFO HTTP Request: POST http://localhost:8000/api/v1/eventos/ingest "HTTP/1.1 201 Created"
2026-08-19 22:51:48,275 vision INFO frame=930 detectados=14 enviado=True
2026-08-19 22:51:48,852 httpx INFO HTTP Request: POST http://localhost:8000/api/v1/eventos/ingest "HTTP/1.1 201 Created"
2026-08-19 22:51:48,854 vision INFO frame=960 detectados=11 enviado=True
2026-08-19 22:51:49,425 httpx INFO HTTP Request: POST http://localhost:8000/api/v1/eventos/ingest "HTTP/1.1 201 Created"
2026-08-19 22:51:49,426 vision INFO frame=990 detectados=7 enviado=True
2026-08-19 22:51:49,971 httpx INFO HTTP Request: POST http://localhost:8000/api/v1/eventos/ingest "HTTP/1.1 201 Created"
2026-08-19 22:51:49,973 vision INFO frame=1020 detectados=7 enviado=True
2026-08-19 22:51:50,528 httpx INFO HTTP Request: POST http://localhost:8000/api/v1/eventos/ingest "HTTP/1.1 201 Created"
2026-08-19 22:51:50,529 vision INFO frame=1050 detectados=9 enviado=True
2026-08-19 22:51:51,243 httpx INFO HTTP Request: POST http://localhost:8000/api/v1/eventos/ingest "HTTP/1.1 201 Created"
2026-08-19 22:51:51,244 vision INFO frame=1080 detectados=12 enviado=True
2026-08-19 22:51:51,992 httpx INFO HTTP Request: POST http://localhost:8000/api/v1/eventos/ingest "HTTP/1.1 201 Created"
2026-08-19 22:51:51,993 vision INFO frame=1110 detectados=8 enviado=True
2026-08-19 22:51:52,607 httpx INFO HTTP Request: POST http://localhost:8000/api/v1/eventos/ingest "HTTP/1.1 201 Created"
2026-08-19 22:51:52,608 vision INFO frame=1140 detectados=6 enviado=True
2026-08-19 22:51:53,213 httpx INFO HTTP Request: POST http://localhost:8000/api/v1/eventos/ingest "HTTP/1.1 201 Created"
2026-08-19 22:51:53,214 vision INFO frame=1170 detectados=4 enviado=True
2026-08-19 22:51:53,265 vision INFO Bucle finalizado, reiniciando la fuente…
2026-08-19 22:51:54,988 httpx INFO HTTP Request: POST http://localhost:8000/api/v1/eventos/ingest "HTTP/1.1 201 Created"
2026-08-19 22:51:54,989 vision INFO frame=30 detectados=10 enviado=True
2026-08-19 22:51:55,600 httpx INFO HTTP Request: POST http://localhost:8000/api/v1/eventos/ingest "HTTP/1.1 201 Created"
2026-08-19 22:51:55,601 vision INFO frame=60 detectados=6 enviado=True
2026-08-19 22:51:56,439 httpx INFO HTTP Request: POST http://localhost:8000/api/v1/eventos/ingest "HTTP/1.1 201 Created"
2026-08-19 22:51:56,439 vision INFO frame=90 detectados=8 enviado=True
2026-08-19 22:51:57,207 httpx INFO HTTP Request: POST http://localhost:8000/api/v1/eventos/ingest "HTTP/1.1 201 Created"
2026-08-19 22:51:57,208 vision INFO frame=120 detectados=10 enviado=True
2026-08-19 22:51:57,831 httpx INFO HTTP Request: POST http://localhost:8000/api/v1/eventos/ingest "HTTP/1.1 201 Created"
2026-08-19 22:51:57,832 vision INFO frame=150 detectados=7 enviado=True
2026-08-19 22:51:58,426 httpx INFO HTTP Request: POST http://localhost:8000/api/v1/eventos/ingest "HTTP/1.1 201 Created"
2026-08-19 22:51:58,427 vision INFO frame=180 detectados=9 enviado=True
2026-08-19 22:51:58,987 httpx INFO HTTP Request: POST http://localhost:8000/api/v1/eventos/ingest "HTTP/1.1 201 Created"
2026-08-19 22:51:58,988 vision INFO frame=210 detectados=10 enviado=True
2026-08-19 22:51:59,643 httpx INFO HTTP Request: POST http://localhost:8000/api/v1/eventos/ingest "HTTP/1.1 201 Created"
2026-08-19 22:51:59,644 vision INFO frame=240 detectados=8 enviado=True
2026-08-19 22:52:00,261 httpx INFO HTTP Request: POST http://localhost:8000/api/v1/eventos/ingest "HTTP/1.1 201 Created"
2026-08-19 22:52:00,262 vision INFO frame=270 detectados=9 enviado=True
2026-08-19 22:52:00,874 httpx INFO HTTP Request: POST http://localhost:8000/api/v1/eventos/ingest "HTTP/1.1 201 Created"
2026-08-19 22:52:00,875 vision INFO frame=300 detectados=10 enviado=True
2026-08-19 22:52:01,835 httpx INFO HTTP Request: POST http://localhost:8000/api/v1/eventos/ingest "HTTP/1.1 201 Created"
2026-08-19 22:52:01,836 vision INFO frame=330 detectados=8 enviado=True
2026-08-19 22:52:02,468 httpx INFO HTTP Request: POST http://localhost:8000/api/v1/eventos/ingest "HTTP/1.1 201 Created"
2026-08-19 22:52:02,469 vision INFO frame=360 detectados=9 enviado=True
2026-08-19 22:52:03,098 httpx INFO HTTP Request: POST http://localhost:8000/api/v1/eventos/ingest "HTTP/1.1 201 Created"
2026-08-19 22:52:03,100 vision INFO frame=390 detectados=10 enviado=True
2026-08-19 22:52:03,822 httpx INFO HTTP Request: POST http://localhost:8000/api/v1/eventos/ingest "HTTP/1.1 201 Created"
2026-08-19 22:52:03,823 vision INFO frame=420 detectados=11 enviado=True
2026-08-19 22:52:04,456 httpx INFO HTTP Request: POST http://localhost:8000/api/v1/eventos/ingest "HTTP/1.1 201 Created"
2026-08-19 22:52:04,457 vision INFO frame=450 detectados=11 enviado=True
2026-08-19 22:52:05,211 httpx INFO HTTP Request: POST http://localhost:8000/api/v1/eventos/ingest "HTTP/1.1 201 Created"
2026-08-19 22:52:05,212 vision INFO frame=480 detectados=14 enviado=True
2026-08-19 22:52:05,909 httpx INFO HTTP Request: POST http://localhost:8000/api/v1/eventos/ingest "HTTP/1.1 201 Created"
2026-08-19 22:52:05,910 vision INFO frame=510 detectados=14 enviado=True
2026-08-19 22:52:11,407 httpx INFO HTTP Request: POST http://localhost:8000/api/v1/eventos/ingest "HTTP/1.1 201 Created"
2026-08-19 22:52:11,409 vision INFO frame=540 detectados=13 enviado=True
2026-08-19 22:52:12,281 httpx INFO HTTP Request: POST http://localhost:8000/api/v1/eventos/ingest "HTTP/1.1 201 Created"
2026-08-19 22:52:12,282 vision INFO frame=570 detectados=11 enviado=True
2026-08-19 22:52:13,127 httpx INFO HTTP Request: POST http://localhost:8000/api/v1/eventos/ingest "HTTP/1.1 201 Created"
2026-08-19 22:52:13,128 vision INFO frame=600 detectados=15 enviado=True
2026-08-19 22:52:13,839 httpx INFO HTTP Request: POST http://localhost:8000/api/v1/eventos/ingest "HTTP/1.1 201 Created"
2026-08-19 22:52:13,840 vision INFO frame=630 detectados=12 enviado=True
2026-08-19 22:52:14,479 httpx INFO HTTP Request: POST http://localhost:8000/api/v1/eventos/ingest "HTTP/1.1 201 Created"
2026-08-19 22:52:14,481 vision INFO frame=660 detectados=10 enviado=True
2026-08-19 22:52:15,110 httpx INFO HTTP Request: POST http://localhost:8000/api/v1/eventos/ingest "HTTP/1.1 201 Created"
2026-08-19 22:52:15,111 vision INFO frame=690 detectados=9 enviado=True
2026-08-19 22:52:15,901 httpx INFO HTTP Request: POST http://localhost:8000/api/v1/eventos/ingest "HTTP/1.1 201 Created"
2026-08-19 22:52:15,902 vision INFO frame=720 detectados=10 enviado=True
2026-08-19 22:52:16,858 httpx INFO HTTP Request: POST http://localhost:8000/api/v1/eventos/ingest "HTTP/1.1 201 Created"
2026-08-19 22:52:16,859 vision INFO frame=750 detectados=11 enviado=True
2026-08-19 22:52:17,639 httpx INFO HTTP Request: POST http://localhost:8000/api/v1/eventos/ingest "HTTP/1.1 201 Created"
2026-08-19 22:52:17,640 vision INFO frame=780 detectados=10 enviado=True
2026-08-19 22:52:18,341 httpx INFO HTTP Request: POST http://localhost:8000/api/v1/eventos/ingest "HTTP/1.1 201 Created"
2026-08-19 22:52:18,342 vision INFO frame=810 detectados=16 enviado=True
2026-08-19 22:52:19,019 httpx INFO HTTP Request: POST http://localhost:8000/api/v1/eventos/ingest "HTTP/1.1 201 Created"
2026-08-19 22:52:19,020 vision INFO frame=840 detectados=12 enviado=True
2026-08-19 22:52:19,747 httpx INFO HTTP Request: POST http://localhost:8000/api/v1/eventos/ingest "HTTP/1.1 201 Created"
2026-08-19 22:52:19,747 vision INFO frame=870 detectados=5 enviado=True
2026-08-19 22:52:20,397 httpx INFO HTTP Request: POST http://localhost:8000/api/v1/eventos/ingest "HTTP/1.1 201 Created"
2026-08-19 22:52:20,398 vision INFO frame=900 detectados=10 enviado=True
2026-08-19 22:52:21,021 httpx INFO HTTP Request: POST http://localhost:8000/api/v1/eventos/ingest "HTTP/1.1 201 Created"
2026-08-19 22:52:21,022 vision INFO frame=930 detectados=14 enviado=True
2026-08-19 22:52:22,009 httpx INFO HTTP Request: POST http://localhost:8000/api/v1/eventos/ingest "HTTP/1.1 201 Created"
2026-08-19 22:52:22,010 vision INFO frame=960 detectados=11 enviado=True
2026-08-19 22:52:22,759 httpx INFO HTTP Request: POST http://localhost:8000/api/v1/eventos/ingest "HTTP/1.1 201 Created"
2026-08-19 22:52:22,760 vision INFO frame=990 detectados=7 enviado=True
2026-08-19 22:52:23,480 httpx INFO HTTP Request: POST http://localhost:8000/api/v1/eventos/ingest "HTTP/1.1 201 Created"
2026-08-19 22:52:23,481 vision INFO frame=1020 detectados=7 enviado=True
2026-08-19 22:52:24,156 httpx INFO HTTP Request: POST http://localhost:8000/api/v1/eventos/ingest "HTTP/1.1 201 Created"
2026-08-19 22:52:24,157 vision INFO frame=1050 detectados=9 enviado=True
2026-08-19 22:52:24,786 httpx INFO HTTP Request: POST http://localhost:8000/api/v1/eventos/ingest "HTTP/1.1 201 Created"
2026-08-19 22:52:24,787 vision INFO frame=1080 detectados=12 enviado=True
2026-08-19 22:52:25,511 httpx INFO HTTP Request: POST http://localhost:8000/api/v1/eventos/ingest "HTTP/1.1 201 Created"
2026-08-19 22:52:25,513 vision INFO frame=1110 detectados=8 enviado=True
2026-08-19 22:52:26,372 httpx INFO HTTP Request: POST http://localhost:8000/api/v1/eventos/ingest "HTTP/1.1 201 Created"
2026-08-19 22:52:26,373 vision INFO frame=1140 detectados=6 enviado=True
2026-08-19 22:52:27,223 httpx INFO HTTP Request: POST http://localhost:8000/api/v1/eventos/ingest "HTTP/1.1 201 Created"
2026-08-19 22:52:27,225 vision INFO frame=1170 detectados=4 enviado=True
2026-08-19 22:52:27,284 vision INFO Bucle finalizado, reiniciando la fuente…
2026-08-19 22:52:28,980 httpx INFO HTTP Request: POST http://localhost:8000/api/v1/eventos/ingest "HTTP/1.1 201 Created"
2026-08-19 22:52:28,982 vision INFO frame=30 detectados=10 enviado=True
2026-08-19 22:52:29,693 httpx INFO HTTP Request: POST http://localhost:8000/api/v1/eventos/ingest "HTTP/1.1 201 Created"
2026-08-19 22:52:29,694 vision INFO frame=60 detectados=6 enviado=True
2026-08-19 22:52:30,417 httpx INFO HTTP Request: POST http://localhost:8000/api/v1/eventos/ingest "HTTP/1.1 201 Created"
2026-08-19 22:52:30,418 vision INFO frame=90 detectados=8 enviado=True
2026-08-19 22:52:31,137 httpx INFO HTTP Request: POST http://localhost:8000/api/v1/eventos/ingest "HTTP/1.1 201 Created"
2026-08-19 22:52:31,138 vision INFO frame=120 detectados=10 enviado=True
2026-08-19 22:52:32,079 httpx INFO HTTP Request: POST http://localhost:8000/api/v1/eventos/ingest "HTTP/1.1 201 Created"
2026-08-19 22:52:32,082 vision INFO frame=150 detectados=7 enviado=True
2026-08-19 22:52:32,810 httpx INFO HTTP Request: POST http://localhost:8000/api/v1/eventos/ingest "HTTP/1.1 201 Created"
2026-08-19 22:52:32,811 vision INFO frame=180 detectados=9 enviado=True
2026-08-19 22:52:33,478 httpx INFO HTTP Request: POST http://localhost:8000/api/v1/eventos/ingest "HTTP/1.1 201 Created"
2026-08-19 22:52:33,479 vision INFO frame=210 detectados=10 enviado=True
2026-08-19 22:52:34,231 httpx INFO HTTP Request: POST http://localhost:8000/api/v1/eventos/ingest "HTTP/1.1 201 Created"
2026-08-19 22:52:34,232 vision INFO frame=240 detectados=8 enviado=True
2026-08-19 22:52:34,840 httpx INFO HTTP Request: POST http://localhost:8000/api/v1/eventos/ingest "HTTP/1.1 201 Created"
2026-08-19 22:52:34,841 vision INFO frame=270 detectados=9 enviado=True
2026-08-19 22:52:35,412 httpx INFO HTTP Request: POST http://localhost:8000/api/v1/eventos/ingest "HTTP/1.1 201 Created"
2026-08-19 22:52:35,413 vision INFO frame=300 detectados=10 enviado=True
2026-08-19 22:52:36,001 httpx INFO HTTP Request: POST http://localhost:8000/api/v1/eventos/ingest "HTTP/1.1 201 Created"
2026-08-19 22:52:36,002 vision INFO frame=330 detectados=8 enviado=True
2026-08-19 22:52:37,089 httpx INFO HTTP Request: POST http://localhost:8000/api/v1/eventos/ingest "HTTP/1.1 201 Created"
2026-08-19 22:52:37,090 vision INFO frame=360 detectados=9 enviado=True
2026-08-19 22:52:37,741 httpx INFO HTTP Request: POST http://localhost:8000/api/v1/eventos/ingest "HTTP/1.1 201 Created"
2026-08-19 22:52:37,741 vision INFO frame=390 detectados=10 enviado=True
2026-08-19 22:52:38,409 httpx INFO HTTP Request: POST http://localhost:8000/api/v1/eventos/ingest "HTTP/1.1 201 Created"
2026-08-19 22:52:38,410 vision INFO frame=420 detectados=11 enviado=True
2026-08-19 22:52:39,054 httpx INFO HTTP Request: POST http://localhost:8000/api/v1/eventos/ingest "HTTP/1.1 201 Created"
2026-08-19 22:52:39,054 vision INFO frame=450 detectados=11 enviado=True
2026-08-19 22:52:39,749 httpx INFO HTTP Request: POST http://localhost:8000/api/v1/eventos/ingest "HTTP/1.1 201 Created"
2026-08-19 22:52:39,751 vision INFO frame=480 detectados=14 enviado=True
2026-08-19 22:52:40,443 httpx INFO HTTP Request: POST http://localhost:8000/api/v1/eventos/ingest "HTTP/1.1 201 Created"
2026-08-19 22:52:40,444 vision INFO frame=510 detectados=14 enviado=True
2026-08-19 22:52:45,956 httpx INFO HTTP Request: POST http://localhost:8000/api/v1/eventos/ingest "HTTP/1.1 201 Created"
2026-08-19 22:52:45,962 vision INFO frame=540 detectados=13 enviado=True
2026-08-19 22:52:47,229 httpx INFO HTTP Request: POST http://localhost:8000/api/v1/eventos/ingest "HTTP/1.1 201 Created"
2026-08-19 22:52:47,230 vision INFO frame=570 detectados=11 enviado=True
2026-08-19 22:52:47,849 httpx INFO HTTP Request: POST http://localhost:8000/api/v1/eventos/ingest "HTTP/1.1 201 Created"
2026-08-19 22:52:47,850 vision INFO frame=600 detectados=15 enviado=True
2026-08-19 22:52:48,572 httpx INFO HTTP Request: POST http://localhost:8000/api/v1/eventos/ingest "HTTP/1.1 201 Created"
2026-08-19 22:52:48,573 vision INFO frame=630 detectados=12 enviado=True
2026-08-19 22:52:49,213 httpx INFO HTTP Request: POST http://localhost:8000/api/v1/eventos/ingest "HTTP/1.1 201 Created"
2026-08-19 22:52:49,215 vision INFO frame=660 detectados=10 enviado=True
2026-08-19 22:52:49,871 httpx INFO HTTP Request: POST http://localhost:8000/api/v1/eventos/ingest "HTTP/1.1 201 Created"
2026-08-19 22:52:49,872 vision INFO frame=690 detectados=9 enviado=True
2026-08-19 22:52:50,518 httpx INFO HTTP Request: POST http://localhost:8000/api/v1/eventos/ingest "HTTP/1.1 201 Created"
2026-08-19 22:52:50,519 vision INFO frame=720 detectados=10 enviado=True
2026-08-19 22:52:51,385 httpx INFO HTTP Request: POST http://localhost:8000/api/v1/eventos/ingest "HTTP/1.1 201 Created"
2026-08-19 22:52:51,387 vision INFO frame=750 detectados=11 enviado=True
2026-08-19 22:52:52,274 httpx INFO HTTP Request: POST http://localhost:8000/api/v1/eventos/ingest "HTTP/1.1 201 Created"
2026-08-19 22:52:52,275 vision INFO frame=780 detectados=10 enviado=True
2026-08-19 22:52:53,000 httpx INFO HTTP Request: POST http://localhost:8000/api/v1/eventos/ingest "HTTP/1.1 201 Created"
2026-08-19 22:52:53,000 vision INFO frame=810 detectados=16 enviado=True
2026-08-19 22:52:53,694 httpx INFO HTTP Request: POST http://localhost:8000/api/v1/eventos/ingest "HTTP/1.1 201 Created"
2026-08-19 22:52:53,695 vision INFO frame=840 detectados=12 enviado=True
2026-08-19 22:52:54,358 httpx INFO HTTP Request: POST http://localhost:8000/api/v1/eventos/ingest "HTTP/1.1 201 Created"
2026-08-19 22:52:54,359 vision INFO frame=870 detectados=5 enviado=True
2026-08-19 22:52:55,047 httpx INFO HTTP Request: POST http://localhost:8000/api/v1/eventos/ingest "HTTP/1.1 201 Created"
2026-08-19 22:52:55,049 vision INFO frame=900 detectados=10 enviado=True
2026-08-19 22:52:55,702 httpx INFO HTTP Request: POST http://localhost:8000/api/v1/eventos/ingest "HTTP/1.1 201 Created"
2026-08-19 22:52:55,703 vision INFO frame=930 detectados=14 enviado=True
2026-08-19 22:52:56,566 httpx INFO HTTP Request: POST http://localhost:8000/api/v1/eventos/ingest "HTTP/1.1 201 Created"
2026-08-19 22:52:56,567 vision INFO frame=960 detectados=11 enviado=True
2026-08-19 22:52:57,361 httpx INFO HTTP Request: POST http://localhost:8000/api/v1/eventos/ingest "HTTP/1.1 201 Created"
2026-08-19 22:52:57,362 vision INFO frame=990 detectados=7 enviado=True
2026-08-19 22:52:58,029 httpx INFO HTTP Request: POST http://localhost:8000/api/v1/eventos/ingest "HTTP/1.1 201 Created"
2026-08-19 22:52:58,030 vision INFO frame=1020 detectados=7 enviado=True
2026-08-19 22:52:58,628 httpx INFO HTTP Request: POST http://localhost:8000/api/v1/eventos/ingest "HTTP/1.1 201 Created"
2026-08-19 22:52:58,629 vision INFO frame=1050 detectados=9 enviado=True
2026-08-19 22:52:59,433 httpx INFO HTTP Request: POST http://localhost:8000/api/v1/eventos/ingest "HTTP/1.1 201 Created"
2026-08-19 22:52:59,434 vision INFO frame=1080 detectados=12 enviado=True
2026-08-19 22:53:00,165 httpx INFO HTTP Request: POST http://localhost:8000/api/v1/eventos/ingest "HTTP/1.1 201 Created"
2026-08-19 22:53:00,165 vision INFO frame=1110 detectados=8 enviado=True
2026-08-19 22:53:01,046 httpx INFO HTTP Request: POST http://localhost:8000/api/v1/eventos/ingest "HTTP/1.1 201 Created"
2026-08-19 22:53:01,047 vision INFO frame=1140 detectados=6 enviado=True
2026-08-19 22:53:02,063 httpx INFO HTTP Request: POST http://localhost:8000/api/v1/eventos/ingest "HTTP/1.1 201 Created"
2026-08-19 22:53:02,064 vision INFO frame=1170 detectados=4 enviado=True
2026-08-19 22:53:02,138 vision INFO Bucle finalizado, reiniciando la fuente…
2026-08-19 22:53:03,883 httpx INFO HTTP Request: POST http://localhost:8000/api/v1/eventos/ingest "HTTP/1.1 201 Created"
2026-08-19 22:53:03,884 vision INFO frame=30 detectados=10 enviado=True
2026-08-19 22:53:04,532 httpx INFO HTTP Request: POST http://localhost:8000/api/v1/eventos/ingest "HTTP/1.1 201 Created"
2026-08-19 22:53:04,533 vision INFO frame=60 detectados=6 enviado=True
2026-08-19 22:53:05,187 httpx INFO HTTP Request: POST http://localhost:8000/api/v1/eventos/ingest "HTTP/1.1 201 Created"
2026-08-19 22:53:05,188 vision INFO frame=90 detectados=8 enviado=True
2026-08-19 22:53:06,142 httpx INFO HTTP Request: POST http://localhost:8000/api/v1/eventos/ingest "HTTP/1.1 201 Created"
2026-08-19 22:53:06,144 vision INFO frame=120 detectados=10 enviado=True
2026-08-19 22:53:07,401 httpx INFO HTTP Request: POST http://localhost:8000/api/v1/eventos/ingest "HTTP/1.1 201 Created"
2026-08-19 22:53:07,402 vision INFO frame=150 detectados=7 enviado=True
2026-08-19 22:53:08,216 httpx INFO HTTP Request: POST http://localhost:8000/api/v1/eventos/ingest "HTTP/1.1 201 Created"
2026-08-19 22:53:08,217 vision INFO frame=180 detectados=9 enviado=True
2026-08-19 22:53:08,886 httpx INFO HTTP Request: POST http://localhost:8000/api/v1/eventos/ingest "HTTP/1.1 201 Created"
2026-08-19 22:53:08,888 vision INFO frame=210 detectados=10 enviado=True
2026-08-19 22:53:09,618 httpx INFO HTTP Request: POST http://localhost:8000/api/v1/eventos/ingest "HTTP/1.1 201 Created"
2026-08-19 22:53:09,619 vision INFO frame=240 detectados=8 enviado=True
2026-08-19 22:53:10,342 httpx INFO HTTP Request: POST http://localhost:8000/api/v1/eventos/ingest "HTTP/1.1 201 Created"
2026-08-19 22:53:10,342 vision INFO frame=270 detectados=9 enviado=True
2026-08-19 22:53:10,951 httpx INFO HTTP Request: POST http://localhost:8000/api/v1/eventos/ingest "HTTP/1.1 201 Created"
2026-08-19 22:53:10,952 vision INFO frame=300 detectados=10 enviado=True
2026-08-19 22:53:11,916 httpx INFO HTTP Request: POST http://localhost:8000/api/v1/eventos/ingest "HTTP/1.1 201 Created"
2026-08-19 22:53:11,917 vision INFO frame=330 detectados=8 enviado=True
2026-08-19 22:53:12,631 httpx INFO HTTP Request: POST http://localhost:8000/api/v1/eventos/ingest "HTTP/1.1 201 Created"
2026-08-19 22:53:12,633 vision INFO frame=360 detectados=9 enviado=True
2026-08-19 22:53:13,639 httpx INFO HTTP Request: POST http://localhost:8000/api/v1/eventos/ingest "HTTP/1.1 201 Created"
2026-08-19 22:53:13,640 vision INFO frame=390 detectados=10 enviado=True
2026-08-19 22:53:14,405 httpx INFO HTTP Request: POST http://localhost:8000/api/v1/eventos/ingest "HTTP/1.1 201 Created"
2026-08-19 22:53:14,406 vision INFO frame=420 detectados=11 enviado=True
2026-08-19 22:53:15,030 httpx INFO HTTP Request: POST http://localhost:8000/api/v1/eventos/ingest "HTTP/1.1 201 Created"
2026-08-19 22:53:15,031 vision INFO frame=450 detectados=11 enviado=True
2026-08-19 22:53:15,669 httpx INFO HTTP Request: POST http://localhost:8000/api/v1/eventos/ingest "HTTP/1.1 201 Created"
2026-08-19 22:53:15,670 vision INFO frame=480 detectados=14 enviado=True
2026-08-19 22:53:16,550 httpx INFO HTTP Request: POST http://localhost:8000/api/v1/eventos/ingest "HTTP/1.1 201 Created"
2026-08-19 22:53:16,551 vision INFO frame=510 detectados=14 enviado=True
2026-08-19 22:53:21,709 httpx INFO HTTP Request: POST http://localhost:8000/api/v1/eventos/ingest "HTTP/1.1 201 Created"
2026-08-19 22:53:21,712 vision INFO frame=540 detectados=13 enviado=True
2026-08-19 22:53:22,525 httpx INFO HTTP Request: POST http://localhost:8000/api/v1/eventos/ingest "HTTP/1.1 201 Created"
2026-08-19 22:53:22,527 vision INFO frame=570 detectados=11 enviado=True
2026-08-19 22:53:23,274 httpx INFO HTTP Request: POST http://localhost:8000/api/v1/eventos/ingest "HTTP/1.1 201 Created"
2026-08-19 22:53:23,276 vision INFO frame=600 detectados=15 enviado=True
2026-08-19 22:53:24,147 httpx INFO HTTP Request: POST http://localhost:8000/api/v1/eventos/ingest "HTTP/1.1 201 Created"
2026-08-19 22:53:24,148 vision INFO frame=630 detectados=12 enviado=True
2026-08-19 22:53:24,843 httpx INFO HTTP Request: POST http://localhost:8000/api/v1/eventos/ingest "HTTP/1.1 201 Created"
2026-08-19 22:53:24,845 vision INFO frame=660 detectados=10 enviado=True
2026-08-19 22:53:25,558 httpx INFO HTTP Request: POST http://localhost:8000/api/v1/eventos/ingest "HTTP/1.1 201 Created"
2026-08-19 22:53:25,559 vision INFO frame=690 detectados=9 enviado=True
2026-08-19 22:53:26,472 httpx INFO HTTP Request: POST http://localhost:8000/api/v1/eventos/ingest "HTTP/1.1 201 Created"
2026-08-19 22:53:26,473 vision INFO frame=720 detectados=10 enviado=True
2026-08-19 22:53:27,032 httpx INFO HTTP Request: POST http://localhost:8000/api/v1/eventos/ingest "HTTP/1.1 201 Created"
2026-08-19 22:53:27,033 vision INFO frame=750 detectados=11 enviado=True
2026-08-19 22:53:27,490 httpx INFO HTTP Request: POST http://localhost:8000/api/v1/eventos/ingest "HTTP/1.1 201 Created"
2026-08-19 22:53:27,491 vision INFO frame=780 detectados=10 enviado=True
2026-08-19 22:53:27,945 httpx INFO HTTP Request: POST http://localhost:8000/api/v1/eventos/ingest "HTTP/1.1 201 Created"
2026-08-19 22:53:27,946 vision INFO frame=810 detectados=16 enviado=True
2026-08-19 22:53:28,421 httpx INFO HTTP Request: POST http://localhost:8000/api/v1/eventos/ingest "HTTP/1.1 201 Created"
2026-08-19 22:53:28,422 vision INFO frame=840 detectados=12 enviado=True
2026-08-19 22:53:28,888 httpx INFO HTTP Request: POST http://localhost:8000/api/v1/eventos/ingest "HTTP/1.1 201 Created"
2026-08-19 22:53:28,888 vision INFO frame=870 detectados=5 enviado=True
2026-08-19 22:53:29,349 httpx INFO HTTP Request: POST http://localhost:8000/api/v1/eventos/ingest "HTTP/1.1 201 Created"
2026-08-19 22:53:29,350 vision INFO frame=900 detectados=10 enviado=True
2026-08-19 22:53:29,812 httpx INFO HTTP Request: POST http://localhost:8000/api/v1/eventos/ingest "HTTP/1.1 201 Created"
2026-08-19 22:53:29,813 vision INFO frame=930 detectados=14 enviado=True
2026-08-19 22:53:30,276 httpx INFO HTTP Request: POST http://localhost:8000/api/v1/eventos/ingest "HTTP/1.1 201 Created"
2026-08-19 22:53:30,277 vision INFO frame=960 detectados=11 enviado=True
2026-08-19 22:53:30,743 httpx INFO HTTP Request: POST http://localhost:8000/api/v1/eventos/ingest "HTTP/1.1 201 Created"
2026-08-19 22:53:30,744 vision INFO frame=990 detectados=7 enviado=True
2026-08-19 22:53:31,194 httpx INFO HTTP Request: POST http://localhost:8000/api/v1/eventos/ingest "HTTP/1.1 201 Created"
2026-08-19 22:53:31,194 vision INFO frame=1020 detectados=7 enviado=True
2026-08-19 22:53:31,641 httpx INFO HTTP Request: POST http://localhost:8000/api/v1/eventos/ingest "HTTP/1.1 201 Created"
2026-08-19 22:53:31,642 vision INFO frame=1050 detectados=9 enviado=True
2026-08-19 22:53:32,189 httpx INFO HTTP Request: POST http://localhost:8000/api/v1/eventos/ingest "HTTP/1.1 201 Created"
2026-08-19 22:53:32,190 vision INFO frame=1080 detectados=12 enviado=True
2026-08-19 22:53:32,686 httpx INFO HTTP Request: POST http://localhost:8000/api/v1/eventos/ingest "HTTP/1.1 201 Created"
2026-08-19 22:53:32,686 vision INFO frame=1110 detectados=8 enviado=True
2026-08-19 22:53:33,160 httpx INFO HTTP Request: POST http://localhost:8000/api/v1/eventos/ingest "HTTP/1.1 201 Created"
2026-08-19 22:53:33,161 vision INFO frame=1140 detectados=6 enviado=True
2026-08-19 22:53:33,629 httpx INFO HTTP Request: POST http://localhost:8000/api/v1/eventos/ingest "HTTP/1.1 201 Created"
2026-08-19 22:53:33,630 vision INFO frame=1170 detectados=4 enviado=True
2026-08-19 22:53:33,675 vision INFO Bucle finalizado, reiniciando la fuente…
2026-08-19 22:53:35,259 httpx INFO HTTP Request: POST http://localhost:8000/api/v1/eventos/ingest "HTTP/1.1 201 Created"
2026-08-19 22:53:35,261 vision INFO frame=30 detectados=10 enviado=True
2026-08-19 22:53:35,822 httpx INFO HTTP Request: POST http://localhost:8000/api/v1/eventos/ingest "HTTP/1.1 201 Created"
2026-08-19 22:53:35,823 vision INFO frame=60 detectados=6 enviado=True
2026-08-19 22:53:36,388 httpx INFO HTTP Request: POST http://localhost:8000/api/v1/eventos/ingest "HTTP/1.1 201 Created"
2026-08-19 22:53:36,389 vision INFO frame=90 detectados=8 enviado=True
2026-08-19 22:53:36,897 httpx INFO HTTP Request: POST http://localhost:8000/api/v1/eventos/ingest "HTTP/1.1 201 Created"
2026-08-19 22:53:36,898 vision INFO frame=120 detectados=10 enviado=True
2026-08-19 22:53:37,381 httpx INFO HTTP Request: POST http://localhost:8000/api/v1/eventos/ingest "HTTP/1.1 201 Created"
2026-08-19 22:53:37,382 vision INFO frame=150 detectados=7 enviado=True
2026-08-19 22:53:37,882 httpx INFO HTTP Request: POST http://localhost:8000/api/v1/eventos/ingest "HTTP/1.1 201 Created"
2026-08-19 22:53:37,883 vision INFO frame=180 detectados=9 enviado=True
2026-08-19 22:53:38,345 httpx INFO HTTP Request: POST http://localhost:8000/api/v1/eventos/ingest "HTTP/1.1 201 Created"
2026-08-19 22:53:38,346 vision INFO frame=210 detectados=10 enviado=True
2026-08-19 22:53:38,779 httpx INFO HTTP Request: POST http://localhost:8000/api/v1/eventos/ingest "HTTP/1.1 201 Created"
2026-08-19 22:53:38,781 vision INFO frame=240 detectados=8 enviado=True
2026-08-19 22:53:39,217 httpx INFO HTTP Request: POST http://localhost:8000/api/v1/eventos/ingest "HTTP/1.1 201 Created"
2026-08-19 22:53:39,219 vision INFO frame=270 detectados=9 enviado=True
2026-08-19 22:53:39,664 httpx INFO HTTP Request: POST http://localhost:8000/api/v1/eventos/ingest "HTTP/1.1 201 Created"
2026-08-19 22:53:39,665 vision INFO frame=300 detectados=10 enviado=True
2026-08-19 22:53:40,101 httpx INFO HTTP Request: POST http://localhost:8000/api/v1/eventos/ingest "HTTP/1.1 201 Created"
2026-08-19 22:53:40,102 vision INFO frame=330 detectados=8 enviado=True
2026-08-19 22:53:40,549 httpx INFO HTTP Request: POST http://localhost:8000/api/v1/eventos/ingest "HTTP/1.1 201 Created"
2026-08-19 22:53:40,550 vision INFO frame=360 detectados=9 enviado=True
2026-08-19 22:53:40,985 httpx INFO HTTP Request: POST http://localhost:8000/api/v1/eventos/ingest "HTTP/1.1 201 Created"
2026-08-19 22:53:40,986 vision INFO frame=390 detectados=10 enviado=True
2026-08-19 22:53:41,457 httpx INFO HTTP Request: POST http://localhost:8000/api/v1/eventos/ingest "HTTP/1.1 201 Created"
2026-08-19 22:53:41,458 vision INFO frame=420 detectados=11 enviado=True
2026-08-19 22:53:41,978 httpx INFO HTTP Request: POST http://localhost:8000/api/v1/eventos/ingest "HTTP/1.1 201 Created"
2026-08-19 22:53:41,979 vision INFO frame=450 detectados=11 enviado=True
2026-08-19 22:53:42,445 httpx INFO HTTP Request: POST http://localhost:8000/api/v1/eventos/ingest "HTTP/1.1 201 Created"
2026-08-19 22:53:42,446 vision INFO frame=480 detectados=14 enviado=True
2026-08-19 22:53:42,918 httpx INFO HTTP Request: POST http://localhost:8000/api/v1/eventos/ingest "HTTP/1.1 201 Created"
2026-08-19 22:53:42,919 vision INFO frame=510 detectados=14 enviado=True
2026-08-19 22:53:47,793 httpx INFO HTTP Request: POST http://localhost:8000/api/v1/eventos/ingest "HTTP/1.1 201 Created"
2026-08-19 22:53:47,794 vision INFO frame=540 detectados=13 enviado=True
2026-08-19 22:53:48,361 httpx INFO HTTP Request: POST http://localhost:8000/api/v1/eventos/ingest "HTTP/1.1 201 Created"
2026-08-19 22:53:48,362 vision INFO frame=570 detectados=11 enviado=True
2026-08-19 22:53:48,923 httpx INFO HTTP Request: POST http://localhost:8000/api/v1/eventos/ingest "HTTP/1.1 201 Created"
2026-08-19 22:53:48,924 vision INFO frame=600 detectados=15 enviado=True
2026-08-19 22:53:49,486 httpx INFO HTTP Request: POST http://localhost:8000/api/v1/eventos/ingest "HTTP/1.1 201 Created"
2026-08-19 22:53:49,487 vision INFO frame=630 detectados=12 enviado=True
2026-08-19 22:53:49,988 httpx INFO HTTP Request: POST http://localhost:8000/api/v1/eventos/ingest "HTTP/1.1 201 Created"
2026-08-19 22:53:49,989 vision INFO frame=660 detectados=10 enviado=True
2026-08-19 22:53:50,449 httpx INFO HTTP Request: POST http://localhost:8000/api/v1/eventos/ingest "HTTP/1.1 201 Created"
2026-08-19 22:53:50,450 vision INFO frame=690 detectados=9 enviado=True
2026-08-19 22:53:50,902 httpx INFO HTTP Request: POST http://localhost:8000/api/v1/eventos/ingest "HTTP/1.1 201 Created"
2026-08-19 22:53:50,903 vision INFO frame=720 detectados=10 enviado=True
2026-08-19 22:53:51,361 httpx INFO HTTP Request: POST http://localhost:8000/api/v1/eventos/ingest "HTTP/1.1 201 Created"
2026-08-19 22:53:51,362 vision INFO frame=750 detectados=11 enviado=True
2026-08-19 22:53:51,884 httpx INFO HTTP Request: POST http://localhost:8000/api/v1/eventos/ingest "HTTP/1.1 201 Created"
2026-08-19 22:53:51,885 vision INFO frame=780 detectados=10 enviado=True
2026-08-19 22:53:52,387 httpx INFO HTTP Request: POST http://localhost:8000/api/v1/eventos/ingest "HTTP/1.1 201 Created"
2026-08-19 22:53:52,388 vision INFO frame=810 detectados=16 enviado=True
2026-08-19 22:53:52,898 httpx INFO HTTP Request: POST http://localhost:8000/api/v1/eventos/ingest "HTTP/1.1 201 Created"
2026-08-19 22:53:52,899 vision INFO frame=840 detectados=12 enviado=True
2026-08-19 22:53:53,403 httpx INFO HTTP Request: POST http://localhost:8000/api/v1/eventos/ingest "HTTP/1.1 201 Created"
2026-08-19 22:53:53,404 vision INFO frame=870 detectados=5 enviado=True
2026-08-19 22:53:53,886 httpx INFO HTTP Request: POST http://localhost:8000/api/v1/eventos/ingest "HTTP/1.1 201 Created"
2026-08-19 22:53:53,887 vision INFO frame=900 detectados=10 enviado=True
2026-08-19 22:53:54,514 httpx INFO HTTP Request: POST http://localhost:8000/api/v1/eventos/ingest "HTTP/1.1 201 Created"
2026-08-19 22:53:54,515 vision INFO frame=930 detectados=14 enviado=True
2026-08-19 22:53:54,988 httpx INFO HTTP Request: POST http://localhost:8000/api/v1/eventos/ingest "HTTP/1.1 201 Created"
2026-08-19 22:53:54,988 vision INFO frame=960 detectados=11 enviado=True
2026-08-19 22:53:55,467 httpx INFO HTTP Request: POST http://localhost:8000/api/v1/eventos/ingest "HTTP/1.1 201 Created"
2026-08-19 22:53:55,468 vision INFO frame=990 detectados=7 enviado=True
2026-08-19 22:53:55,936 httpx INFO HTTP Request: POST http://localhost:8000/api/v1/eventos/ingest "HTTP/1.1 201 Created"
2026-08-19 22:53:55,937 vision INFO frame=1020 detectados=7 enviado=True
2026-08-19 22:53:56,449 httpx INFO HTTP Request: POST http://localhost:8000/api/v1/eventos/ingest "HTTP/1.1 201 Created"
2026-08-19 22:53:56,450 vision INFO frame=1050 detectados=9 enviado=True
2026-08-19 22:53:57,204 httpx INFO HTTP Request: POST http://localhost:8000/api/v1/eventos/ingest "HTTP/1.1 201 Created"
2026-08-19 22:53:57,205 vision INFO frame=1080 detectados=12 enviado=True
2026-08-19 22:53:57,831 httpx INFO HTTP Request: POST http://localhost:8000/api/v1/eventos/ingest "HTTP/1.1 201 Created"
2026-08-19 22:53:57,831 vision INFO frame=1110 detectados=8 enviado=True
2026-08-19 22:53:58,318 httpx INFO HTTP Request: POST http://localhost:8000/api/v1/eventos/ingest "HTTP/1.1 201 Created"
2026-08-19 22:53:58,319 vision INFO frame=1140 detectados=6 enviado=True
2026-08-19 22:53:58,806 httpx INFO HTTP Request: POST http://localhost:8000/api/v1/eventos/ingest "HTTP/1.1 201 Created"
2026-08-19 22:53:58,808 vision INFO frame=1170 detectados=4 enviado=True
2026-08-19 22:53:58,857 vision INFO Bucle finalizado, reiniciando la fuente…
2026-08-19 22:54:00,442 httpx INFO HTTP Request: POST http://localhost:8000/api/v1/eventos/ingest "HTTP/1.1 201 Created"
2026-08-19 22:54:00,443 vision INFO frame=30 detectados=10 enviado=True
2026-08-19 22:54:01,003 httpx INFO HTTP Request: POST http://localhost:8000/api/v1/eventos/ingest "HTTP/1.1 201 Created"
2026-08-19 22:54:01,004 vision INFO frame=60 detectados=6 enviado=True
2026-08-19 22:54:01,550 httpx INFO HTTP Request: POST http://localhost:8000/api/v1/eventos/ingest "HTTP/1.1 201 Created"
2026-08-19 22:54:01,551 vision INFO frame=90 detectados=8 enviado=True
2026-08-19 22:54:02,177 httpx INFO HTTP Request: POST http://localhost:8000/api/v1/eventos/ingest "HTTP/1.1 201 Created"
2026-08-19 22:54:02,178 vision INFO frame=120 detectados=10 enviado=True
2026-08-19 22:54:02,728 httpx INFO HTTP Request: POST http://localhost:8000/api/v1/eventos/ingest "HTTP/1.1 201 Created"
2026-08-19 22:54:02,728 vision INFO frame=150 detectados=7 enviado=True
2026-08-19 22:54:03,224 httpx INFO HTTP Request: POST http://localhost:8000/api/v1/eventos/ingest "HTTP/1.1 201 Created"
2026-08-19 22:54:03,225 vision INFO frame=180 detectados=9 enviado=True
2026-08-19 22:54:03,712 httpx INFO HTTP Request: POST http://localhost:8000/api/v1/eventos/ingest "HTTP/1.1 201 Created"
2026-08-19 22:54:03,713 vision INFO frame=210 detectados=10 enviado=True
2026-08-19 22:54:04,199 httpx INFO HTTP Request: POST http://localhost:8000/api/v1/eventos/ingest "HTTP/1.1 201 Created"
2026-08-19 22:54:04,200 vision INFO frame=240 detectados=8 enviado=True
2026-08-19 22:54:04,687 httpx INFO HTTP Request: POST http://localhost:8000/api/v1/eventos/ingest "HTTP/1.1 201 Created"
2026-08-19 22:54:04,687 vision INFO frame=270 detectados=9 enviado=True
2026-08-19 22:54:05,166 httpx INFO HTTP Request: POST http://localhost:8000/api/v1/eventos/ingest "HTTP/1.1 201 Created"
2026-08-19 22:54:05,166 vision INFO frame=300 detectados=10 enviado=True
2026-08-19 22:54:05,620 httpx INFO HTTP Request: POST http://localhost:8000/api/v1/eventos/ingest "HTTP/1.1 201 Created"
2026-08-19 22:54:05,621 vision INFO frame=330 detectados=8 enviado=True
2026-08-19 22:54:06,073 httpx INFO HTTP Request: POST http://localhost:8000/api/v1/eventos/ingest "HTTP/1.1 201 Created"
2026-08-19 22:54:06,074 vision INFO frame=360 detectados=9 enviado=True
2026-08-19 22:54:06,516 httpx INFO HTTP Request: POST http://localhost:8000/api/v1/eventos/ingest "HTTP/1.1 201 Created"
2026-08-19 22:54:06,517 vision INFO frame=390 detectados=10 enviado=True
2026-08-19 22:54:07,113 httpx INFO HTTP Request: POST http://localhost:8000/api/v1/eventos/ingest "HTTP/1.1 201 Created"
2026-08-19 22:54:07,114 vision INFO frame=420 detectados=11 enviado=True
2026-08-19 22:54:07,592 httpx INFO HTTP Request: POST http://localhost:8000/api/v1/eventos/ingest "HTTP/1.1 201 Created"
2026-08-19 22:54:07,593 vision INFO frame=450 detectados=11 enviado=True
2026-08-19 22:54:08,060 httpx INFO HTTP Request: POST http://localhost:8000/api/v1/eventos/ingest "HTTP/1.1 201 Created"
2026-08-19 22:54:08,061 vision INFO frame=480 detectados=14 enviado=True
2026-08-19 22:54:08,515 httpx INFO HTTP Request: POST http://localhost:8000/api/v1/eventos/ingest "HTTP/1.1 201 Created"
2026-08-19 22:54:08,516 vision INFO frame=510 detectados=14 enviado=True
2026-08-19 22:54:13,375 httpx INFO HTTP Request: POST http://localhost:8000/api/v1/eventos/ingest "HTTP/1.1 201 Created"
2026-08-19 22:54:13,376 vision INFO frame=540 detectados=13 enviado=True
2026-08-19 22:54:13,936 httpx INFO HTTP Request: POST http://localhost:8000/api/v1/eventos/ingest "HTTP/1.1 201 Created"
2026-08-19 22:54:13,937 vision INFO frame=570 detectados=11 enviado=True
2026-08-19 22:54:14,515 httpx INFO HTTP Request: POST http://localhost:8000/api/v1/eventos/ingest "HTTP/1.1 201 Created"
2026-08-19 22:54:14,516 vision INFO frame=600 detectados=15 enviado=True
2026-08-19 22:54:15,076 httpx INFO HTTP Request: POST http://localhost:8000/api/v1/eventos/ingest "HTTP/1.1 201 Created"
2026-08-19 22:54:15,077 vision INFO frame=630 detectados=12 enviado=True
2026-08-19 22:54:15,623 httpx INFO HTTP Request: POST http://localhost:8000/api/v1/eventos/ingest "HTTP/1.1 201 Created"
2026-08-19 22:54:15,624 vision INFO frame=660 detectados=10 enviado=True
2026-08-19 22:54:16,107 httpx INFO HTTP Request: POST http://localhost:8000/api/v1/eventos/ingest "HTTP/1.1 201 Created"
2026-08-19 22:54:16,108 vision INFO frame=690 detectados=9 enviado=True
2026-08-19 22:54:16,566 httpx INFO HTTP Request: POST http://localhost:8000/api/v1/eventos/ingest "HTTP/1.1 201 Created"
2026-08-19 22:54:16,568 vision INFO frame=720 detectados=10 enviado=True
2026-08-19 22:54:17,145 httpx INFO HTTP Request: POST http://localhost:8000/api/v1/eventos/ingest "HTTP/1.1 201 Created"
2026-08-19 22:54:17,146 vision INFO frame=750 detectados=11 enviado=True
2026-08-19 22:54:17,661 httpx INFO HTTP Request: POST http://localhost:8000/api/v1/eventos/ingest "HTTP/1.1 201 Created"
2026-08-19 22:54:17,662 vision INFO frame=780 detectados=10 enviado=True
2026-08-19 22:54:18,108 httpx INFO HTTP Request: POST http://localhost:8000/api/v1/eventos/ingest "HTTP/1.1 201 Created"
2026-08-19 22:54:18,109 vision INFO frame=810 detectados=16 enviado=True
2026-08-19 22:54:18,576 httpx INFO HTTP Request: POST http://localhost:8000/api/v1/eventos/ingest "HTTP/1.1 201 Created"
2026-08-19 22:54:18,576 vision INFO frame=840 detectados=12 enviado=True
2026-08-19 22:54:19,023 httpx INFO HTTP Request: POST http://localhost:8000/api/v1/eventos/ingest "HTTP/1.1 201 Created"
2026-08-19 22:54:19,025 vision INFO frame=870 detectados=5 enviado=True
2026-08-19 22:54:19,468 httpx INFO HTTP Request: POST http://localhost:8000/api/v1/eventos/ingest "HTTP/1.1 201 Created"
2026-08-19 22:54:19,469 vision INFO frame=900 detectados=10 enviado=True
2026-08-19 22:54:19,920 httpx INFO HTTP Request: POST http://localhost:8000/api/v1/eventos/ingest "HTTP/1.1 201 Created"
2026-08-19 22:54:19,921 vision INFO frame=930 detectados=14 enviado=True
2026-08-19 22:54:20,358 httpx INFO HTTP Request: POST http://localhost:8000/api/v1/eventos/ingest "HTTP/1.1 201 Created"
2026-08-19 22:54:20,359 vision INFO frame=960 detectados=11 enviado=True
2026-08-19 22:54:20,790 httpx INFO HTTP Request: POST http://localhost:8000/api/v1/eventos/ingest "HTTP/1.1 201 Created"
2026-08-19 22:54:20,791 vision INFO frame=990 detectados=7 enviado=True
2026-08-19 22:54:21,238 httpx INFO HTTP Request: POST http://localhost:8000/api/v1/eventos/ingest "HTTP/1.1 201 Created"
2026-08-19 22:54:21,239 vision INFO frame=1020 detectados=7 enviado=True
2026-08-19 22:54:21,707 httpx INFO HTTP Request: POST http://localhost:8000/api/v1/eventos/ingest "HTTP/1.1 201 Created"
2026-08-19 22:54:21,708 vision INFO frame=1050 detectados=9 enviado=True
2026-08-19 22:54:22,210 httpx INFO HTTP Request: POST http://localhost:8000/api/v1/eventos/ingest "HTTP/1.1 201 Created"
2026-08-19 22:54:22,210 vision INFO frame=1080 detectados=12 enviado=True
2026-08-19 22:54:22,699 httpx INFO HTTP Request: POST http://localhost:8000/api/v1/eventos/ingest "HTTP/1.1 201 Created"
2026-08-19 22:54:22,700 vision INFO frame=1110 detectados=8 enviado=True
2026-08-19 22:54:23,177 httpx INFO HTTP Request: POST http://localhost:8000/api/v1/eventos/ingest "HTTP/1.1 201 Created"
2026-08-19 22:54:23,177 vision INFO frame=1140 detectados=6 enviado=True
2026-08-19 22:54:23,635 httpx INFO HTTP Request: POST http://localhost:8000/api/v1/eventos/ingest "HTTP/1.1 201 Created"
2026-08-19 22:54:23,636 vision INFO frame=1170 detectados=4 enviado=True
2026-08-19 22:54:23,679 vision INFO Bucle finalizado, reiniciando la fuente…
2026-08-19 22:54:25,269 httpx INFO HTTP Request: POST http://localhost:8000/api/v1/eventos/ingest "HTTP/1.1 201 Created"
2026-08-19 22:54:25,270 vision INFO frame=30 detectados=10 enviado=True
2026-08-19 22:54:25,840 httpx INFO HTTP Request: POST http://localhost:8000/api/v1/eventos/ingest "HTTP/1.1 201 Created"
2026-08-19 22:54:25,841 vision INFO frame=60 detectados=6 enviado=True
2026-08-19 22:54:26,398 httpx INFO HTTP Request: POST http://localhost:8000/api/v1/eventos/ingest "HTTP/1.1 201 Created"
2026-08-19 22:54:26,399 vision INFO frame=90 detectados=8 enviado=True
2026-08-19 22:54:26,871 httpx INFO HTTP Request: POST http://localhost:8000/api/v1/eventos/ingest "HTTP/1.1 201 Created"
2026-08-19 22:54:26,872 vision INFO frame=120 detectados=10 enviado=True
2026-08-19 22:54:27,354 httpx INFO HTTP Request: POST http://localhost:8000/api/v1/eventos/ingest "HTTP/1.1 201 Created"
2026-08-19 22:54:27,355 vision INFO frame=150 detectados=7 enviado=True
2026-08-19 22:54:27,815 httpx INFO HTTP Request: POST http://localhost:8000/api/v1/eventos/ingest "HTTP/1.1 201 Created"
2026-08-19 22:54:27,816 vision INFO frame=180 detectados=9 enviado=True
2026-08-19 22:54:28,291 httpx INFO HTTP Request: POST http://localhost:8000/api/v1/eventos/ingest "HTTP/1.1 201 Created"
2026-08-19 22:54:28,291 vision INFO frame=210 detectados=10 enviado=True
2026-08-19 22:54:28,747 httpx INFO HTTP Request: POST http://localhost:8000/api/v1/eventos/ingest "HTTP/1.1 201 Created"
2026-08-19 22:54:28,748 vision INFO frame=240 detectados=8 enviado=True
2026-08-19 22:54:29,236 httpx INFO HTTP Request: POST http://localhost:8000/api/v1/eventos/ingest "HTTP/1.1 201 Created"
2026-08-19 22:54:29,237 vision INFO frame=270 detectados=9 enviado=True
2026-08-19 22:54:29,723 httpx INFO HTTP Request: POST http://localhost:8000/api/v1/eventos/ingest "HTTP/1.1 201 Created"
2026-08-19 22:54:29,723 vision INFO frame=300 detectados=10 enviado=True
2026-08-19 22:54:30,183 httpx INFO HTTP Request: POST http://localhost:8000/api/v1/eventos/ingest "HTTP/1.1 201 Created"
2026-08-19 22:54:30,184 vision INFO frame=330 detectados=8 enviado=True
2026-08-19 22:54:30,639 httpx INFO HTTP Request: POST http://localhost:8000/api/v1/eventos/ingest "HTTP/1.1 201 Created"
2026-08-19 22:54:30,640 vision INFO frame=360 detectados=9 enviado=True
2026-08-19 22:54:31,109 httpx INFO HTTP Request: POST http://localhost:8000/api/v1/eventos/ingest "HTTP/1.1 201 Created"
2026-08-19 22:54:31,110 vision INFO frame=390 detectados=10 enviado=True
2026-08-19 22:54:31,568 httpx INFO HTTP Request: POST http://localhost:8000/api/v1/eventos/ingest "HTTP/1.1 201 Created"
2026-08-19 22:54:31,569 vision INFO frame=420 detectados=11 enviado=True
2026-08-19 22:54:32,034 httpx INFO HTTP Request: POST http://localhost:8000/api/v1/eventos/ingest "HTTP/1.1 201 Created"
2026-08-19 22:54:32,035 vision INFO frame=450 detectados=11 enviado=True
2026-08-19 22:54:32,502 httpx INFO HTTP Request: POST http://localhost:8000/api/v1/eventos/ingest "HTTP/1.1 201 Created"
2026-08-19 22:54:32,502 vision INFO frame=480 detectados=14 enviado=True
2026-08-19 22:54:32,961 httpx INFO HTTP Request: POST http://localhost:8000/api/v1/eventos/ingest "HTTP/1.1 201 Created"
2026-08-19 22:54:32,962 vision INFO frame=510 detectados=14 enviado=True
2026-08-19 22:54:37,915 httpx INFO HTTP Request: POST http://localhost:8000/api/v1/eventos/ingest "HTTP/1.1 201 Created"
2026-08-19 22:54:37,916 vision INFO frame=540 detectados=13 enviado=True
2026-08-19 22:54:38,769 httpx INFO HTTP Request: POST http://localhost:8000/api/v1/eventos/ingest "HTTP/1.1 201 Created"
2026-08-19 22:54:38,770 vision INFO frame=570 detectados=11 enviado=True
2026-08-19 22:54:39,533 httpx INFO HTTP Request: POST http://localhost:8000/api/v1/eventos/ingest "HTTP/1.1 201 Created"
2026-08-19 22:54:39,534 vision INFO frame=600 detectados=15 enviado=True
2026-08-19 22:54:39,996 httpx INFO HTTP Request: POST http://localhost:8000/api/v1/eventos/ingest "HTTP/1.1 201 Created"
2026-08-19 22:54:39,997 vision INFO frame=630 detectados=12 enviado=True
2026-08-19 22:54:40,449 httpx INFO HTTP Request: POST http://localhost:8000/api/v1/eventos/ingest "HTTP/1.1 201 Created"
2026-08-19 22:54:40,450 vision INFO frame=660 detectados=10 enviado=True
2026-08-19 22:54:40,912 httpx INFO HTTP Request: POST http://localhost:8000/api/v1/eventos/ingest "HTTP/1.1 201 Created"
2026-08-19 22:54:40,913 vision INFO frame=690 detectados=9 enviado=True
2026-08-19 22:54:41,383 httpx INFO HTTP Request: POST http://localhost:8000/api/v1/eventos/ingest "HTTP/1.1 201 Created"
2026-08-19 22:54:41,383 vision INFO frame=720 detectados=10 enviado=True
2026-08-19 22:54:41,845 httpx INFO HTTP Request: POST http://localhost:8000/api/v1/eventos/ingest "HTTP/1.1 201 Created"
2026-08-19 22:54:41,846 vision INFO frame=750 detectados=11 enviado=True
2026-08-19 22:54:42,353 httpx INFO HTTP Request: POST http://localhost:8000/api/v1/eventos/ingest "HTTP/1.1 201 Created"
2026-08-19 22:54:42,354 vision INFO frame=780 detectados=10 enviado=True
2026-08-19 22:54:42,813 httpx INFO HTTP Request: POST http://localhost:8000/api/v1/eventos/ingest "HTTP/1.1 201 Created"
2026-08-19 22:54:42,814 vision INFO frame=810 detectados=16 enviado=True
2026-08-19 22:54:43,274 httpx INFO HTTP Request: POST http://localhost:8000/api/v1/eventos/ingest "HTTP/1.1 201 Created"
2026-08-19 22:54:43,275 vision INFO frame=840 detectados=12 enviado=True
2026-08-19 22:54:43,746 httpx INFO HTTP Request: POST http://localhost:8000/api/v1/eventos/ingest "HTTP/1.1 201 Created"
2026-08-19 22:54:43,747 vision INFO frame=870 detectados=5 enviado=True
2026-08-19 22:54:44,203 httpx INFO HTTP Request: POST http://localhost:8000/api/v1/eventos/ingest "HTTP/1.1 201 Created"
2026-08-19 22:54:44,204 vision INFO frame=900 detectados=10 enviado=True
2026-08-19 22:54:44,667 httpx INFO HTTP Request: POST http://localhost:8000/api/v1/eventos/ingest "HTTP/1.1 201 Created"
2026-08-19 22:54:44,668 vision INFO frame=930 detectados=14 enviado=True
2026-08-19 22:54:45,117 httpx INFO HTTP Request: POST http://localhost:8000/api/v1/eventos/ingest "HTTP/1.1 201 Created"
2026-08-19 22:54:45,118 vision INFO frame=960 detectados=11 enviado=True
2026-08-19 22:54:45,560 httpx INFO HTTP Request: POST http://localhost:8000/api/v1/eventos/ingest "HTTP/1.1 201 Created"
2026-08-19 22:54:45,561 vision INFO frame=990 detectados=7 enviado=True
2026-08-19 22:54:46,011 httpx INFO HTTP Request: POST http://localhost:8000/api/v1/eventos/ingest "HTTP/1.1 201 Created"
2026-08-19 22:54:46,012 vision INFO frame=1020 detectados=7 enviado=True
2026-08-19 22:54:46,465 httpx INFO HTTP Request: POST http://localhost:8000/api/v1/eventos/ingest "HTTP/1.1 201 Created"
2026-08-19 22:54:46,466 vision INFO frame=1050 detectados=9 enviado=True
2026-08-19 22:54:46,932 httpx INFO HTTP Request: POST http://localhost:8000/api/v1/eventos/ingest "HTTP/1.1 201 Created"
2026-08-19 22:54:46,933 vision INFO frame=1080 detectados=12 enviado=True
2026-08-19 22:54:47,386 httpx INFO HTTP Request: POST http://localhost:8000/api/v1/eventos/ingest "HTTP/1.1 201 Created"
2026-08-19 22:54:47,387 vision INFO frame=1110 detectados=8 enviado=True
2026-08-19 22:54:47,852 httpx INFO HTTP Request: POST http://localhost:8000/api/v1/eventos/ingest "HTTP/1.1 201 Created"
2026-08-19 22:54:47,852 vision INFO frame=1140 detectados=6 enviado=True
2026-08-19 22:54:48,316 httpx INFO HTTP Request: POST http://localhost:8000/api/v1/eventos/ingest "HTTP/1.1 201 Created"
2026-08-19 22:54:48,317 vision INFO frame=1170 detectados=4 enviado=True
2026-08-19 22:54:48,361 vision INFO Bucle finalizado, reiniciando la fuente…
2026-08-19 22:54:49,946 httpx INFO HTTP Request: POST http://localhost:8000/api/v1/eventos/ingest "HTTP/1.1 201 Created"
2026-08-19 22:54:49,947 vision INFO frame=30 detectados=10 enviado=True
2026-08-19 22:54:50,523 httpx INFO HTTP Request: POST http://localhost:8000/api/v1/eventos/ingest "HTTP/1.1 201 Created"
2026-08-19 22:54:50,524 vision INFO frame=60 detectados=6 enviado=True
2026-08-19 22:54:51,110 httpx INFO HTTP Request: POST http://localhost:8000/api/v1/eventos/ingest "HTTP/1.1 201 Created"
2026-08-19 22:54:51,112 vision INFO frame=90 detectados=8 enviado=True
2026-08-19 22:54:51,559 httpx INFO HTTP Request: POST http://localhost:8000/api/v1/eventos/ingest "HTTP/1.1 201 Created"
2026-08-19 22:54:51,560 vision INFO frame=120 detectados=10 enviado=True
2026-08-19 22:54:52,002 httpx INFO HTTP Request: POST http://localhost:8000/api/v1/eventos/ingest "HTTP/1.1 201 Created"
2026-08-19 22:54:52,003 vision INFO frame=150 detectados=7 enviado=True
2026-08-19 22:54:52,445 httpx INFO HTTP Request: POST http://localhost:8000/api/v1/eventos/ingest "HTTP/1.1 201 Created"
2026-08-19 22:54:52,447 vision INFO frame=180 detectados=9 enviado=True
2026-08-19 22:54:52,929 httpx INFO HTTP Request: POST http://localhost:8000/api/v1/eventos/ingest "HTTP/1.1 201 Created"
2026-08-19 22:54:52,930 vision INFO frame=210 detectados=10 enviado=True
2026-08-19 22:54:53,395 httpx INFO HTTP Request: POST http://localhost:8000/api/v1/eventos/ingest "HTTP/1.1 201 Created"
2026-08-19 22:54:53,397 vision INFO frame=240 detectados=8 enviado=True
2026-08-19 22:54:53,859 httpx INFO HTTP Request: POST http://localhost:8000/api/v1/eventos/ingest "HTTP/1.1 201 Created"
2026-08-19 22:54:53,860 vision INFO frame=270 detectados=9 enviado=True
2026-08-19 22:54:54,331 httpx INFO HTTP Request: POST http://localhost:8000/api/v1/eventos/ingest "HTTP/1.1 201 Created"
2026-08-19 22:54:54,332 vision INFO frame=300 detectados=10 enviado=True
2026-08-19 22:54:54,807 httpx INFO HTTP Request: POST http://localhost:8000/api/v1/eventos/ingest "HTTP/1.1 201 Created"
2026-08-19 22:54:54,808 vision INFO frame=330 detectados=8 enviado=True
2026-08-19 22:54:55,274 httpx INFO HTTP Request: POST http://localhost:8000/api/v1/eventos/ingest "HTTP/1.1 201 Created"
2026-08-19 22:54:55,275 vision INFO frame=360 detectados=9 enviado=True
2026-08-19 22:54:55,759 httpx INFO HTTP Request: POST http://localhost:8000/api/v1/eventos/ingest "HTTP/1.1 201 Created"
2026-08-19 22:54:55,760 vision INFO frame=390 detectados=10 enviado=True
2026-08-19 22:54:56,251 httpx INFO HTTP Request: POST http://localhost:8000/api/v1/eventos/ingest "HTTP/1.1 201 Created"
2026-08-19 22:54:56,252 vision INFO frame=420 detectados=11 enviado=True
2026-08-19 22:54:56,782 httpx INFO HTTP Request: POST http://localhost:8000/api/v1/eventos/ingest "HTTP/1.1 201 Created"
2026-08-19 22:54:56,783 vision INFO frame=450 detectados=11 enviado=True
2026-08-19 22:54:57,257 httpx INFO HTTP Request: POST http://localhost:8000/api/v1/eventos/ingest "HTTP/1.1 201 Created"
2026-08-19 22:54:57,259 vision INFO frame=480 detectados=14 enviado=True
2026-08-19 22:54:57,804 httpx INFO HTTP Request: POST http://localhost:8000/api/v1/eventos/ingest "HTTP/1.1 201 Created"
2026-08-19 22:54:57,806 vision INFO frame=510 detectados=14 enviado=True
2026-08-19 22:55:02,740 httpx INFO HTTP Request: POST http://localhost:8000/api/v1/eventos/ingest "HTTP/1.1 201 Created"
2026-08-19 22:55:02,742 vision INFO frame=540 detectados=13 enviado=True
2026-08-19 22:55:03,359 httpx INFO HTTP Request: POST http://localhost:8000/api/v1/eventos/ingest "HTTP/1.1 201 Created"
2026-08-19 22:55:03,360 vision INFO frame=570 detectados=11 enviado=True
2026-08-19 22:55:03,926 httpx INFO HTTP Request: POST http://localhost:8000/api/v1/eventos/ingest "HTTP/1.1 201 Created"
2026-08-19 22:55:03,927 vision INFO frame=600 detectados=15 enviado=True
2026-08-19 22:55:04,550 httpx INFO HTTP Request: POST http://localhost:8000/api/v1/eventos/ingest "HTTP/1.1 201 Created"
2026-08-19 22:55:04,551 vision INFO frame=630 detectados=12 enviado=True
2026-08-19 22:55:05,076 httpx INFO HTTP Request: POST http://localhost:8000/api/v1/eventos/ingest "HTTP/1.1 201 Created"
2026-08-19 22:55:05,077 vision INFO frame=660 detectados=10 enviado=True
2026-08-19 22:55:05,535 httpx INFO HTTP Request: POST http://localhost:8000/api/v1/eventos/ingest "HTTP/1.1 201 Created"
2026-08-19 22:55:05,536 vision INFO frame=690 detectados=9 enviado=True
2026-08-19 22:55:05,996 httpx INFO HTTP Request: POST http://localhost:8000/api/v1/eventos/ingest "HTTP/1.1 201 Created"
2026-08-19 22:55:05,997 vision INFO frame=720 detectados=10 enviado=True
2026-08-19 22:55:06,454 httpx INFO HTTP Request: POST http://localhost:8000/api/v1/eventos/ingest "HTTP/1.1 201 Created"
2026-08-19 22:55:06,455 vision INFO frame=750 detectados=11 enviado=True
2026-08-19 22:55:06,975 httpx INFO HTTP Request: POST http://localhost:8000/api/v1/eventos/ingest "HTTP/1.1 201 Created"
2026-08-19 22:55:06,975 vision INFO frame=780 detectados=10 enviado=True
2026-08-19 22:55:07,552 httpx INFO HTTP Request: POST http://localhost:8000/api/v1/eventos/ingest "HTTP/1.1 201 Created"
2026-08-19 22:55:07,553 vision INFO frame=810 detectados=16 enviado=True
2026-08-19 22:55:08,021 httpx INFO HTTP Request: POST http://localhost:8000/api/v1/eventos/ingest "HTTP/1.1 201 Created"
2026-08-19 22:55:08,022 vision INFO frame=840 detectados=12 enviado=True
2026-08-19 22:55:08,482 httpx INFO HTTP Request: POST http://localhost:8000/api/v1/eventos/ingest "HTTP/1.1 201 Created"
2026-08-19 22:55:08,483 vision INFO frame=870 detectados=5 enviado=True
2026-08-19 22:55:08,943 httpx INFO HTTP Request: POST http://localhost:8000/api/v1/eventos/ingest "HTTP/1.1 201 Created"
2026-08-19 22:55:08,944 vision INFO frame=900 detectados=10 enviado=True
2026-08-19 22:55:09,410 httpx INFO HTTP Request: POST http://localhost:8000/api/v1/eventos/ingest "HTTP/1.1 201 Created"
2026-08-19 22:55:09,411 vision INFO frame=930 detectados=14 enviado=True
2026-08-19 22:55:09,867 httpx INFO HTTP Request: POST http://localhost:8000/api/v1/eventos/ingest "HTTP/1.1 201 Created"
2026-08-19 22:55:09,868 vision INFO frame=960 detectados=11 enviado=True
2026-08-19 22:55:10,327 httpx INFO HTTP Request: POST http://localhost:8000/api/v1/eventos/ingest "HTTP/1.1 201 Created"
2026-08-19 22:55:10,328 vision INFO frame=990 detectados=7 enviado=True
2026-08-19 22:55:10,794 httpx INFO HTTP Request: POST http://localhost:8000/api/v1/eventos/ingest "HTTP/1.1 201 Created"
2026-08-19 22:55:10,795 vision INFO frame=1020 detectados=7 enviado=True
2026-08-19 22:55:11,263 httpx INFO HTTP Request: POST http://localhost:8000/api/v1/eventos/ingest "HTTP/1.1 201 Created"
2026-08-19 22:55:11,264 vision INFO frame=1050 detectados=9 enviado=True
2026-08-19 22:55:11,731 httpx INFO HTTP Request: POST http://localhost:8000/api/v1/eventos/ingest "HTTP/1.1 201 Created"
2026-08-19 22:55:11,732 vision INFO frame=1080 detectados=12 enviado=True
2026-08-19 22:55:12,250 httpx INFO HTTP Request: POST http://localhost:8000/api/v1/eventos/ingest "HTTP/1.1 201 Created"
2026-08-19 22:55:12,252 vision INFO frame=1110 detectados=8 enviado=True
2026-08-19 22:55:12,773 httpx INFO HTTP Request: POST http://localhost:8000/api/v1/eventos/ingest "HTTP/1.1 201 Created"
2026-08-19 22:55:12,774 vision INFO frame=1140 detectados=6 enviado=True
2026-08-19 22:55:13,295 httpx INFO HTTP Request: POST http://localhost:8000/api/v1/eventos/ingest "HTTP/1.1 201 Created"
2026-08-19 22:55:13,296 vision INFO frame=1170 detectados=4 enviado=True
2026-08-19 22:55:13,343 vision INFO Bucle finalizado, reiniciando la fuente…
2026-08-19 22:55:14,824 httpx INFO HTTP Request: POST http://localhost:8000/api/v1/eventos/ingest "HTTP/1.1 201 Created"
2026-08-19 22:55:14,825 vision INFO frame=30 detectados=10 enviado=True
2026-08-19 22:55:15,281 httpx INFO HTTP Request: POST http://localhost:8000/api/v1/eventos/ingest "HTTP/1.1 201 Created"
2026-08-19 22:55:15,282 vision INFO frame=60 detectados=6 enviado=True
2026-08-19 22:55:15,773 httpx INFO HTTP Request: POST http://localhost:8000/api/v1/eventos/ingest "HTTP/1.1 201 Created"
2026-08-19 22:55:15,774 vision INFO frame=90 detectados=8 enviado=True
2026-08-19 22:55:16,236 httpx INFO HTTP Request: POST http://localhost:8000/api/v1/eventos/ingest "HTTP/1.1 201 Created"
2026-08-19 22:55:16,237 vision INFO frame=120 detectados=10 enviado=True
2026-08-19 22:55:16,689 httpx INFO HTTP Request: POST http://localhost:8000/api/v1/eventos/ingest "HTTP/1.1 201 Created"
2026-08-19 22:55:16,690 vision INFO frame=150 detectados=7 enviado=True
2026-08-19 22:55:17,152 httpx INFO HTTP Request: POST http://localhost:8000/api/v1/eventos/ingest "HTTP/1.1 201 Created"
2026-08-19 22:55:17,153 vision INFO frame=180 detectados=9 enviado=True
2026-08-19 22:55:17,603 httpx INFO HTTP Request: POST http://localhost:8000/api/v1/eventos/ingest "HTTP/1.1 201 Created"
2026-08-19 22:55:17,604 vision INFO frame=210 detectados=10 enviado=True
2026-08-19 22:55:18,060 httpx INFO HTTP Request: POST http://localhost:8000/api/v1/eventos/ingest "HTTP/1.1 201 Created"
2026-08-19 22:55:18,061 vision INFO frame=240 detectados=8 enviado=True
2026-08-19 22:55:18,515 httpx INFO HTTP Request: POST http://localhost:8000/api/v1/eventos/ingest "HTTP/1.1 201 Created"
2026-08-19 22:55:18,516 vision INFO frame=270 detectados=9 enviado=True
2026-08-19 22:55:18,962 httpx INFO HTTP Request: POST http://localhost:8000/api/v1/eventos/ingest "HTTP/1.1 201 Created"
2026-08-19 22:55:18,963 vision INFO frame=300 detectados=10 enviado=True
2026-08-19 22:55:19,428 httpx INFO HTTP Request: POST http://localhost:8000/api/v1/eventos/ingest "HTTP/1.1 201 Created"
2026-08-19 22:55:19,429 vision INFO frame=330 detectados=8 enviado=True
2026-08-19 22:55:19,885 httpx INFO HTTP Request: POST http://localhost:8000/api/v1/eventos/ingest "HTTP/1.1 201 Created"
2026-08-19 22:55:19,886 vision INFO frame=360 detectados=9 enviado=True
2026-08-19 22:55:20,339 httpx INFO HTTP Request: POST http://localhost:8000/api/v1/eventos/ingest "HTTP/1.1 201 Created"
2026-08-19 22:55:20,341 vision INFO frame=390 detectados=10 enviado=True
2026-08-19 22:55:20,807 httpx INFO HTTP Request: POST http://localhost:8000/api/v1/eventos/ingest "HTTP/1.1 201 Created"
2026-08-19 22:55:20,808 vision INFO frame=420 detectados=11 enviado=True
2026-08-19 22:55:21,265 httpx INFO HTTP Request: POST http://localhost:8000/api/v1/eventos/ingest "HTTP/1.1 201 Created"
2026-08-19 22:55:21,265 vision INFO frame=450 detectados=11 enviado=True
